Ian Mahinmi has lower field goal than Emmanuel Mudiay </s> player_name is Ian Mahinmi ; field goal made is 4.0 ; 3 point field goal percentage is 0.0. </s> player_name is Emmanuel Mudiay ; field goal made is 10.0 ; 3 point field goal percentage is 60.0.	uniform_true
Isaiah Thomas has lower percentage than Avery Bradley </s> player_name is Isaiah Thomas ; 3 point field goal percentage is 25.0 ; free throws percentage is 71.0. </s> player_name is Avery Bradley ; 3 point field goal percentage is 43.0 ; free throws percentage is 100.0.	uniform_true
Marcus Morris has the same field goal as Trevor Ariza </s> player_name is Marcus Morris ; 3 point field goal percentage is 0.0 ; field goals percentage is 33.0. </s> player_name is Trevor Ariza ; 3 point field goal percentage is 0.0 ; field goals percentage is 33.0.	uniform_true
Tony Parker has lower field goal than Al Jefferson </s> player_name is Tony Parker ; field goal made is 3.0 ; field goals percentage is 43.0. </s> player_name is Al Jefferson ; field goal made is 6.0 ; field goals percentage is 55.0.	uniform_true
Klay Thompson has the same throw as Wesley Matthews </s> player_name is Klay Thompson ; free throws attempted is 0.0 ; free throws percentage is 0.0. </s> player_name is Wesley Matthews ; free throws attempted is 0.0 ; free throws percentage is 0.0.	uniform_true
Tyson Chandler has lower game sheet than Jae Crowder </s> player_name is Tyson Chandler ; assists is 0.0 ; steals is 2.0. </s> player_name is Jae Crowder ; assists is 2.0 ; steals is 5.0.	uniform_true
Ian Mahinmi has the same field goal as Tristan Thompson </s> player_name is Ian Mahinmi ; 3 point field goal made is 0.0 ; field goal made is 4.0. </s> player_name is Tristan Thompson ; 3 point field goal made is 0.0 ; field goal made is 4.0.	uniform_true
Randy Foye has lower rebound than Jrue Holiday </s> player_name is Randy Foye ; rebounds is 5.0 ; assists is 1.0. </s> player_name is Jrue Holiday ; rebounds is 6.0 ; assists is 12.0.	uniform_true
Dwight Howard has lower game sheet than Giannis Antetokounmpo </s> player_name is Dwight Howard ; assists is 3.0 ; steals is 0.0. </s> player_name is Giannis Antetokounmpo ; assists is 6.0 ; steals is 2.0.	uniform_true
Trevor Ariza has the same percentage as Nikola Vucevic </s> player_name is Trevor Ariza ; 3 point field goal percentage is 0.0 ; field goals percentage is 33.0. </s> player_name is Nikola Vucevic ; 3 point field goal percentage is 0.0 ; field goals percentage is 33.0.	uniform_true
Dennis Schroder has lower city than JaKarr Sampson </s> player_name is Dennis Schroder ; blocks is 0.0 ; town is Atlanta. </s> player_name is JaKarr Sampson ; blocks is 2.0 ; town is Denver.	uniform_true
DeMar DeRozan has higher attempt than Rodney McGruder </s> player_name is DeMar DeRozan ; field goal attempts is 16.0 ; free throws attempted is 7.0. </s> player_name is Rodney McGruder ; field goal attempts is 5.0 ; free throws attempted is 2.0.	uniform_true
Andrew Wiggins has lower city than Marcin Gortat </s> player_name is Andrew Wiggins ; blocks is 0.0 ; town is Minneapolis. </s> player_name is Marcin Gortat ; blocks is 2.0 ; town is Washington.	uniform_true
Markieff Morris has the same attempt as Kemba Walker </s> player_name is Markieff Morris ; field goal attempts is 16.0 ; free throws attempted is 3.0. </s> player_name is Kemba Walker ; field goal attempts is 16.0 ; free throws attempted is 3.0.	uniform_true
Klay Thompson has higher field goal than DeMar DeRozan </s> player_name is Klay Thompson ; 3 point field goal percentage is 33.0 ; field goals percentage is 62.0. </s> player_name is DeMar DeRozan ; 3 point field goal percentage is 0.0 ; field goals percentage is 31.0.	uniform_true
Markieff Morris has the same field goal as LeBron James </s> player_name is Markieff Morris ; field goal made is 6.0 ; 3 point field goal attempted is 2.0. </s> player_name is LeBron James ; field goal made is 6.0 ; 3 point field goal attempted is 2.0.	uniform_true
Richard Jefferson has the same city as Kyrie Irving </s> player_name is Richard Jefferson ; blocks is 0.0 ; town is Cleveland. </s> player_name is Kyrie Irving ; blocks is 0.0 ; town is Cleveland.	uniform_true
Jonas Valanciunas has the same point as Tarik Black </s> player_name is Jonas Valanciunas ; 3 point field goal attempted is 0.0 ; 3 point field goal percentage is 0.0. </s> player_name is Tarik Black ; 3 point field goal attempted is 0.0 ; 3 point field goal percentage is 0.0.	uniform_true
Seth Curry has higher field goal than Nicolas Batum </s> player_name is Seth Curry ; field goal made is 4.0 ; 3 point field goal attempted is 6.0. </s> player_name is Nicolas Batum ; field goal made is 2.0 ; 3 point field goal attempted is 2.0.	uniform_true
Dirk Nowitzki has lower rebound than Russell Westbrook </s> player_name is Dirk Nowitzki ; defensive rebounds is 5.0 ; offensive rebounds is 0.0. </s> player_name is Russell Westbrook ; defensive rebounds is 9.0 ; offensive rebounds is 2.0.	uniform_true
Mason Plumlee has the same throw as Cody Zeller </s> player_name is Mason Plumlee ; free throws attempted is 0.0 ; free throws made is 0.0. </s> player_name is Cody Zeller ; free throws attempted is 0.0 ; free throws made is 0.0.	uniform_true
Goran Dragic has the same point as Kevin Love </s> player_name is Goran Dragic ; 3 point field goal attempted is 2.0 ; 3 point field goal percentage is 50.0. </s> player_name is Kevin Love ; 3 point field goal attempted is 2.0 ; 3 point field goal percentage is 50.0.	uniform_true
CJ McCollum has the same throw as Solomon Hill </s> player_name is CJ McCollum ; free throws attempted is 2.0 ; free throws made is 2.0. </s> player_name is Solomon Hill ; free throws attempted is 2.0 ; free throws made is 2.0.	uniform_true
Nick Young has the same game sheet as Luke Babbitt </s> player_name is Nick Young ; assists is 3.0 ; steals is 2.0. </s> player_name is Luke Babbitt ; assists is 3.0 ; steals is 2.0.	uniform_true
Thaddeus Young has lower rebound than Dwight Howard </s> player_name is Thaddeus Young ; defensive rebounds is 2.0 ; rebounds is 5.0. </s> player_name is Dwight Howard ; defensive rebounds is 4.0 ; rebounds is 6.0.	uniform_true
Al Jefferson has lower field goal than Marvin Williams </s> player_name is Al Jefferson ; 3 point field goal percentage is 0.0 ; field goals percentage is 55.0. </s> player_name is Marvin Williams ; 3 point field goal percentage is 50.0 ; field goals percentage is 57.0.	uniform_true
Marcus Morris has lower field goal than Danny Green </s> player_name is Marcus Morris ; 3 point field goal percentage is 0.0 ; field goals percentage is 33.0. </s> player_name is Danny Green ; 3 point field goal percentage is 75.0 ; field goals percentage is 75.0.	uniform_true
Victor Oladipo has lower rebound than Hollis Thompson </s> player_name is Victor Oladipo ; rebounds is 5.0 ; assists is 2.0. </s> player_name is Hollis Thompson ; rebounds is 7.0 ; assists is 4.0.	uniform_true
Kevin Love has the same city as Iman Shumpert </s> player_name is Kevin Love ; team_city is Cleveland ; town is Cleveland. </s> player_name is Iman Shumpert ; team_city is Cleveland ; town is Cleveland.	uniform_true
Marc Gasol has the same rebound as Danny Green </s> player_name is Marc Gasol ; defensive rebounds is 7.0 ; offensive rebounds is 0.0. </s> player_name is Danny Green ; defensive rebounds is 7.0 ; offensive rebounds is 0.0.	uniform_true
Wesley Matthews has higher percentage than Thon Maker </s> player_name is Wesley Matthews ; 3 point field goal percentage is 43.0 ; field goals percentage is 54.0. </s> player_name is Thon Maker ; 3 point field goal percentage is 25.0 ; field goals percentage is 50.0.	uniform_true
Nick Young has the same rebound as DeMarre Carroll </s> player_name is Nick Young ; defensive rebounds is 2.0 ; rebounds is 3.0. </s> player_name is DeMarre Carroll ; defensive rebounds is 2.0 ; rebounds is 3.0.	uniform_true
James Ennis III has lower rebound than Jimmy Butler </s> player_name is James Ennis III ; rebounds is 3.0 ; blocks is 0.0. </s> player_name is Jimmy Butler ; rebounds is 5.0 ; blocks is 2.0.	uniform_true
Rodney Stuckey has lower field goal than Isaiah Thomas </s> player_name is Rodney Stuckey ; 3 point field goal percentage is 50.0 ; field goals percentage is 40.0. </s> player_name is Isaiah Thomas ; 3 point field goal percentage is 57.0 ; field goals percentage is 44.0.	uniform_true
Marcus Smart has lower throw than Stephen Curry </s> player_name is Marcus Smart ; free throws attempted is 2.0 ; free throws percentage is 50.0. </s> player_name is Stephen Curry ; free throws attempted is 5.0 ; free throws percentage is 100.0.	uniform_true
Victor Oladipo has higher field goal than Tarik Black </s> player_name is Victor Oladipo ; 3 point field goal made is 3.0 ; field goal made is 6.0. </s> player_name is Tarik Black ; 3 point field goal made is 0.0 ; field goal made is 3.0.	uniform_true
Kyrie Irving has lower percentage than Paul George </s> player_name is Kyrie Irving ; 3 point field goal percentage is 0.0 ; field goals percentage is 33.0. </s> player_name is Paul George ; 3 point field goal percentage is 43.0 ; field goals percentage is 53.0.	uniform_true
Hassan Whiteside has the same percentage as Ian Mahinmi </s> player_name is Hassan Whiteside ; 3 point field goal percentage is 0.0 ; field goals percentage is 50.0. </s> player_name is Ian Mahinmi ; 3 point field goal percentage is 0.0 ; field goals percentage is 50.0.	uniform_true
Joel Freeland has higher throw than Channing Frye </s> player_name is Joel Freeland ; free throws attempted is 2.0 ; free throws percentage is 100.0. </s> player_name is Channing Frye ; free throws attempted is 0.0 ; free throws percentage is 0.0.	uniform_true
Steven Adams has lower game sheet than Isaiah Thomas </s> player_name is Steven Adams ; assists is 2.0 ; steals is 1.0. </s> player_name is Isaiah Thomas ; assists is 10.0 ; steals is 3.0.	uniform_true
Marcus Thornton has lower percentage than DeMarcus Cousins </s> player_name is Marcus Thornton ; 3 point field goal percentage is 29.0 ; free throws percentage is 0.0. </s> player_name is DeMarcus Cousins ; 3 point field goal percentage is 56.0 ; free throws percentage is 60.0.	uniform_true
Al Horford has the same percentage as Justise Winslow </s> player_name is Al Horford ; 3 point field goal percentage is 0.0 ; free throws percentage is 100.0. </s> player_name is Justise Winslow ; 3 point field goal percentage is 0.0 ; free throws percentage is 100.0.	uniform_true
Dirk Nowitzki has the same rebound as Tobias Harris </s> player_name is Dirk Nowitzki ; rebounds is 5.0 ; assists is 1.0. </s> player_name is Tobias Harris ; rebounds is 5.0 ; assists is 1.0.	uniform_true
Marvin Williams has the same rebound as CJ McCollum </s> player_name is Marvin Williams ; offensive rebounds is 0.0 ; rebounds is 2.0. </s> player_name is CJ McCollum ; offensive rebounds is 0.0 ; rebounds is 2.0.	uniform_true
Patrick Beverley has lower percentage than Paul George </s> player_name is Patrick Beverley ; 3 point field goal percentage is 29.0 ; free throws percentage is 0.0. </s> player_name is Paul George ; 3 point field goal percentage is 43.0 ; free throws percentage is 100.0.	uniform_true
Jared Sullinger has higher rebound than Seth Curry </s> player_name is Jared Sullinger ; offensive rebounds is 3.0 ; rebounds is 11.0. </s> player_name is Seth Curry ; offensive rebounds is 0.0 ; rebounds is 0.0.	uniform_true
Nikola Vucevic has lower percentage than Kyle Lowry </s> player_name is Nikola Vucevic ; 3 point field goal percentage is 0.0 ; free throws percentage is 0.0. </s> player_name is Kyle Lowry ; 3 point field goal percentage is 29.0 ; free throws percentage is 100.0.	uniform_true
Andrew Bogut has the same point as Timofey Mozgov </s> player_name is Andrew Bogut ; 3 point field goal made is 0.0 ; 3 point field goal percentage is 0.0. </s> player_name is Timofey Mozgov ; 3 point field goal made is 0.0 ; 3 point field goal percentage is 0.0.	uniform_true
Kawhi Leonard has lower percentage than Zach Randolph </s> player_name is Kawhi Leonard ; 3 point field goal percentage is 25.0 ; field goals percentage is 44.0. </s> player_name is Zach Randolph ; 3 point field goal percentage is 100.0 ; field goals percentage is 73.0.	uniform_true
Thaddeus Young has the same throw as Rodney Stuckey </s> player_name is Thaddeus Young ; free throws made is 0.0 ; free throws percentage is 0.0. </s> player_name is Rodney Stuckey ; free throws made is 0.0 ; free throws percentage is 0.0.	uniform_true
Cody Zeller has the same field goal as Julius Randle </s> player_name is Cody Zeller ; field goal made is 4.0 ; 3 point field goal attempted is 0.0. </s> player_name is Julius Randle ; field goal made is 4.0 ; 3 point field goal attempted is 0.0.	uniform_true
Kevin Durant has higher percentage than Elfrid Payton </s> player_name is Kevin Durant ; 3 point field goal percentage is 75.0 ; free throws percentage is 100.0. </s> player_name is Elfrid Payton ; 3 point field goal percentage is 0.0 ; free throws percentage is 0.0.	uniform_true
Kenneth Faried has the same field goal as Zaza Pachulia </s> player_name is Kenneth Faried ; field goal made is 6.0 ; 3 point field goal attempted is 0.0. </s> player_name is Zaza Pachulia ; field goal made is 6.0 ; 3 point field goal attempted is 0.0.	uniform_true
Thaddeus Young has higher rebound than Arron Afflalo </s> player_name is Thaddeus Young ; rebounds is 5.0 ; blocks is 1.0. </s> player_name is Arron Afflalo ; rebounds is 4.0 ; blocks is 0.0.	uniform_true
Noah Vonleh has the same made as Thabo Sefolosha </s> player_name is Noah Vonleh ; field goal made is 2.0 ; free throws made is 0.0. </s> player_name is Thabo Sefolosha ; field goal made is 2.0 ; free throws made is 0.0.	uniform_true
Aaron Gordon has lower made than Paul Millsap </s> player_name is Aaron Gordon ; field goal made is 3.0 ; free throws made is 0.0. </s> player_name is Paul Millsap ; field goal made is 4.0 ; free throws made is 1.0.	uniform_true
Zaza Pachulia has lower field goal than Kemba Walker </s> player_name is Zaza Pachulia ; 3 point field goal percentage is 0.0 ; field goals percentage is 25.0. </s> player_name is Kemba Walker ; 3 point field goal percentage is 100.0 ; field goals percentage is 73.0.	uniform_true
Andre Roberson has lower made than LaMarcus Aldridge </s> player_name is Andre Roberson ; field goal made is 0.0 ; free throws made is 1.0. </s> player_name is LaMarcus Aldridge ; field goal made is 14.0 ; free throws made is 2.0.	uniform_true
Dennis Schroder has higher made than Rajon Rondo </s> player_name is Dennis Schroder ; field goal made is 10.0 ; free throws made is 5.0. </s> player_name is Rajon Rondo ; field goal made is 6.0 ; free throws made is 1.0.	uniform_true
Avery Bradley has higher point than Garrett Temple </s> player_name is Avery Bradley ; 3 point field goal made is 1.0 ; 3 point field goal percentage is 14.0. </s> player_name is Garrett Temple ; 3 point field goal made is 0.0 ; 3 point field goal percentage is 0.0.	uniform_true
Marcus Thornton has higher field goal than Jeff Green </s> player_name is Marcus Thornton ; field goal made is 7.0 ; field goals percentage is 47.0. </s> player_name is Jeff Green ; field goal made is 4.0 ; field goals percentage is 44.0.	uniform_true
LaMarcus Aldridge has lower field goal than Donald Sloan </s> player_name is LaMarcus Aldridge ; field goal made is 4.0 ; field goals percentage is 33.0. </s> player_name is Donald Sloan ; field goal made is 5.0 ; field goals percentage is 46.0.	uniform_true
Jose Calderon has the same rebound as Avery Bradley </s> player_name is Jose Calderon ; offensive rebounds is 0.0 ; rebounds is 5.0. </s> player_name is Avery Bradley ; offensive rebounds is 0.0 ; rebounds is 5.0.	uniform_true
Tristan Thompson has the same field goal as Tyler Zeller </s> player_name is Tristan Thompson ; field goal made is 4.0 ; 3 point field goal attempted is 0.0. </s> player_name is Tyler Zeller ; field goal made is 4.0 ; 3 point field goal attempted is 0.0.	uniform_true
Jameer Nelson has higher percentage than DeMarcus Cousins </s> player_name is Jameer Nelson ; 3 point field goal percentage is 33.0 ; free throws percentage is 88.0. </s> player_name is DeMarcus Cousins ; 3 point field goal percentage is 17.0 ; free throws percentage is 82.0.	uniform_true
Terrence Jones has lower rebound than Zaza Pachulia </s> player_name is Terrence Jones ; offensive rebounds is 0.0 ; rebounds is 9.0. </s> player_name is Zaza Pachulia ; offensive rebounds is 4.0 ; rebounds is 12.0.	uniform_true
Norman Powell has the same field goal as Dwight Howard </s> player_name is Norman Powell ; field goal made is 5.0 ; 3 point field goal percentage is 0.0. </s> player_name is Dwight Howard ; field goal made is 5.0 ; 3 point field goal percentage is 0.0.	uniform_true
Matt Barnes has lower made than Buddy Hield </s> player_name is Matt Barnes ; field goal made is 5.0 ; free throws made is 0.0. </s> player_name is Buddy Hield ; field goal made is 7.0 ; free throws made is 4.0.	uniform_true
DeMarcus Cousins has lower throw than DeMar DeRozan </s> player_name is DeMarcus Cousins ; free throws made is 3.0 ; free throws percentage is 60.0. </s> player_name is DeMar DeRozan ; free throws made is 7.0 ; free throws percentage is 100.0.	uniform_true
Wesley Matthews has lower field goal than Paul Millsap </s> player_name is Wesley Matthews ; 3 point field goal percentage is 0.0 ; field goals percentage is 25.0. </s> player_name is Paul Millsap ; 3 point field goal percentage is 50.0 ; field goals percentage is 50.0.	uniform_true
Zach Randolph has higher rebound than Kent Bazemore </s> player_name is Zach Randolph ; defensive rebounds is 12.0 ; offensive rebounds is 2.0. </s> player_name is Kent Bazemore ; defensive rebounds is 0.0 ; offensive rebounds is 0.0.	uniform_true
Spencer Dinwiddie has the same made as Wesley Matthews </s> player_name is Spencer Dinwiddie ; field goal made is 1.0 ; free throws made is 0.0. </s> player_name is Wesley Matthews ; field goal made is 1.0 ; free throws made is 0.0.	uniform_true
JR Smith has the same rebound as Tobias Harris </s> player_name is JR Smith ; defensive rebounds is 1.0 ; rebounds is 2.0. </s> player_name is Tobias Harris ; defensive rebounds is 1.0 ; rebounds is 2.0.	uniform_true
Derrick Rose has higher field goal than Robin Lopez </s> player_name is Derrick Rose ; field goal made is 4.0 ; 3 point field goal percentage is 40.0. </s> player_name is Robin Lopez ; field goal made is 0.0 ; 3 point field goal percentage is 0.0.	uniform_true
Julius Randle has the same attempt as Timofey Mozgov </s> player_name is Julius Randle ; field goal attempts is 4.0 ; free throws attempted is 2.0. </s> player_name is Timofey Mozgov ; field goal attempts is 4.0 ; free throws attempted is 2.0.	uniform_true
Luis Scola has the same game sheet as Corey Brewer </s> player_name is Luis Scola ; assists is 1.0 ; steals is 1.0. </s> player_name is Corey Brewer ; assists is 1.0 ; steals is 1.0.	uniform_true
Luol Deng has lower point than Bradley Beal </s> player_name is Luol Deng ; 3 point field goal attempted is 5.0 ; 3 point field goal percentage is 40.0. </s> player_name is Bradley Beal ; 3 point field goal attempted is 6.0 ; 3 point field goal percentage is 50.0.	uniform_true
Kyle Korver has higher throw than D'Angelo Russell </s> player_name is Kyle Korver ; free throws attempted is 3.0 ; free throws made is 3.0. </s> player_name is D'Angelo Russell ; free throws attempted is 2.0 ; free throws made is 2.0.	uniform_true
Anthony Tolliver has the same game sheet as Montrezl Harrell </s> player_name is Anthony Tolliver ; assists is 2.0 ; steals is 2.0. </s> player_name is Montrezl Harrell ; assists is 2.0 ; steals is 2.0.	uniform_true
Luke Babbitt has lower made than Paul George </s> player_name is Luke Babbitt ; field goal made is 3.0 ; free throws made is 0.0. </s> player_name is Paul George ; field goal made is 9.0 ; free throws made is 1.0.	uniform_true
Bismack Biyombo has lower field goal than Donald Sloan </s> player_name is Bismack Biyombo ; field goal made is 0.0 ; 3 point field goal percentage is 0.0. </s> player_name is Donald Sloan ; field goal made is 5.0 ; 3 point field goal percentage is 40.0.	uniform_true
Rodney Stuckey has lower game sheet than Solomon Hill </s> player_name is Rodney Stuckey ; assists is 0.0 ; steals is 0.0. </s> player_name is Solomon Hill ; assists is 2.0 ; steals is 1.0.	uniform_true
Markieff Morris has higher point than James Ennis III </s> player_name is Markieff Morris ; 3 point field goal attempted is 4.0 ; 3 point field goal percentage is 25.0. </s> player_name is James Ennis III ; 3 point field goal attempted is 1.0 ; 3 point field goal percentage is 0.0.	uniform_true
Kemba Walker has the same made as Tim Duncan </s> player_name is Kemba Walker ; field goal made is 4.0 ; free throws made is 3.0. </s> player_name is Tim Duncan ; field goal made is 4.0 ; free throws made is 3.0.	uniform_true
Myles Turner has higher rebound than Tony Snell </s> player_name is Myles Turner ; offensive rebounds is 3.0 ; rebounds is 7.0. </s> player_name is Tony Snell ; offensive rebounds is 0.0 ; rebounds is 3.0.	uniform_true
Wesley Matthews has higher field goal than Nikola Vucevic </s> player_name is Wesley Matthews ; 3 point field goal percentage is 43.0 ; field goals percentage is 54.0. </s> player_name is Nikola Vucevic ; 3 point field goal percentage is 0.0 ; field goals percentage is 40.0.	uniform_true
Iman Shumpert has the same rebound as Josh Richardson </s> player_name is Iman Shumpert ; rebounds is 5.0 ; blocks is 0.0. </s> player_name is Josh Richardson ; rebounds is 5.0 ; blocks is 0.0.	uniform_true
Donald Sloan has the same field goal as Otto Porter Jr. </s> player_name is Donald Sloan ; field goal made is 3.0 ; 3 point field goal percentage is 0.0. </s> player_name is Otto Porter Jr. ; field goal made is 3.0 ; 3 point field goal percentage is 0.0.	uniform_true
Rodney McGruder has lower attempt than Jeff Teague </s> player_name is Rodney McGruder ; field goal attempts is 5.0 ; free throws attempted is 2.0. </s> player_name is Jeff Teague ; field goal attempts is 13.0 ; free throws attempted is 8.0.	uniform_true
Serge Ibaka has lower game sheet than Jimmy Butler </s> player_name is Serge Ibaka ; assists is 0.0 ; steals is 0.0. </s> player_name is Jimmy Butler ; assists is 12.0 ; steals is 5.0.	uniform_true
DeMarre Carroll has the same rebound as Harrison Barnes </s> player_name is DeMarre Carroll ; defensive rebounds is 3.0 ; rebounds is 3.0. </s> player_name is Harrison Barnes ; defensive rebounds is 3.0 ; rebounds is 3.0.	uniform_true
Bismack Biyombo has the same field goal as Andrew Bogut </s> player_name is Bismack Biyombo ; 3 point field goal percentage is 0.0 ; field goals percentage is 0.0. </s> player_name is Andrew Bogut ; 3 point field goal percentage is 0.0 ; field goals percentage is 0.0.	uniform_true
Kent Bazemore has higher field goal than Luol Deng </s> player_name is Kent Bazemore ; 3 point field goal made is 4.0 ; field goal made is 8.0. </s> player_name is Luol Deng ; 3 point field goal made is 1.0 ; field goal made is 4.0.	uniform_true
Ryan Anderson has the same city as James Harden </s> player_name is Ryan Anderson ; team_city is Houston ; town is Houston. </s> player_name is James Harden ; team_city is Houston ; town is Houston.	uniform_true
Wesley Matthews has the same point as Ricky Rubio </s> player_name is Wesley Matthews ; 3 point field goal attempted is 2.0 ; 3 point field goal percentage is 0.0. </s> player_name is Ricky Rubio ; 3 point field goal attempted is 2.0 ; 3 point field goal percentage is 0.0.	uniform_true
D'Angelo Russell has higher rebound than Marquese Chriss </s> player_name is D'Angelo Russell ; defensive rebounds is 5.0 ; offensive rebounds is 1.0. </s> player_name is Marquese Chriss ; defensive rebounds is 3.0 ; offensive rebounds is 0.0.	uniform_true
Tony Snell has lower rebound than Clint Capela </s> player_name is Tony Snell ; rebounds is 3.0 ; blocks is 0.0. </s> player_name is Clint Capela ; rebounds is 11.0 ; blocks is 1.0.	uniform_true
Darren Collison has lower rebound than Tristan Thompson </s> player_name is Darren Collison ; defensive rebounds is 3.0 ; rebounds is 3.0. </s> player_name is Tristan Thompson ; defensive rebounds is 6.0 ; rebounds is 12.0.	uniform_true
Kevin Love has higher field goal than Al Horford </s> player_name is Kevin Love ; field goal made is 7.0 ; 3 point field goal attempted is 4.0. </s> player_name is Al Horford ; field goal made is 6.0 ; 3 point field goal attempted is 0.0.	uniform_true
Gary Harris has lower city than Draymond Green </s> player_name is Gary Harris ; blocks is 0.0 ; town is Denver. </s> player_name is Draymond Green ; blocks is 1.0 ; town is San Francisco.	uniform_true
