Thaddeus Young has less than 5 rebounds </s> player_name is Thaddeus Young ; rebounds is 12.0 ; team is Nets. </s> player_name is Thaddeus Young ; rebounds is 5.0 ; team is Pacers.	contradicting
Nicolas Batum has G start_position </s> player_name is Nicolas Batum ; start_position is F ; team is Trail Blazers. </s> player_name is Nicolas Batum ; start_position is G ; team is Hornets.	contradicting
Russell Westbrook has less than 11 rebounds </s> player_name is Russell Westbrook ; rebounds is 17.0 ; team is Thunder. </s> player_name is Russell Westbrook ; rebounds is 11.0 ; team is Thunder.	contradicting
Russell Westbrook has more than 2 offensive rebounds </s> player_name is Russell Westbrook ; offensive rebounds is 0.0 ; team is Thunder. </s> player_name is Russell Westbrook ; offensive rebounds is 2.0 ; team is Thunder.	contradicting
Thaddeus Young has 40 minutes </s> player_name is Thaddeus Young ; minutes is 30.0 ; team is Pacers. </s> player_name is Thaddeus Young ; minutes is 40.0 ; team is Nets.	contradicting
Devin Booker has less than 0 3 point field goal made </s> player_name is Devin Booker ; 3 point field goal made is 1.0 ; team is Suns. </s> player_name is Devin Booker ; 3 point field goal made is 0.0 ; team is Suns.	contradicting
Marcin Gortat has 80 field goals percentage </s> player_name is Marcin Gortat ; field goals percentage is 22.0 ; team is Wizards. </s> player_name is Marcin Gortat ; field goals percentage is 80.0 ; team is Wizards.	contradicting
Dennis Schroder has less than 1 personal fouls </s> player_name is Dennis Schroder ; personal fouls is 2.0 ; team is Hawks. </s> player_name is Dennis Schroder ; personal fouls is 1.0 ; team is Hawks.	contradicting
Jeff Teague has more than 100 free throws percentage </s> player_name is Jeff Teague ; free throws percentage is 75.0 ; team is Hawks. </s> player_name is Jeff Teague ; free throws percentage is 100.0 ; team is Hawks.	contradicting
Dwight Howard has more than 83 field goals percentage </s> player_name is Dwight Howard ; field goals percentage is 80.0 ; team is Rockets. </s> player_name is Dwight Howard ; field goals percentage is 83.0 ; team is Hawks.	contradicting
Nick Young has more than 63 3 point field goal percentage </s> player_name is Nick Young ; 3 point field goal percentage is 20.0 ; team is Lakers. </s> player_name is Nick Young ; 3 point field goal percentage is 63.0 ; team is Lakers.	contradicting
Stephen Curry has more than 15 3 point field goal attempted </s> player_name is Stephen Curry ; 3 point field goal attempted is 9.0 ; team is Golden State Warriors. </s> player_name is Stephen Curry ; 3 point field goal attempted is 15.0 ; team is Golden State Warriors.	contradicting
Wesley Matthews has less than 0 steals </s> player_name is Wesley Matthews ; steals is 1.0 ; team is Mavericks. </s> player_name is Wesley Matthews ; steals is 0.0 ; team is Mavericks.	contradicting
Ty Lawson has 3 index </s> player_name is Ty Lawson ; index is 4 ; team is Kings. </s> player_name is Ty Lawson ; index is 3 ; team is Rockets.	contradicting
Jonas Valanciunas has less than 9 rebounds </s> player_name is Jonas Valanciunas ; rebounds is 13.0 ; team is Raptors. </s> player_name is Jonas Valanciunas ; rebounds is 9.0 ; team is Raptors.	contradicting
Draymond Green has less than 1 field goal made </s> player_name is Draymond Green ; field goal made is 8.0 ; team is Golden State Warriors. </s> player_name is Draymond Green ; field goal made is 1.0 ; team is Golden State Warriors.	contradicting
DeAndre Jordan has less than 13 points </s> player_name is DeAndre Jordan ; points is 20.0 ; team is Clippers. </s> player_name is DeAndre Jordan ; points is 13.0 ; team is Clippers.	contradicting
Dennis Schroder has less than 26 minutes </s> player_name is Dennis Schroder ; minutes is 30.0 ; team is Hawks. </s> player_name is Dennis Schroder ; minutes is 26.0 ; team is Hawks.	contradicting
Wesley Matthews has Trail Blazers team </s> player_name is Wesley Matthews ; team is Mavericks ; team is Mavericks. </s> player_name is Wesley Matthews ; team is Trail Blazers ; team is Trail Blazers.	contradicting
Russell Westbrook has more than 10 free throws made </s> player_name is Russell Westbrook ; free throws made is 1.0 ; team is Thunder. </s> player_name is Russell Westbrook ; free throws made is 10.0 ; team is Thunder.	contradicting
James Harden has 13 free throws made </s> player_name is James Harden ; free throws made is 5.0 ; team is Rockets. </s> player_name is James Harden ; free throws made is 13.0 ; team is Rockets.	contradicting
Dirk Nowitzki has 16 field goal attempts </s> player_name is Dirk Nowitzki ; field goal attempts is 13.0 ; team is Mavericks. </s> player_name is Dirk Nowitzki ; field goal attempts is 16.0 ; team is Mavericks.	contradicting
Jae Crowder has 2 3 point field goal made </s> player_name is Jae Crowder ; 3 point field goal made is 0.0 ; team is Celtics. </s> player_name is Jae Crowder ; 3 point field goal made is 2.0 ; team is Celtics.	contradicting
Giannis Antetokounmpo has less than 9 free throws made </s> player_name is Giannis Antetokounmpo ; free throws made is 18.0 ; team is Bucks. </s> player_name is Giannis Antetokounmpo ; free throws made is 9.0 ; team is Bucks.	contradicting
Wesley Matthews has less than 0 steals </s> player_name is Wesley Matthews ; steals is 1.0 ; team is Trail Blazers. </s> player_name is Wesley Matthews ; steals is 0.0 ; team is Mavericks.	contradicting
Tony Snell has 3 defensive rebounds </s> player_name is Tony Snell ; defensive rebounds is 2.0 ; team is Bucks. </s> player_name is Tony Snell ; defensive rebounds is 3.0 ; team is Bucks.	contradicting
CJ Miles has 0 steals </s> player_name is CJ Miles ; steals is 2.0 ; team is Pacers. </s> player_name is CJ Miles ; steals is 0.0 ; team is Pacers.	contradicting
Robert Covington has more than 1 steals </s> player_name is Robert Covington ; steals is 0.0 ; team is 76ers. </s> player_name is Robert Covington ; steals is 1.0 ; team is 76ers.	contradicting
DeAndre Jordan has less than 2 free throws made </s> player_name is DeAndre Jordan ; free throws made is 3.0 ; team is Clippers. </s> player_name is DeAndre Jordan ; free throws made is 2.0 ; team is Clippers.	contradicting
George Hill has 6 points </s> player_name is George Hill ; points is 7.0 ; team is Pacers. </s> player_name is George Hill ; points is 6.0 ; team is Pacers.	contradicting
Andre Roberson has 4 defensive rebounds </s> player_name is Andre Roberson ; defensive rebounds is 3.0 ; team is Thunder. </s> player_name is Andre Roberson ; defensive rebounds is 4.0 ; team is Thunder.	contradicting
Kemba Walker has more than 11 field goal made </s> player_name is Kemba Walker ; field goal made is 4.0 ; team is Hornets. </s> player_name is Kemba Walker ; field goal made is 11.0 ; team is Hornets.	contradicting
Giannis Antetokounmpo has 18 free throws made </s> player_name is Giannis Antetokounmpo ; free throws made is 9.0 ; team is Bucks. </s> player_name is Giannis Antetokounmpo ; free throws made is 18.0 ; team is Bucks.	contradicting
Dwight Howard has 3 free throws made </s> player_name is Dwight Howard ; free throws made is 1.0 ; team is Hawks. </s> player_name is Dwight Howard ; free throws made is 3.0 ; team is Hawks.	contradicting
Serge Ibaka has 1 index </s> player_name is Serge Ibaka ; index is 14 ; team is Magic. </s> player_name is Serge Ibaka ; index is 1 ; team is Raptors.	contradicting
Paul George has less than 22 points </s> player_name is Paul George ; points is 33.0 ; team is Pacers. </s> player_name is Paul George ; points is 22.0 ; team is Pacers.	contradicting
Andre Drummond has 12 field goal attempts </s> player_name is Andre Drummond ; field goal attempts is 10.0 ; team is Pistons. </s> player_name is Andre Drummond ; field goal attempts is 12.0 ; team is Pistons.	contradicting
James Harden has 40 minutes </s> player_name is James Harden ; minutes is 38.0 ; team is Rockets. </s> player_name is James Harden ; minutes is 40.0 ; team is Rockets.	contradicting
Serge Ibaka has more than 100 free throws percentage </s> player_name is Serge Ibaka ; free throws percentage is 0.0 ; team is Magic. </s> player_name is Serge Ibaka ; free throws percentage is 100.0 ; team is Raptors.	contradicting
Paul Millsap has 1 assists </s> player_name is Paul Millsap ; assists is 4.0 ; team is Hawks. </s> player_name is Paul Millsap ; assists is 1.0 ; team is Hawks.	contradicting
Deron Williams has 17 index </s> player_name is Deron Williams ; index is 16 ; team is Mavericks. </s> player_name is Deron Williams ; index is 17 ; team is Mavericks.	contradicting
Wesley Matthews has 5 3 point field goal attempted </s> player_name is Wesley Matthews ; 3 point field goal attempted is 3.0 ; team is Mavericks. </s> player_name is Wesley Matthews ; 3 point field goal attempted is 5.0 ; team is Mavericks.	contradicting
Paul Millsap has 1 steals </s> player_name is Paul Millsap ; steals is 0.0 ; team is Hawks. </s> player_name is Paul Millsap ; steals is 1.0 ; team is Hawks.	contradicting
Wesley Matthews has 0 free throws made </s> player_name is Wesley Matthews ; free throws made is 2.0 ; team is Mavericks. </s> player_name is Wesley Matthews ; free throws made is 0.0 ; team is Mavericks.	contradicting
Serge Ibaka has Magic team </s> player_name is Serge Ibaka ; team is Raptors ; team is Raptors. </s> player_name is Serge Ibaka ; team is Magic ; team is Magic.	contradicting
Dennis Schroder has more than 4 defensive rebounds </s> player_name is Dennis Schroder ; defensive rebounds is 3.0 ; team is Hawks. </s> player_name is Dennis Schroder ; defensive rebounds is 4.0 ; team is Hawks.	contradicting
Rajon Rondo has Sacramento town </s> player_name is Rajon Rondo ; town is Chicago ; team is Bulls. </s> player_name is Rajon Rondo ; town is Sacramento ; team is Kings.	contradicting
Kemba Walker has less than 4 3 point field goal attempted </s> player_name is Kemba Walker ; 3 point field goal attempted is 10.0 ; team is Hornets. </s> player_name is Kemba Walker ; 3 point field goal attempted is 4.0 ; team is Hornets.	contradicting
PJ Tucker has less than 6 defensive rebounds </s> player_name is PJ Tucker ; defensive rebounds is 8.0 ; team is Raptors. </s> player_name is PJ Tucker ; defensive rebounds is 6.0 ; team is Suns.	contradicting
Serge Ibaka has less than 0 assists </s> player_name is Serge Ibaka ; assists is 2.0 ; team is Thunder. </s> player_name is Serge Ibaka ; assists is 0.0 ; team is Magic.	contradicting
Thaddeus Young has more than 20 field goal attempts </s> player_name is Thaddeus Young ; field goal attempts is 2.0 ; team is Pacers. </s> player_name is Thaddeus Young ; field goal attempts is 20.0 ; team is Nets.	contradicting
Serge Ibaka has 0 offensive rebounds </s> player_name is Serge Ibaka ; offensive rebounds is 1.0 ; team is Thunder. </s> player_name is Serge Ibaka ; offensive rebounds is 0.0 ; team is Magic.	contradicting
Amir Johnson has 0 blocks </s> player_name is Amir Johnson ; blocks is 2.0 ; team is Celtics. </s> player_name is Amir Johnson ; blocks is 0.0 ; team is Celtics.	contradicting
Marvin Williams has 4 field goal made </s> player_name is Marvin Williams ; field goal made is 6.0 ; team is Hornets. </s> player_name is Marvin Williams ; field goal made is 4.0 ; team is Hornets.	contradicting
James Harden has more than 10 3 point field goal attempted </s> player_name is James Harden ; 3 point field goal attempted is 7.0 ; team is Rockets. </s> player_name is James Harden ; 3 point field goal attempted is 10.0 ; team is Rockets.	contradicting
Cory Joseph has less than 0 3 point field goal attempted </s> player_name is Cory Joseph ; 3 point field goal attempted is 1.0 ; team is Raptors. </s> player_name is Cory Joseph ; 3 point field goal attempted is 0.0 ; team is Raptors.	contradicting
Aaron Gordon has more than 2 3 point field goal made </s> player_name is Aaron Gordon ; 3 point field goal made is 1.0 ; team is Magic. </s> player_name is Aaron Gordon ; 3 point field goal made is 2.0 ; team is Magic.	contradicting
Jae Crowder has 1 personal fouls </s> player_name is Jae Crowder ; personal fouls is 3.0 ; team is Celtics. </s> player_name is Jae Crowder ; personal fouls is 1.0 ; team is Celtics.	contradicting
D'Angelo Russell has 4 rebounds </s> player_name is D'Angelo Russell ; rebounds is 5.0 ; team is Lakers. </s> player_name is D'Angelo Russell ; rebounds is 4.0 ; team is Lakers.	contradicting
Seth Curry has 3 assists </s> player_name is Seth Curry ; assists is 2.0 ; team is Mavericks. </s> player_name is Seth Curry ; assists is 3.0 ; team is Mavericks.	contradicting
Dirk Nowitzki has less than 1 blocks </s> player_name is Dirk Nowitzki ; blocks is 4.0 ; team is Mavericks. </s> player_name is Dirk Nowitzki ; blocks is 1.0 ; team is Mavericks.	contradicting
Dirk Nowitzki has more than 31 minutes </s> player_name is Dirk Nowitzki ; minutes is 20.0 ; team is Mavericks. </s> player_name is Dirk Nowitzki ; minutes is 31.0 ; team is Mavericks.	contradicting
Serge Ibaka has Toronto town </s> player_name is Serge Ibaka ; town is Orlando ; team is Magic. </s> player_name is Serge Ibaka ; town is Toronto ; team is Raptors.	contradicting
Bradley Beal has less than 4 3 point field goal attempted </s> player_name is Bradley Beal ; 3 point field goal attempted is 10.0 ; team is Wizards. </s> player_name is Bradley Beal ; 3 point field goal attempted is 4.0 ; team is Wizards.	contradicting
Tony Parker has more than 3 personal fouls </s> player_name is Tony Parker ; personal fouls is 1.0 ; team is Spurs. </s> player_name is Tony Parker ; personal fouls is 3.0 ; team is Spurs.	contradicting
Russell Westbrook has 15 points </s> player_name is Russell Westbrook ; points is 17.0 ; team is Thunder. </s> player_name is Russell Westbrook ; points is 15.0 ; team is Thunder.	contradicting
Marc Gasol has less than 5 field goal attempts </s> player_name is Marc Gasol ; field goal attempts is 17.0 ; team is Grizzles. </s> player_name is Marc Gasol ; field goal attempts is 5.0 ; team is Grizzles.	contradicting
Paul Millsap has 8 free throws made </s> player_name is Paul Millsap ; free throws made is 1.0 ; team is Hawks. </s> player_name is Paul Millsap ; free throws made is 8.0 ; team is Hawks.	contradicting
Tyson Chandler has less than 11 points </s> player_name is Tyson Chandler ; points is 15.0 ; team is Suns. </s> player_name is Tyson Chandler ; points is 11.0 ; team is Suns.	contradicting
Courtney Lee has more than 8 3 point field goal attempted </s> player_name is Courtney Lee ; 3 point field goal attempted is 2.0 ; team is Grizzles. </s> player_name is Courtney Lee ; 3 point field goal attempted is 8.0 ; team is Knicks.	contradicting
Paul Millsap has more than 11 field goal made </s> player_name is Paul Millsap ; field goal made is 6.0 ; team is Hawks. </s> player_name is Paul Millsap ; field goal made is 11.0 ; team is Hawks.	contradicting
Hassan Whiteside has 100 free throws percentage </s> player_name is Hassan Whiteside ; free throws percentage is 67.0 ; team is Heat. </s> player_name is Hassan Whiteside ; free throws percentage is 100.0 ; team is Heat.	contradicting
Dwight Howard has 9 defensive rebounds </s> player_name is Dwight Howard ; defensive rebounds is 4.0 ; team is Rockets. </s> player_name is Dwight Howard ; defensive rebounds is 9.0 ; team is Hawks.	contradicting
Serge Ibaka has less than 0 free throws percentage </s> player_name is Serge Ibaka ; free throws percentage is 100.0 ; team is Magic. </s> player_name is Serge Ibaka ; free throws percentage is 0.0 ; team is Magic.	contradicting
Kyrie Irving has more than 2 rebounds </s> player_name is Kyrie Irving ; rebounds is 1.0 ; team is Cavaliers. </s> player_name is Kyrie Irving ; rebounds is 2.0 ; team is Cavaliers.	contradicting
Goran Dragic has less than 5 field goal made </s> player_name is Goran Dragic ; field goal made is 11.0 ; team is Suns. </s> player_name is Goran Dragic ; field goal made is 5.0 ; team is Heat.	contradicting
Steven Adams has more than 10 points </s> player_name is Steven Adams ; points is 6.0 ; team is Thunder. </s> player_name is Steven Adams ; points is 10.0 ; team is Thunder.	contradicting
Dennis Schroder has 26 minutes </s> player_name is Dennis Schroder ; minutes is 30.0 ; team is Hawks. </s> player_name is Dennis Schroder ; minutes is 26.0 ; team is Hawks.	contradicting
Dwight Howard has more than 30 minutes </s> player_name is Dwight Howard ; minutes is 29.0 ; team is Rockets. </s> player_name is Dwight Howard ; minutes is 30.0 ; team is Hawks.	contradicting
Zaza Pachulia has less than 0 blocks </s> player_name is Zaza Pachulia ; blocks is 1.0 ; team is Golden State Warriors. </s> player_name is Zaza Pachulia ; blocks is 0.0 ; team is Golden State Warriors.	contradicting
Andre Roberson has more than 2 points </s> player_name is Andre Roberson ; points is 1.0 ; team is Thunder. </s> player_name is Andre Roberson ; points is 2.0 ; team is Thunder.	contradicting
Luc Mbah a Moute has 35 minutes </s> player_name is Luc Mbah a Moute ; minutes is 17.0 ; team is Clippers. </s> player_name is Luc Mbah a Moute ; minutes is 35.0 ; team is Clippers.	contradicting
Julius Randle has 1 blocks </s> player_name is Julius Randle ; blocks is 2.0 ; team is Lakers. </s> player_name is Julius Randle ; blocks is 1.0 ; team is Lakers.	contradicting
Cory Joseph has less than 1 3 point field goal attempted </s> player_name is Cory Joseph ; 3 point field goal attempted is 2.0 ; team is Raptors. </s> player_name is Cory Joseph ; 3 point field goal attempted is 1.0 ; team is Raptors.	contradicting
Victor Oladipo has more than 100 free throws percentage </s> player_name is Victor Oladipo ; free throws percentage is 67.0 ; team is Thunder. </s> player_name is Victor Oladipo ; free throws percentage is 100.0 ; team is Thunder.	contradicting
Serge Ibaka has 0 free throws attempted </s> player_name is Serge Ibaka ; free throws attempted is 6.0 ; team is Magic. </s> player_name is Serge Ibaka ; free throws attempted is 0.0 ; team is Raptors.	contradicting
Aaron Gordon has more than 4 3 point field goal attempted </s> player_name is Aaron Gordon ; 3 point field goal attempted is 2.0 ; team is Magic. </s> player_name is Aaron Gordon ; 3 point field goal attempted is 4.0 ; team is Magic.	contradicting
DeMarre Carroll has more than 50 field goals percentage </s> player_name is DeMarre Carroll ; field goals percentage is 40.0 ; team is Hawks. </s> player_name is DeMarre Carroll ; field goals percentage is 50.0 ; team is Hawks.	contradicting
Roy Hibbert has less than 3 free throws made </s> player_name is Roy Hibbert ; free throws made is 4.0 ; team is Lakers. </s> player_name is Roy Hibbert ; free throws made is 3.0 ; team is Pacers.	contradicting
Dirk Nowitzki has more than 71 free throws percentage </s> player_name is Dirk Nowitzki ; free throws percentage is 0.0 ; team is Mavericks. </s> player_name is Dirk Nowitzki ; free throws percentage is 71.0 ; team is Mavericks.	contradicting
Eric Bledsoe has 1 3 point field goal made </s> player_name is Eric Bledsoe ; 3 point field goal made is 3.0 ; team is Suns. </s> player_name is Eric Bledsoe ; 3 point field goal made is 1.0 ; team is Suns.	contradicting
Luke Babbitt has more than 3 3 point field goal made </s> player_name is Luke Babbitt ; 3 point field goal made is 2.0 ; team is Heat. </s> player_name is Luke Babbitt ; 3 point field goal made is 3.0 ; team is Heat.	contradicting
Chandler Parsons has more than 1 offensive rebounds </s> player_name is Chandler Parsons ; offensive rebounds is 0.0 ; team is Grizzles. </s> player_name is Chandler Parsons ; offensive rebounds is 1.0 ; team is Mavericks.	contradicting
James Harden has more than 4 3 point field goal made </s> player_name is James Harden ; 3 point field goal made is 3.0 ; team is Rockets. </s> player_name is James Harden ; 3 point field goal made is 4.0 ; team is Rockets.	contradicting
Isaiah Thomas has 1 steals </s> player_name is Isaiah Thomas ; steals is 0.0 ; team is Celtics. </s> player_name is Isaiah Thomas ; steals is 1.0 ; team is Celtics.	contradicting
Serge Ibaka has Toronto team_city </s> player_name is Serge Ibaka ; team_city is Orlando ; team is Magic. </s> player_name is Serge Ibaka ; team_city is Toronto ; team is Raptors.	contradicting
Marcin Gortat has more than 5 field goal made </s> player_name is Marcin Gortat ; field goal made is 4.0 ; team is Wizards. </s> player_name is Marcin Gortat ; field goal made is 5.0 ; team is Wizards.	contradicting
Steven Adams has less than 5 rebounds </s> player_name is Steven Adams ; rebounds is 9.0 ; team is Thunder. </s> player_name is Steven Adams ; rebounds is 5.0 ; team is Thunder.	contradicting
Myles Turner has 0 free throws made </s> player_name is Myles Turner ; free throws made is 2.0 ; team is Pacers. </s> player_name is Myles Turner ; free throws made is 0.0 ; team is Pacers.	contradicting
Dennis Schroder has 2 rebounds </s> player_name is Dennis Schroder ; rebounds is 4.0 ; team is Hawks. </s> player_name is Dennis Schroder ; rebounds is 2.0 ; team is Hawks.	contradicting
