Hassan Whiteside has not 4 blocks </s> player_name is Hassan Whiteside ; blocks is 4.0 ; team is Heat. </s> player_name is Hassan Whiteside ; blocks is 4.0 ; team is Heat.	uniform_false
Wesley Matthews has not 0 free throws percentage </s> player_name is Wesley Matthews ; free throws percentage is 0.0 ; team is Trail Blazers. </s> player_name is Wesley Matthews ; free throws percentage is 0.0 ; team is Mavericks.	uniform_false
Aaron Gordon has more than 4 3 point field goal attempted </s> player_name is Aaron Gordon ; 3 point field goal attempted is 2.0 ; team is Magic. </s> player_name is Aaron Gordon ; 3 point field goal attempted is 4.0 ; team is Magic.	uniform_false
Serge Ibaka has less than 0 free throws percentage </s> player_name is Serge Ibaka ; free throws percentage is 100.0 ; team is Magic. </s> player_name is Serge Ibaka ; free throws percentage is 0.0 ; team is Magic.	uniform_false
Myles Turner has less than 16 field goal attempts </s> player_name is Myles Turner ; field goal attempts is 19.0 ; team is Pacers. </s> player_name is Myles Turner ; field goal attempts is 16.0 ; team is Pacers.	uniform_false
Dion Waiters has not 1 blocks </s> player_name is Dion Waiters ; blocks is 1.0 ; team is Heat. </s> player_name is Dion Waiters ; blocks is 1.0 ; team is Heat.	uniform_false
Serge Ibaka has not 1 free throws attempted </s> player_name is Serge Ibaka ; free throws attempted is 1.0 ; team is Magic. </s> player_name is Serge Ibaka ; free throws attempted is 1.0 ; team is Magic.	uniform_false
Serge Ibaka has more than 10 points </s> player_name is Serge Ibaka ; points is 5.0 ; team is Magic. </s> player_name is Serge Ibaka ; points is 10.0 ; team is Raptors.	uniform_false
Ty Lawson has not G start_position </s> player_name is Ty Lawson ; start_position is G ; team is Kings. </s> player_name is Ty Lawson ; start_position is G ; team is Rockets.	uniform_false
Nerlens Noel has not 0 3 point field goal made </s> player_name is Nerlens Noel ; 3 point field goal made is 0.0 ; team is Mavericks. </s> player_name is Nerlens Noel ; 3 point field goal made is 0.0 ; team is 76ers.	uniform_false
Markieff Morris has not 5 defensive rebounds </s> player_name is Markieff Morris ; defensive rebounds is 5.0 ; team is Suns. </s> player_name is Markieff Morris ; defensive rebounds is 5.0 ; team is Suns.	uniform_false
DeAndre Jordan has less than 2 free throws made </s> player_name is DeAndre Jordan ; free throws made is 3.0 ; team is Clippers. </s> player_name is DeAndre Jordan ; free throws made is 2.0 ; team is Clippers.	uniform_false
Dennis Schroder has not Schroder second_name </s> player_name is Dennis Schroder ; second_name is Schroder ; team is Hawks. </s> player_name is Dennis Schroder ; second_name is Schroder ; team is Hawks.	uniform_false
DeAndre Jordan has more than 2 assists </s> player_name is DeAndre Jordan ; assists is 1.0 ; team is Clippers. </s> player_name is DeAndre Jordan ; assists is 2.0 ; team is Clippers.	uniform_false
Anthony Davis has less than 34 points </s> player_name is Anthony Davis ; points is 42.0 ; team is Pellicans. </s> player_name is Anthony Davis ; points is 34.0 ; team is Pellicans.	uniform_false
Austin Rivers has not 27 field goals percentage </s> player_name is Austin Rivers ; field goals percentage is 27.0 ; team is Clippers. </s> player_name is Austin Rivers ; field goals percentage is 27.0 ; team is Clippers.	uniform_false
DeAndre Jordan has not Jordan second_name </s> player_name is DeAndre Jordan ; second_name is Jordan ; team is Clippers. </s> player_name is DeAndre Jordan ; second_name is Jordan ; team is Clippers.	uniform_false
Jeff Green has not 0 blocks </s> player_name is Jeff Green ; blocks is 0.0 ; team is Magic. </s> player_name is Jeff Green ; blocks is 0.0 ; team is Magic.	uniform_false
Paul Millsap has less than 2 personal fouls </s> player_name is Paul Millsap ; personal fouls is 4.0 ; team is Hawks. </s> player_name is Paul Millsap ; personal fouls is 2.0 ; team is Hawks.	uniform_false
Nikola Vucevic has not 40 field goals percentage </s> player_name is Nikola Vucevic ; field goals percentage is 40.0 ; team is Magic. </s> player_name is Nikola Vucevic ; field goals percentage is 40.0 ; team is Magic.	uniform_false
Klay Thompson has less than 0 steals </s> player_name is Klay Thompson ; steals is 1.0 ; team is Golden State Warriors. </s> player_name is Klay Thompson ; steals is 0.0 ; team is Golden State Warriors.	uniform_false
KJ McDaniels has not 3 3 point field goal attempted </s> player_name is KJ McDaniels ; 3 point field goal attempted is 3.0 ; team is 76ers. </s> player_name is KJ McDaniels ; 3 point field goal attempted is 3.0 ; team is 76ers.	uniform_false
Marvin Williams has less than 2 free throws attempted </s> player_name is Marvin Williams ; free throws attempted is 4.0 ; team is Hornets. </s> player_name is Marvin Williams ; free throws attempted is 2.0 ; team is Hornets.	uniform_false
Frank Kaminsky has not 16 points </s> player_name is Frank Kaminsky ; points is 16.0 ; team is Hornets. </s> player_name is Frank Kaminsky ; points is 16.0 ; team is Hornets.	uniform_false
DeAndre Jordan has not 3 free throws made </s> player_name is DeAndre Jordan ; free throws made is 3.0 ; team is Clippers. </s> player_name is DeAndre Jordan ; free throws made is 3.0 ; team is Clippers.	uniform_false
Bradley Beal has less than 2 assists </s> player_name is Bradley Beal ; assists is 4.0 ; team is Wizards. </s> player_name is Bradley Beal ; assists is 2.0 ; team is Wizards.	uniform_false
Nicolas Batum has more than 18 field goal attempts </s> player_name is Nicolas Batum ; field goal attempts is 14.0 ; team is Trail Blazers. </s> player_name is Nicolas Batum ; field goal attempts is 18.0 ; team is Hornets.	uniform_false
Tony Parker has more than 2 steals </s> player_name is Tony Parker ; steals is 1.0 ; team is Spurs. </s> player_name is Tony Parker ; steals is 2.0 ; team is Spurs.	uniform_false
Paul Millsap has not 28 minutes </s> player_name is Paul Millsap ; minutes is 28.0 ; team is Hawks. </s> player_name is Paul Millsap ; minutes is 28.0 ; team is Hawks.	uniform_false
Jeff Teague has less than 8 assists </s> player_name is Jeff Teague ; assists is 11.0 ; team is Pacers. </s> player_name is Jeff Teague ; assists is 8.0 ; team is Hawks.	uniform_false
Amir Johnson has not 5 field goal attempts </s> player_name is Amir Johnson ; field goal attempts is 5.0 ; team is Celtics. </s> player_name is Amir Johnson ; field goal attempts is 5.0 ; team is Celtics.	uniform_false
Wesley Matthews has not 2 steals </s> player_name is Wesley Matthews ; steals is 2.0 ; team is Mavericks. </s> player_name is Wesley Matthews ; steals is 2.0 ; team is Mavericks.	uniform_false
Timofey Mozgov has more than 2 blocks </s> player_name is Timofey Mozgov ; blocks is 0.0 ; team is Lakers. </s> player_name is Timofey Mozgov ; blocks is 2.0 ; team is Lakers.	uniform_false
Elfrid Payton has more than 35 minutes </s> player_name is Elfrid Payton ; minutes is 16.0 ; team is Magic. </s> player_name is Elfrid Payton ; minutes is 35.0 ; team is Magic.	uniform_false
Goran Dragic has not 2 rebounds </s> player_name is Goran Dragic ; rebounds is 2.0 ; team is Heat. </s> player_name is Goran Dragic ; rebounds is 2.0 ; team is Heat.	uniform_false
Clint Capela has more than 30 minutes </s> player_name is Clint Capela ; minutes is 27.0 ; team is Rockets. </s> player_name is Clint Capela ; minutes is 30.0 ; team is Rockets.	uniform_false
Jae Crowder has less than 4 personal fouls </s> player_name is Jae Crowder ; personal fouls is 5.0 ; team is Celtics. </s> player_name is Jae Crowder ; personal fouls is 4.0 ; team is Celtics.	uniform_false
Klay Thompson has more than 17 points </s> player_name is Klay Thompson ; points is 16.0 ; team is Golden State Warriors. </s> player_name is Klay Thompson ; points is 17.0 ; team is Golden State Warriors.	uniform_false
James Harden has less than 9 field goal attempts </s> player_name is James Harden ; field goal attempts is 16.0 ; team is Rockets. </s> player_name is James Harden ; field goal attempts is 9.0 ; team is Rockets.	uniform_false
Jimmy Butler has more than 5 personal fouls </s> player_name is Jimmy Butler ; personal fouls is 4.0 ; team is Bulls. </s> player_name is Jimmy Butler ; personal fouls is 5.0 ; team is Bulls.	uniform_false
Jae Crowder has more than 33 3 point field goal percentage </s> player_name is Jae Crowder ; 3 point field goal percentage is 29.0 ; team is Celtics. </s> player_name is Jae Crowder ; 3 point field goal percentage is 33.0 ; team is Celtics.	uniform_false
Jae Crowder has more than 5 assists </s> player_name is Jae Crowder ; assists is 1.0 ; team is Celtics. </s> player_name is Jae Crowder ; assists is 5.0 ; team is Celtics.	uniform_false
Otto Porter Jr. has less than 3 field goal made </s> player_name is Otto Porter Jr. ; field goal made is 6.0 ; team is Wizards. </s> player_name is Otto Porter Jr. ; field goal made is 3.0 ; team is Wizards.	uniform_false
Donald Sloan has less than 4 field goal made </s> player_name is Donald Sloan ; field goal made is 5.0 ; team is Nets. </s> player_name is Donald Sloan ; field goal made is 4.0 ; team is Nets.	uniform_false
Dwight Howard has less than 5 field goal attempts </s> player_name is Dwight Howard ; field goal attempts is 14.0 ; team is Rockets. </s> player_name is Dwight Howard ; field goal attempts is 5.0 ; team is Rockets.	uniform_false
Luc Mbah a Moute has less than 2 personal fouls </s> player_name is Luc Mbah a Moute ; personal fouls is 3.0 ; team is Clippers. </s> player_name is Luc Mbah a Moute ; personal fouls is 2.0 ; team is Clippers.	uniform_false
Kemba Walker has not Charlotte team_city </s> player_name is Kemba Walker ; team_city is Charlotte ; team is Hornets. </s> player_name is Kemba Walker ; team_city is Charlotte ; team is Hornets.	uniform_false
DeMarre Carroll has less than 0 free throws made </s> player_name is DeMarre Carroll ; free throws made is 3.0 ; team is Hawks. </s> player_name is DeMarre Carroll ; free throws made is 0.0 ; team is Raptors.	uniform_false
Kemba Walker has more than 100 free throws percentage </s> player_name is Kemba Walker ; free throws percentage is 75.0 ; team is Hornets. </s> player_name is Kemba Walker ; free throws percentage is 100.0 ; team is Hornets.	uniform_false
Jonas Valanciunas has less than 3 field goal made </s> player_name is Jonas Valanciunas ; field goal made is 4.0 ; team is Raptors. </s> player_name is Jonas Valanciunas ; field goal made is 3.0 ; team is Raptors.	uniform_false
Victor Oladipo has more than 8 free throws attempted </s> player_name is Victor Oladipo ; free throws attempted is 3.0 ; team is Thunder. </s> player_name is Victor Oladipo ; free throws attempted is 8.0 ; team is Thunder.	uniform_false
Nikola Vucevic has not Orlando town </s> player_name is Nikola Vucevic ; town is Orlando ; team is Magic. </s> player_name is Nikola Vucevic ; town is Orlando ; team is Magic.	uniform_false
Bradley Beal has less than 5 3 point field goal attempted </s> player_name is Bradley Beal ; 3 point field goal attempted is 6.0 ; team is Wizards. </s> player_name is Bradley Beal ; 3 point field goal attempted is 5.0 ; team is Wizards.	uniform_false
Serge Ibaka has less than 9 field goal attempts </s> player_name is Serge Ibaka ; field goal attempts is 11.0 ; team is Raptors. </s> player_name is Serge Ibaka ; field goal attempts is 9.0 ; team is Magic.	uniform_false
Dwight Howard has less than 4 free throws attempted </s> player_name is Dwight Howard ; free throws attempted is 5.0 ; team is Rockets. </s> player_name is Dwight Howard ; free throws attempted is 4.0 ; team is Rockets.	uniform_false
Serge Ibaka has less than 2 field goal made </s> player_name is Serge Ibaka ; field goal made is 6.0 ; team is Magic. </s> player_name is Serge Ibaka ; field goal made is 2.0 ; team is Magic.	uniform_false
Solomon Hill has less than 0 3 point field goal percentage </s> player_name is Solomon Hill ; 3 point field goal percentage is 17.0 ; team is Pellicans. </s> player_name is Solomon Hill ; 3 point field goal percentage is 0.0 ; team is Pacers.	uniform_false
Klay Thompson has more than 17 points </s> player_name is Klay Thompson ; points is 8.0 ; team is Golden State Warriors. </s> player_name is Klay Thompson ; points is 17.0 ; team is Golden State Warriors.	uniform_false
Dirk Nowitzki has not 0 assists </s> player_name is Dirk Nowitzki ; assists is 0.0 ; team is Mavericks. </s> player_name is Dirk Nowitzki ; assists is 0.0 ; team is Mavericks.	uniform_false
Serge Ibaka has not Orlando town </s> player_name is Serge Ibaka ; town is Orlando ; team is Magic. </s> player_name is Serge Ibaka ; town is Orlando ; team is Magic.	uniform_false
Amir Johnson has less than 0 3 point field goal attempted </s> player_name is Amir Johnson ; 3 point field goal attempted is 1.0 ; team is Celtics. </s> player_name is Amir Johnson ; 3 point field goal attempted is 0.0 ; team is Celtics.	uniform_false
Deron Williams has less than 1 defensive rebounds </s> player_name is Deron Williams ; defensive rebounds is 5.0 ; team is Mavericks. </s> player_name is Deron Williams ; defensive rebounds is 1.0 ; team is Mavericks.	uniform_false
James Harden has less than 1 offensive rebounds </s> player_name is James Harden ; offensive rebounds is 3.0 ; team is Rockets. </s> player_name is James Harden ; offensive rebounds is 1.0 ; team is Rockets.	uniform_false
Terrence Jones has not Terrence first_name </s> player_name is Terrence Jones ; first_name is Terrence ; team is Pellicans. </s> player_name is Terrence Jones ; first_name is Terrence ; team is Pellicans.	uniform_false
DeMarcus Cousins has more than 55 field goals percentage </s> player_name is DeMarcus Cousins ; field goals percentage is 40.0 ; team is Kings. </s> player_name is DeMarcus Cousins ; field goals percentage is 55.0 ; team is Kings.	uniform_false
Ryan Anderson has not Rockets team </s> player_name is Ryan Anderson ; team is Rockets ; team is Rockets. </s> player_name is Ryan Anderson ; team is Rockets ; team is Rockets.	uniform_false
Hollis Thompson has not 1 steals </s> player_name is Hollis Thompson ; steals is 1.0 ; team is 76ers. </s> player_name is Hollis Thompson ; steals is 1.0 ; team is 76ers.	uniform_false
Marvin Williams has less than 50 3 point field goal percentage </s> player_name is Marvin Williams ; 3 point field goal percentage is 60.0 ; team is Hornets. </s> player_name is Marvin Williams ; 3 point field goal percentage is 50.0 ; team is Hornets.	uniform_false
LaMarcus Aldridge has more than 35 minutes </s> player_name is LaMarcus Aldridge ; minutes is 17.0 ; team is Spurs. </s> player_name is LaMarcus Aldridge ; minutes is 35.0 ; team is Trail Blazers.	uniform_false
Trevor Ariza has not 7 defensive rebounds </s> player_name is Trevor Ariza ; defensive rebounds is 7.0 ; team is Rockets. </s> player_name is Trevor Ariza ; defensive rebounds is 7.0 ; team is Rockets.	uniform_false
DeMarre Carroll has not 2 defensive rebounds </s> player_name is DeMarre Carroll ; defensive rebounds is 2.0 ; team is Hawks. </s> player_name is DeMarre Carroll ; defensive rebounds is 2.0 ; team is Hawks.	uniform_false
Nerlens Noel has more than 3 field goal made </s> player_name is Nerlens Noel ; field goal made is 1.0 ; team is Mavericks. </s> player_name is Nerlens Noel ; field goal made is 3.0 ; team is 76ers.	uniform_false
Marc Gasol has not 4 free throws attempted </s> player_name is Marc Gasol ; free throws attempted is 4.0 ; team is Grizzles. </s> player_name is Marc Gasol ; free throws attempted is 4.0 ; team is Grizzles.	uniform_false
Zaza Pachulia has less than 3 rebounds </s> player_name is Zaza Pachulia ; rebounds is 6.0 ; team is Golden State Warriors. </s> player_name is Zaza Pachulia ; rebounds is 3.0 ; team is Golden State Warriors.	uniform_false
Serge Ibaka has not 0 steals </s> player_name is Serge Ibaka ; steals is 0.0 ; team is Magic. </s> player_name is Serge Ibaka ; steals is 0.0 ; team is Magic.	uniform_false
Trevor Ariza has more than 10 defensive rebounds </s> player_name is Trevor Ariza ; defensive rebounds is 4.0 ; team is Rockets. </s> player_name is Trevor Ariza ; defensive rebounds is 10.0 ; team is Rockets.	uniform_false
Nick Young has less than 1 assists </s> player_name is Nick Young ; assists is 4.0 ; team is Lakers. </s> player_name is Nick Young ; assists is 1.0 ; team is Lakers.	uniform_false
Luke Babbitt has more than 5 field goal attempts </s> player_name is Luke Babbitt ; field goal attempts is 4.0 ; team is Heat. </s> player_name is Luke Babbitt ; field goal attempts is 5.0 ; team is Heat.	uniform_false
Jonas Valanciunas has more than 83 field goals percentage </s> player_name is Jonas Valanciunas ; field goals percentage is 55.0 ; team is Raptors. </s> player_name is Jonas Valanciunas ; field goals percentage is 83.0 ; team is Raptors.	uniform_false
DeMar DeRozan has less than 26 field goals percentage </s> player_name is DeMar DeRozan ; field goals percentage is 33.0 ; team is Raptors. </s> player_name is DeMar DeRozan ; field goals percentage is 26.0 ; team is Raptors.	uniform_false
DeMarre Carroll has less than 4 field goal made </s> player_name is DeMarre Carroll ; field goal made is 8.0 ; team is Raptors. </s> player_name is DeMarre Carroll ; field goal made is 4.0 ; team is Hawks.	uniform_false
Donald Sloan has less than 3 3 point field goal attempted </s> player_name is Donald Sloan ; 3 point field goal attempted is 5.0 ; team is Nets. </s> player_name is Donald Sloan ; 3 point field goal attempted is 3.0 ; team is Nets.	uniform_false
Marvin Williams has not Charlotte town </s> player_name is Marvin Williams ; town is Charlotte ; team is Hornets. </s> player_name is Marvin Williams ; town is Charlotte ; team is Hornets.	uniform_false
Wesley Matthews has less than 29 minutes </s> player_name is Wesley Matthews ; minutes is 34.0 ; team is Trail Blazers. </s> player_name is Wesley Matthews ; minutes is 29.0 ; team is Trail Blazers.	uniform_false
Seth Curry has not 0 rebounds </s> player_name is Seth Curry ; rebounds is 0.0 ; team is Kings. </s> player_name is Seth Curry ; rebounds is 0.0 ; team is Kings.	uniform_false
Jae Crowder has less than 3 rebounds </s> player_name is Jae Crowder ; rebounds is 5.0 ; team is Celtics. </s> player_name is Jae Crowder ; rebounds is 3.0 ; team is Celtics.	uniform_false
Amir Johnson has less than 1 blocks </s> player_name is Amir Johnson ; blocks is 2.0 ; team is Celtics. </s> player_name is Amir Johnson ; blocks is 1.0 ; team is Celtics.	uniform_false
Wayne Ellington has more than 4 assists </s> player_name is Wayne Ellington ; assists is 0.0 ; team is Nets. </s> player_name is Wayne Ellington ; assists is 4.0 ; team is Nets.	uniform_false
Andre Drummond has not 0 3 point field goal percentage </s> player_name is Andre Drummond ; 3 point field goal percentage is 0.0 ; team is Pistons. </s> player_name is Andre Drummond ; 3 point field goal percentage is 0.0 ; team is Pistons.	uniform_false
Deron Williams has not 67 field goals percentage </s> player_name is Deron Williams ; field goals percentage is 67.0 ; team is Mavericks. </s> player_name is Deron Williams ; field goals percentage is 67.0 ; team is Mavericks.	uniform_false
Andre Roberson has not F start_position </s> player_name is Andre Roberson ; start_position is F ; team is Thunder. </s> player_name is Andre Roberson ; start_position is F ; team is Thunder.	uniform_false
DeMar DeRozan has less than 31 field goals percentage </s> player_name is DeMar DeRozan ; field goals percentage is 62.0 ; team is Raptors. </s> player_name is DeMar DeRozan ; field goals percentage is 31.0 ; team is Raptors.	uniform_false
Elfrid Payton has less than 9 field goal attempts </s> player_name is Elfrid Payton ; field goal attempts is 12.0 ; team is Magic. </s> player_name is Elfrid Payton ; field goal attempts is 9.0 ; team is Magic.	uniform_false
Tim Duncan has more than 9 defensive rebounds </s> player_name is Tim Duncan ; defensive rebounds is 7.0 ; team is Spurs. </s> player_name is Tim Duncan ; defensive rebounds is 9.0 ; team is Spurs.	uniform_false
Dion Waiters has not 6 3 point field goal attempted </s> player_name is Dion Waiters ; 3 point field goal attempted is 6.0 ; team is Heat. </s> player_name is Dion Waiters ; 3 point field goal attempted is 6.0 ; team is Heat.	uniform_false
Kemba Walker has not 27 points </s> player_name is Kemba Walker ; points is 27.0 ; team is Hornets. </s> player_name is Kemba Walker ; points is 27.0 ; team is Hornets.	uniform_false
DeMarre Carroll has less than 2 points </s> player_name is DeMarre Carroll ; points is 11.0 ; team is Hawks. </s> player_name is DeMarre Carroll ; points is 2.0 ; team is Raptors.	uniform_false
Julius Randle has not 2 free throws attempted </s> player_name is Julius Randle ; free throws attempted is 2.0 ; team is Lakers. </s> player_name is Julius Randle ; free throws attempted is 2.0 ; team is Lakers.	uniform_false
John Wall has more than 7 defensive rebounds </s> player_name is John Wall ; defensive rebounds is 3.0 ; team is Wizards. </s> player_name is John Wall ; defensive rebounds is 7.0 ; team is Wizards.	uniform_false
Clint Capela has less than 50 free throws percentage </s> player_name is Clint Capela ; free throws percentage is 75.0 ; team is Rockets. </s> player_name is Clint Capela ; free throws percentage is 50.0 ; team is Rockets.	uniform_false
