DeMarcus Cousins has higher attempt than DeMarcus Cousins </s> player_name is DeMarcus Cousins ; team is Kings ; field goal attempts is 22.0 ; free throws attempted is 5.0. </s> player_name is DeMarcus Cousins ; team is Kings ; field goal attempts is 20.0 ; free throws attempted is 17.0.	contradicting
Mike Conley has higher field goal than Mike Conley </s> player_name is Mike Conley ; team is Grizzles ; field goal made is 7.0 ; 3 point field goal percentage is 40.0. </s> player_name is Mike Conley ; team is Grizzles ; field goal made is 3.0 ; 3 point field goal percentage is 50.0.	contradicting
James Harden has lower field goal than James Harden </s> player_name is James Harden ; team is Rockets ; field goal made is 9.0 ; field goals percentage is 56.0. </s> player_name is James Harden ; team is Rockets ; field goal made is 11.0 ; field goals percentage is 46.0.	contradicting
Trevor Ariza has higher throw than Trevor Ariza </s> player_name is Trevor Ariza ; team is Rockets ; free throws attempted is 5.0 ; free throws made is 3.0. </s> player_name is Trevor Ariza ; team is Rockets ; free throws attempted is 4.0 ; free throws made is 4.0.	contradicting
Marcin Gortat has lower made than Marcin Gortat </s> player_name is Marcin Gortat ; team is Wizards ; field goal made is 4.0 ; free throws made is 6.0. </s> player_name is Marcin Gortat ; team is Wizards ; field goal made is 5.0 ; free throws made is 4.0.	contradicting
Thaddeus Young has higher field goal than Thaddeus Young </s> player_name is Thaddeus Young ; team is Pacers ; 3 point field goal made is 1.0 ; field goal made is 4.0. </s> player_name is Thaddeus Young ; team is Nets ; 3 point field goal made is 0.0 ; field goal made is 10.0.	contradicting
DeMarre Carroll has higher rebound than DeMarre Carroll </s> player_name is DeMarre Carroll ; team is Raptors ; rebounds is 5.0 ; blocks is 0.0. </s> player_name is DeMarre Carroll ; team is Raptors ; rebounds is 3.0 ; blocks is 1.0.	contradicting
Julius Randle has higher field goal than Julius Randle </s> player_name is Julius Randle ; team is Lakers ; field goal made is 8.0 ; field goals percentage is 62.0. </s> player_name is Julius Randle ; team is Lakers ; field goal made is 4.0 ; field goals percentage is 100.0.	contradicting
LaMarcus Aldridge has higher game sheet than LaMarcus Aldridge </s> player_name is LaMarcus Aldridge ; team is Spurs ; assists is 4.0 ; steals is 0.0. </s> player_name is LaMarcus Aldridge ; team is Trail Blazers ; assists is 3.0 ; steals is 1.0.	contradicting
DeAndre Jordan has higher throw than DeAndre Jordan </s> player_name is DeAndre Jordan ; team is Clippers ; free throws attempted is 7.0 ; free throws percentage is 43.0. </s> player_name is DeAndre Jordan ; team is Clippers ; free throws attempted is 6.0 ; free throws percentage is 50.0.	contradicting
Michael Carter-Williams has lower throw than Michael Carter-Williams </s> player_name is Michael Carter-Williams ; team is 76ers ; free throws made is 2.0 ; free throws percentage is 100.0. </s> player_name is Michael Carter-Williams ; team is Bulls ; free throws made is 4.0 ; free throws percentage is 67.0.	contradicting
Paul Millsap has higher field goal than Paul Millsap </s> player_name is Paul Millsap ; team is Hawks ; field goal made is 7.0 ; 3 point field goal percentage is 33.0. </s> player_name is Paul Millsap ; team is Hawks ; field goal made is 4.0 ; 3 point field goal percentage is 67.0.	contradicting
Isaiah Thomas has the same throw as Isaiah Thomas </s> player_name is Isaiah Thomas ; team is Celtics ; free throws attempted is 7.0 ; free throws percentage is 100.0. </s> player_name is Isaiah Thomas ; team is Celtics ; free throws attempted is 7.0 ; free throws percentage is 71.0.	contradicting
Kristaps Porzingis has higher rebound than Kristaps Porzingis </s> player_name is Kristaps Porzingis ; team is Knicks ; rebounds is 13.0 ; blocks is 2.0. </s> player_name is Kristaps Porzingis ; team is Knicks ; rebounds is 5.0 ; blocks is 3.0.	contradicting
Harrison Barnes has higher made than Harrison Barnes </s> player_name is Harrison Barnes ; team is Mavericks ; field goal made is 13.0 ; free throws made is 0.0. </s> player_name is Harrison Barnes ; team is Mavericks ; field goal made is 7.0 ; free throws made is 6.0.	contradicting
Steven Adams has lower rebound than Steven Adams </s> player_name is Steven Adams ; team is Thunder ; rebounds is 5.0 ; assists is 2.0. </s> player_name is Steven Adams ; team is Thunder ; rebounds is 9.0 ; assists is 0.0.	contradicting
Elfrid Payton has lower rebound than Elfrid Payton </s> player_name is Elfrid Payton ; team is Magic ; offensive rebounds is 1.0 ; rebounds is 4.0. </s> player_name is Elfrid Payton ; team is Magic ; offensive rebounds is 2.0 ; rebounds is 3.0.	contradicting
Russell Westbrook has higher field goal than Russell Westbrook </s> player_name is Russell Westbrook ; team is Thunder ; field goal made is 11.0 ; 3 point field goal percentage is 0.0. </s> player_name is Russell Westbrook ; team is Thunder ; field goal made is 6.0 ; 3 point field goal percentage is 33.0.	contradicting
Serge Ibaka has higher percentage than Serge Ibaka </s> player_name is Serge Ibaka ; team is Magic ; 3 point field goal percentage is 75.0 ; field goals percentage is 55.0. </s> player_name is Serge Ibaka ; team is Magic ; 3 point field goal percentage is 0.0 ; field goals percentage is 56.0.	contradicting
Al Horford has higher field goal than Al Horford </s> player_name is Al Horford ; team is Celtics ; 3 point field goal percentage is 25.0 ; field goals percentage is 36.0. </s> player_name is Al Horford ; team is Hawks ; 3 point field goal percentage is 0.0 ; field goals percentage is 42.0.	contradicting
Serge Ibaka has lower field goal than Serge Ibaka </s> player_name is Serge Ibaka ; team is Magic ; 3 point field goal made is 0.0 ; field goal made is 5.0. </s> player_name is Serge Ibaka ; team is Raptors ; 3 point field goal made is 1.0 ; field goal made is 3.0.	contradicting
Brandon Ingram has the same field goal as Brandon Ingram </s> player_name is Brandon Ingram ; team is Lakers ; 3 point field goal made is 0.0 ; field goal made is 1.0. </s> player_name is Brandon Ingram ; team is Lakers ; 3 point field goal made is 0.0 ; field goal made is 2.0.	contradicting
Nerlens Noel has higher rebound than Nerlens Noel </s> player_name is Nerlens Noel ; team is 76ers ; defensive rebounds is 4.0 ; offensive rebounds is 2.0. </s> player_name is Nerlens Noel ; team is Mavericks ; defensive rebounds is 3.0 ; offensive rebounds is 5.0.	contradicting
Dwight Howard has the same percentage as Dwight Howard </s> player_name is Dwight Howard ; team is Hawks ; 3 point field goal percentage is 0.0 ; free throws percentage is 100.0. </s> player_name is Dwight Howard ; team is Hawks ; 3 point field goal percentage is 0.0 ; free throws percentage is 43.0.	contradicting
Michael Kidd-Gilchrist has the same rebound as Michael Kidd-Gilchrist </s> player_name is Michael Kidd-Gilchrist ; team is Hornets ; rebounds is 6.0 ; assists is 2.0. </s> player_name is Michael Kidd-Gilchrist ; team is Hornets ; rebounds is 6.0 ; assists is 4.0.	contradicting
Nicolas Batum has the same point as Nicolas Batum </s> player_name is Nicolas Batum ; team is Trail Blazers ; 3 point field goal made is 1.0 ; 3 point field goal percentage is 25.0. </s> player_name is Nicolas Batum ; team is Hornets ; 3 point field goal made is 1.0 ; 3 point field goal percentage is 50.0.	contradicting
DeMar DeRozan has lower throw than DeMar DeRozan </s> player_name is DeMar DeRozan ; team is Raptors ; free throws attempted is 7.0 ; free throws percentage is 100.0. </s> player_name is DeMar DeRozan ; team is Raptors ; free throws attempted is 14.0 ; free throws percentage is 86.0.	contradicting
Ish Smith has the same throw as Ish Smith </s> player_name is Ish Smith ; team is Pistons ; free throws attempted is 2.0 ; free throws made is 2.0. </s> player_name is Ish Smith ; team is 76ers ; free throws attempted is 2.0 ; free throws made is 1.0.	contradicting
Markieff Morris has lower rebound than Markieff Morris </s> player_name is Markieff Morris ; team is Suns ; offensive rebounds is 1.0 ; rebounds is 6.0. </s> player_name is Markieff Morris ; team is Wizards ; offensive rebounds is 2.0 ; rebounds is 4.0.	contradicting
Marcin Gortat has lower rebound than Marcin Gortat </s> player_name is Marcin Gortat ; team is Wizards ; rebounds is 7.0 ; blocks is 2.0. </s> player_name is Marcin Gortat ; team is Wizards ; rebounds is 9.0 ; blocks is 1.0.	contradicting
Jonas Valanciunas has lower rebound than Jonas Valanciunas </s> player_name is Jonas Valanciunas ; team is Raptors ; defensive rebounds is 4.0 ; offensive rebounds is 5.0. </s> player_name is Jonas Valanciunas ; team is Raptors ; defensive rebounds is 9.0 ; offensive rebounds is 1.0.	contradicting
Steven Adams has higher rebound than Steven Adams </s> player_name is Steven Adams ; team is Thunder ; offensive rebounds is 6.0 ; rebounds is 8.0. </s> player_name is Steven Adams ; team is Thunder ; offensive rebounds is 3.0 ; rebounds is 9.0.	contradicting
Brook Lopez has the same field goal as Brook Lopez </s> player_name is Brook Lopez ; team is Nets ; 3 point field goal made is 0.0 ; field goal made is 8.0. </s> player_name is Brook Lopez ; team is Nets ; 3 point field goal made is 0.0 ; field goal made is 10.0.	contradicting
Andre Roberson has the same point as Andre Roberson </s> player_name is Andre Roberson ; team is Thunder ; 3 point field goal attempted is 2.0 ; 3 point field goal percentage is 50.0. </s> player_name is Andre Roberson ; team is Thunder ; 3 point field goal attempted is 2.0 ; 3 point field goal percentage is 0.0.	contradicting
Steven Adams has lower rebound than Steven Adams </s> player_name is Steven Adams ; team is Thunder ; defensive rebounds is 2.0 ; rebounds is 8.0. </s> player_name is Steven Adams ; team is Thunder ; defensive rebounds is 3.0 ; rebounds is 4.0.	contradicting
Jeff Teague has lower percentage than Jeff Teague </s> player_name is Jeff Teague ; team is Hawks ; 3 point field goal percentage is 0.0 ; free throws percentage is 100.0. </s> player_name is Jeff Teague ; team is Hawks ; 3 point field goal percentage is 50.0 ; free throws percentage is 75.0.	contradicting
Kevin Love has higher field goal than Kevin Love </s> player_name is Kevin Love ; team is Cavaliers ; 3 point field goal made is 1.0 ; field goal made is 2.0. </s> player_name is Kevin Love ; team is Cavaliers ; 3 point field goal made is 0.0 ; field goal made is 7.0.	contradicting
James Harden has lower made than James Harden </s> player_name is James Harden ; team is Rockets ; field goal made is 9.0 ; free throws made is 12.0. </s> player_name is James Harden ; team is Rockets ; field goal made is 11.0 ; free throws made is 11.0.	contradicting
Kemba Walker has lower point than Kemba Walker </s> player_name is Kemba Walker ; team is Hornets ; 3 point field goal attempted is 2.0 ; 3 point field goal percentage is 100.0. </s> player_name is Kemba Walker ; team is Hornets ; 3 point field goal attempted is 12.0 ; 3 point field goal percentage is 42.0.	contradicting
DeMarre Carroll has the same field goal as DeMarre Carroll </s> player_name is DeMarre Carroll ; team is Hawks ; field goal made is 4.0 ; field goals percentage is 40.0. </s> player_name is DeMarre Carroll ; team is Hawks ; field goal made is 4.0 ; field goals percentage is 50.0.	contradicting
Jae Crowder has higher percentage than Jae Crowder </s> player_name is Jae Crowder ; team is Celtics ; 3 point field goal percentage is 44.0 ; free throws percentage is 0.0. </s> player_name is Jae Crowder ; team is Celtics ; 3 point field goal percentage is 33.0 ; free throws percentage is 100.0.	contradicting
Kristaps Porzingis has lower attempt than Kristaps Porzingis </s> player_name is Kristaps Porzingis ; team is Knicks ; field goal attempts is 13.0 ; free throws attempted is 4.0. </s> player_name is Kristaps Porzingis ; team is Knicks ; field goal attempts is 14.0 ; free throws attempted is 3.0.	contradicting
DeMar DeRozan has the same field goal as DeMar DeRozan </s> player_name is DeMar DeRozan ; team is Raptors ; field goal made is 5.0 ; 3 point field goal percentage is 0.0. </s> player_name is DeMar DeRozan ; team is Raptors ; field goal made is 5.0 ; 3 point field goal percentage is 25.0.	contradicting
Jeff Teague has the same throw as Jeff Teague </s> player_name is Jeff Teague ; team is Hawks ; free throws made is 6.0 ; free throws percentage is 75.0. </s> player_name is Jeff Teague ; team is Pacers ; free throws made is 6.0 ; free throws percentage is 86.0.	contradicting
Serge Ibaka has the same city as Serge Ibaka </s> player_name is Serge Ibaka ; team is Magic ; blocks is 1.0 ; town is Orlando. </s> player_name is Serge Ibaka ; team is Thunder ; blocks is 1.0 ; town is Oklahoma City.	contradicting
Marquese Chriss has higher field goal than Marquese Chriss </s> player_name is Marquese Chriss ; team is Suns ; field goal made is 3.0 ; field goals percentage is 43.0. </s> player_name is Marquese Chriss ; team is Suns ; field goal made is 2.0 ; field goals percentage is 50.0.	contradicting
Donald Sloan has lower made than Donald Sloan </s> player_name is Donald Sloan ; team is Nets ; field goal made is 4.0 ; free throws made is 5.0. </s> player_name is Donald Sloan ; team is Nets ; field goal made is 5.0 ; free throws made is 1.0.	contradicting
Serge Ibaka has higher rebound than Serge Ibaka </s> player_name is Serge Ibaka ; team is Magic ; rebounds is 9.0 ; assists is 1.0. </s> player_name is Serge Ibaka ; team is Thunder ; rebounds is 3.0 ; assists is 2.0.	contradicting
Evan Fournier has the same field goal as Evan Fournier </s> player_name is Evan Fournier ; team is Magic ; field goal made is 6.0 ; field goals percentage is 60.0. </s> player_name is Evan Fournier ; team is Magic ; field goal made is 6.0 ; field goals percentage is 46.0.	contradicting
Roy Hibbert has lower city than Roy Hibbert </s> player_name is Roy Hibbert ; team is Lakers ; blocks is 0.0 ; town is Los Angeles. </s> player_name is Roy Hibbert ; team is Hornets ; blocks is 2.0 ; town is Charlotte.	contradicting
Markieff Morris has lower rebound than Markieff Morris </s> player_name is Markieff Morris ; team is Wizards ; defensive rebounds is 2.0 ; offensive rebounds is 2.0. </s> player_name is Markieff Morris ; team is Wizards ; defensive rebounds is 8.0 ; offensive rebounds is 1.0.	contradicting
Ish Smith has the same city as Ish Smith </s> player_name is Ish Smith ; team is Pistons ; blocks is 0.0 ; town is Detroit. </s> player_name is Ish Smith ; team is 76ers ; blocks is 0.0 ; town is Philadelphia.	contradicting
Wesley Matthews has the same rebound as Wesley Matthews </s> player_name is Wesley Matthews ; team is Mavericks ; offensive rebounds is 1.0 ; rebounds is 5.0. </s> player_name is Wesley Matthews ; team is Trail Blazers ; offensive rebounds is 1.0 ; rebounds is 1.0.	contradicting
Victor Oladipo has lower field goal than Victor Oladipo </s> player_name is Victor Oladipo ; team is Thunder ; field goal made is 6.0 ; 3 point field goal attempted is 5.0. </s> player_name is Victor Oladipo ; team is Thunder ; field goal made is 9.0 ; 3 point field goal attempted is 3.0.	contradicting
Avery Bradley has higher field goal than Avery Bradley </s> player_name is Avery Bradley ; team is Celtics ; field goal made is 8.0 ; 3 point field goal attempted is 4.0. </s> player_name is Avery Bradley ; team is Celtics ; field goal made is 4.0 ; 3 point field goal attempted is 7.0.	contradicting
Kawhi Leonard has higher made than Kawhi Leonard </s> player_name is Kawhi Leonard ; team is Spurs ; field goal made is 10.0 ; free throws made is 1.0. </s> player_name is Kawhi Leonard ; team is Spurs ; field goal made is 8.0 ; free throws made is 6.0.	contradicting
Nicolas Batum has the same rebound as Nicolas Batum </s> player_name is Nicolas Batum ; team is Trail Blazers ; rebounds is 4.0 ; blocks is 1.0. </s> player_name is Nicolas Batum ; team is Hornets ; rebounds is 4.0 ; blocks is 0.0.	contradicting
Marvin Williams has the same attempt as Marvin Williams </s> player_name is Marvin Williams ; team is Hornets ; field goal attempts is 7.0 ; free throws attempted is 4.0. </s> player_name is Marvin Williams ; team is Hornets ; field goal attempts is 7.0 ; free throws attempted is 0.0.	contradicting
DeMarre Carroll has higher percentage than DeMarre Carroll </s> player_name is DeMarre Carroll ; team is Raptors ; 3 point field goal percentage is 57.0 ; free throws percentage is 50.0. </s> player_name is DeMarre Carroll ; team is Raptors ; 3 point field goal percentage is 0.0 ; free throws percentage is 100.0.	contradicting
DeMarre Carroll has lower city than DeMarre Carroll </s> player_name is DeMarre Carroll ; team is Raptors ; blocks is 0.0 ; town is Toronto. </s> player_name is DeMarre Carroll ; team is Hawks ; blocks is 1.0 ; town is Atlanta.	contradicting
DeMar DeRozan has higher rebound than DeMar DeRozan </s> player_name is DeMar DeRozan ; team is Raptors ; rebounds is 5.0 ; assists is 4.0. </s> player_name is DeMar DeRozan ; team is Raptors ; rebounds is 3.0 ; assists is 6.0.	contradicting
DeMarcus Cousins has lower point than DeMarcus Cousins </s> player_name is DeMarcus Cousins ; team is Kings ; 3 point field goal attempted is 1.0 ; 3 point field goal percentage is 100.0. </s> player_name is DeMarcus Cousins ; team is Kings ; 3 point field goal attempted is 6.0 ; 3 point field goal percentage is 17.0.	contradicting
Dirk Nowitzki has higher made than Dirk Nowitzki </s> player_name is Dirk Nowitzki ; team is Mavericks ; field goal made is 5.0 ; free throws made is 2.0. </s> player_name is Dirk Nowitzki ; team is Mavericks ; field goal made is 2.0 ; free throws made is 3.0.	contradicting
Kent Bazemore has lower point than Kent Bazemore </s> player_name is Kent Bazemore ; team is Hawks ; 3 point field goal made is 3.0 ; 3 point field goal percentage is 100.0. </s> player_name is Kent Bazemore ; team is Hawks ; 3 point field goal made is 4.0 ; 3 point field goal percentage is 67.0.	contradicting
Evan Fournier has the same field goal as Evan Fournier </s> player_name is Evan Fournier ; team is Magic ; field goal made is 6.0 ; 3 point field goal attempted is 2.0. </s> player_name is Evan Fournier ; team is Magic ; field goal made is 6.0 ; 3 point field goal attempted is 5.0.	contradicting
Bradley Beal has lower throw than Bradley Beal </s> player_name is Bradley Beal ; team is Wizards ; free throws attempted is 3.0 ; free throws percentage is 100.0. </s> player_name is Bradley Beal ; team is Wizards ; free throws attempted is 11.0 ; free throws percentage is 82.0.	contradicting
CJ McCollum has the same rebound as CJ McCollum </s> player_name is CJ McCollum ; team is Trail Blazers ; rebounds is 2.0 ; assists is 1.0. </s> player_name is CJ McCollum ; team is Trail Blazers ; rebounds is 2.0 ; assists is 3.0.	contradicting
Serge Ibaka has lower rebound than Serge Ibaka </s> player_name is Serge Ibaka ; team is Thunder ; rebounds is 3.0 ; assists is 2.0. </s> player_name is Serge Ibaka ; team is Raptors ; rebounds is 8.0 ; assists is 1.0.	contradicting
Rudy Gay has lower field goal than Rudy Gay </s> player_name is Rudy Gay ; team is Kings ; field goal made is 4.0 ; 3 point field goal attempted is 4.0. </s> player_name is Rudy Gay ; team is Kings ; field goal made is 6.0 ; 3 point field goal attempted is 3.0.	contradicting
LaMarcus Aldridge has higher city than LaMarcus Aldridge </s> player_name is LaMarcus Aldridge ; team is Trail Blazers ; blocks is 1.0 ; town is Portland. </s> player_name is LaMarcus Aldridge ; team is Spurs ; blocks is 0.0 ; town is San Antonio.	contradicting
Goran Dragic has lower rebound than Goran Dragic </s> player_name is Goran Dragic ; team is Heat ; rebounds is 2.0 ; assists is 4.0. </s> player_name is Goran Dragic ; team is Suns ; rebounds is 5.0 ; assists is 3.0.	contradicting
Elfrid Payton has higher rebound than Elfrid Payton </s> player_name is Elfrid Payton ; team is Magic ; offensive rebounds is 2.0 ; rebounds is 3.0. </s> player_name is Elfrid Payton ; team is Magic ; offensive rebounds is 1.0 ; rebounds is 4.0.	contradicting
Robin Lopez has the same field goal as Robin Lopez </s> player_name is Robin Lopez ; team is Bulls ; 3 point field goal percentage is 0.0 ; field goals percentage is 33.0. </s> player_name is Robin Lopez ; team is Bulls ; 3 point field goal percentage is 0.0 ; field goals percentage is 50.0.	contradicting
Luc Mbah a Moute has lower percentage than Luc Mbah a Moute </s> player_name is Luc Mbah a Moute ; team is Clippers ; 3 point field goal percentage is 0.0 ; free throws percentage is 100.0. </s> player_name is Luc Mbah a Moute ; team is Clippers ; 3 point field goal percentage is 100.0 ; free throws percentage is 0.0.	contradicting
Jerami Grant has the same field goal as Jerami Grant </s> player_name is Jerami Grant ; team is 76ers ; field goal made is 2.0 ; 3 point field goal percentage is 50.0. </s> player_name is Jerami Grant ; team is 76ers ; field goal made is 2.0 ; 3 point field goal percentage is 0.0.	contradicting
Kemba Walker has higher throw than Kemba Walker </s> player_name is Kemba Walker ; team is Hornets ; free throws attempted is 8.0 ; free throws percentage is 75.0. </s> player_name is Kemba Walker ; team is Hornets ; free throws attempted is 3.0 ; free throws percentage is 100.0.	contradicting
Kent Bazemore has lower point than Kent Bazemore </s> player_name is Kent Bazemore ; team is Hawks ; 3 point field goal made is 3.0 ; 3 point field goal percentage is 100.0. </s> player_name is Kent Bazemore ; team is Hawks ; 3 point field goal made is 4.0 ; 3 point field goal percentage is 80.0.	contradicting
Dennis Schroder has lower throw than Dennis Schroder </s> player_name is Dennis Schroder ; team is Hawks ; free throws attempted is 5.0 ; free throws made is 5.0. </s> player_name is Dennis Schroder ; team is Hawks ; free throws attempted is 6.0 ; free throws made is 4.0.	contradicting
Patrick Beverley has the same field goal as Patrick Beverley </s> player_name is Patrick Beverley ; team is Rockets ; field goal made is 2.0 ; 3 point field goal percentage is 0.0. </s> player_name is Patrick Beverley ; team is Rockets ; field goal made is 2.0 ; 3 point field goal percentage is 25.0.	contradicting
Blake Griffin has the same field goal as Blake Griffin </s> player_name is Blake Griffin ; team is Clippers ; 3 point field goal made is 0.0 ; field goal made is 14.0. </s> player_name is Blake Griffin ; team is Clippers ; 3 point field goal made is 0.0 ; field goal made is 9.0.	contradicting
Draymond Green has higher game sheet than Draymond Green </s> player_name is Draymond Green ; team is Golden State Warriors ; assists is 5.0 ; steals is 2.0. </s> player_name is Draymond Green ; team is Golden State Warriors ; assists is 4.0 ; steals is 5.0.	contradicting
DeMarcus Cousins has lower rebound than DeMarcus Cousins </s> player_name is DeMarcus Cousins ; team is Kings ; defensive rebounds is 5.0 ; rebounds is 11.0. </s> player_name is DeMarcus Cousins ; team is Kings ; defensive rebounds is 9.0 ; rebounds is 9.0.	contradicting
Russell Westbrook has lower field goal than Russell Westbrook </s> player_name is Russell Westbrook ; team is Thunder ; field goal made is 6.0 ; field goals percentage is 40.0. </s> player_name is Russell Westbrook ; team is Thunder ; field goal made is 8.0 ; field goals percentage is 36.0.	contradicting
Julius Randle has lower field goal than Julius Randle </s> player_name is Julius Randle ; team is Lakers ; 3 point field goal made is 0.0 ; field goal made is 6.0. </s> player_name is Julius Randle ; team is Lakers ; 3 point field goal made is 1.0 ; field goal made is 3.0.	contradicting
Michael Carter-Williams has higher made than Michael Carter-Williams </s> player_name is Michael Carter-Williams ; team is 76ers ; field goal made is 3.0 ; free throws made is 2.0. </s> player_name is Michael Carter-Williams ; team is Bulls ; field goal made is 2.0 ; free throws made is 4.0.	contradicting
DeMar DeRozan has higher throw than DeMar DeRozan </s> player_name is DeMar DeRozan ; team is Raptors ; free throws attempted is 14.0 ; free throws percentage is 86.0. </s> player_name is DeMar DeRozan ; team is Raptors ; free throws attempted is 9.0 ; free throws percentage is 89.0.	contradicting
DeMarre Carroll has lower percentage than DeMarre Carroll </s> player_name is DeMarre Carroll ; team is Hawks ; 3 point field goal percentage is 43.0 ; free throws percentage is 75.0. </s> player_name is DeMarre Carroll ; team is Raptors ; 3 point field goal percentage is 57.0 ; free throws percentage is 50.0.	contradicting
Serge Ibaka has higher field goal than Serge Ibaka </s> player_name is Serge Ibaka ; team is Thunder ; 3 point field goal made is 2.0 ; field goal made is 4.0. </s> player_name is Serge Ibaka ; team is Raptors ; 3 point field goal made is 0.0 ; field goal made is 5.0.	contradicting
Michael Kidd-Gilchrist has the same field goal as Michael Kidd-Gilchrist </s> player_name is Michael Kidd-Gilchrist ; team is Hornets ; field goal made is 1.0 ; 3 point field goal attempted is 1.0. </s> player_name is Michael Kidd-Gilchrist ; team is Hornets ; field goal made is 1.0 ; 3 point field goal attempted is 0.0.	contradicting
JJ Redick has the same rebound as JJ Redick </s> player_name is JJ Redick ; team is Clippers ; defensive rebounds is 1.0 ; offensive rebounds is 1.0. </s> player_name is JJ Redick ; team is Clippers ; defensive rebounds is 1.0 ; offensive rebounds is 0.0.	contradicting
John Wall has lower rebound than John Wall </s> player_name is John Wall ; team is Wizards ; rebounds is 6.0 ; blocks is 2.0. </s> player_name is John Wall ; team is Wizards ; rebounds is 7.0 ; blocks is 0.0.	contradicting
James Harden has lower percentage than James Harden </s> player_name is James Harden ; team is Rockets ; 3 point field goal percentage is 0.0 ; field goals percentage is 36.0. </s> player_name is James Harden ; team is Rockets ; 3 point field goal percentage is 20.0 ; field goals percentage is 22.0.	contradicting
Dwight Howard has the same throw as Dwight Howard </s> player_name is Dwight Howard ; team is Hawks ; free throws attempted is 3.0 ; free throws made is 1.0. </s> player_name is Dwight Howard ; team is Hawks ; free throws attempted is 3.0 ; free throws made is 3.0.	contradicting
Damian Lillard has the same field goal as Damian Lillard </s> player_name is Damian Lillard ; team is Trail Blazers ; field goal made is 9.0 ; 3 point field goal attempted is 11.0. </s> player_name is Damian Lillard ; team is Trail Blazers ; field goal made is 9.0 ; 3 point field goal attempted is 5.0.	contradicting
Steven Adams has the same percentage as Steven Adams </s> player_name is Steven Adams ; team is Thunder ; 3 point field goal percentage is 0.0 ; field goals percentage is 64.0. </s> player_name is Steven Adams ; team is Thunder ; 3 point field goal percentage is 0.0 ; field goals percentage is 50.0.	contradicting
DeMarre Carroll has the same field goal as DeMarre Carroll </s> player_name is DeMarre Carroll ; team is Hawks ; 3 point field goal percentage is 0.0 ; field goals percentage is 50.0. </s> player_name is DeMarre Carroll ; team is Raptors ; 3 point field goal percentage is 0.0 ; field goals percentage is 75.0.	contradicting
Thabo Sefolosha has higher rebound than Thabo Sefolosha </s> player_name is Thabo Sefolosha ; team is Hawks ; defensive rebounds is 5.0 ; offensive rebounds is 0.0. </s> player_name is Thabo Sefolosha ; team is Hawks ; defensive rebounds is 3.0 ; offensive rebounds is 2.0.	contradicting
Jeff Teague has the same throw as Jeff Teague </s> player_name is Jeff Teague ; team is Hawks ; free throws made is 6.0 ; free throws percentage is 100.0. </s> player_name is Jeff Teague ; team is Hawks ; free throws made is 6.0 ; free throws percentage is 75.0.	contradicting
Kawhi Leonard has the same field goal as Kawhi Leonard </s> player_name is Kawhi Leonard ; team is Spurs ; field goal made is 8.0 ; 3 point field goal attempted is 7.0. </s> player_name is Kawhi Leonard ; team is Spurs ; field goal made is 8.0 ; 3 point field goal attempted is 4.0.	contradicting
Quincy Acy has lower percentage than Quincy Acy </s> player_name is Quincy Acy ; team is Kings ; 3 point field goal percentage is 50.0 ; free throws percentage is 100.0. </s> player_name is Quincy Acy ; team is Kings ; 3 point field goal percentage is 100.0 ; free throws percentage is 0.0.	contradicting
