Brook Lopez has higher rebound than Brook Lopez </s> player_name is Brook Lopez ; team is Nets ; rebounds is 7.0 ; assists is 1.0. </s> player_name is Brook Lopez ; team is Nets ; rebounds is 12.0 ; assists is 3.0.	uniform_false
Wesley Matthews has lower field goal than Wesley Matthews </s> player_name is Wesley Matthews ; team is Mavericks ; 3 point field goal percentage is 60.0 ; field goals percentage is 56.0. </s> player_name is Wesley Matthews ; team is Trail Blazers ; 3 point field goal percentage is 0.0 ; field goals percentage is 25.0.	uniform_false
Elfrid Payton has higher field goal than Elfrid Payton </s> player_name is Elfrid Payton ; team is Magic ; field goal made is 0.0 ; 3 point field goal percentage is 0.0. </s> player_name is Elfrid Payton ; team is Magic ; field goal made is 6.0 ; 3 point field goal percentage is 33.0.	uniform_false
Zach Randolph has different field goal as Zach Randolph </s> player_name is Zach Randolph ; team is Grizzles ; field goal made is 8.0 ; 3 point field goal percentage is 100.0. </s> player_name is Zach Randolph ; team is Grizzles ; field goal made is 8.0 ; 3 point field goal percentage is 100.0.	uniform_false
Serge Ibaka has lower point than Serge Ibaka </s> player_name is Serge Ibaka ; team is Raptors ; 3 point field goal made is 1.0 ; 3 point field goal percentage is 25.0. </s> player_name is Serge Ibaka ; team is Magic ; 3 point field goal made is 0.0 ; 3 point field goal percentage is 0.0.	uniform_false
Serge Ibaka has lower throw than Serge Ibaka </s> player_name is Serge Ibaka ; team is Raptors ; free throws attempted is 2.0 ; free throws made is 2.0. </s> player_name is Serge Ibaka ; team is Magic ; free throws attempted is 0.0 ; free throws made is 0.0.	uniform_false
Wesley Matthews has lower point than Wesley Matthews </s> player_name is Wesley Matthews ; team is Trail Blazers ; 3 point field goal attempted is 10.0 ; 3 point field goal percentage is 40.0. </s> player_name is Wesley Matthews ; team is Trail Blazers ; 3 point field goal attempted is 3.0 ; 3 point field goal percentage is 0.0.	uniform_false
Dwight Howard has higher throw than Dwight Howard </s> player_name is Dwight Howard ; team is Hawks ; free throws attempted is 3.0 ; free throws percentage is 33.0. </s> player_name is Dwight Howard ; team is Rockets ; free throws attempted is 5.0 ; free throws percentage is 40.0.	uniform_false
PJ Tucker has lower throw than PJ Tucker </s> player_name is PJ Tucker ; team is Raptors ; free throws attempted is 2.0 ; free throws made is 2.0. </s> player_name is PJ Tucker ; team is Suns ; free throws attempted is 0.0 ; free throws made is 0.0.	uniform_false
Jeff Green has lower throw than Jeff Green </s> player_name is Jeff Green ; team is Grizzles ; free throws attempted is 4.0 ; free throws made is 4.0. </s> player_name is Jeff Green ; team is Magic ; free throws attempted is 2.0 ; free throws made is 2.0.	uniform_false
Amir Johnson has higher field goal than Amir Johnson </s> player_name is Amir Johnson ; team is Celtics ; field goal made is 2.0 ; 3 point field goal attempted is 0.0. </s> player_name is Amir Johnson ; team is Celtics ; field goal made is 9.0 ; 3 point field goal attempted is 4.0.	uniform_false
Victor Oladipo has higher throw than Victor Oladipo </s> player_name is Victor Oladipo ; team is Thunder ; free throws made is 2.0 ; free throws percentage is 67.0. </s> player_name is Victor Oladipo ; team is Thunder ; free throws made is 8.0 ; free throws percentage is 100.0.	uniform_false
CJ Miles has different city as CJ Miles </s> player_name is CJ Miles ; team is Pacers ; team_city is Indiana ; town is Indianapolis. </s> player_name is CJ Miles ; team is Pacers ; team_city is Indiana ; town is Indianapolis.	uniform_false
DeAndre Jordan has different name as DeAndre Jordan </s> player_name is DeAndre Jordan ; team is Clippers ; first_name is DeAndre ; player_name is DeAndre Jordan. </s> player_name is DeAndre Jordan ; team is Clippers ; first_name is DeAndre ; player_name is DeAndre Jordan.	uniform_false
Tristan Thompson has lower game sheet than Tristan Thompson </s> player_name is Tristan Thompson ; team is Cavaliers ; assists is 2.0 ; steals is 1.0. </s> player_name is Tristan Thompson ; team is Cavaliers ; assists is 0.0 ; steals is 0.0.	uniform_false
Al Horford has lower point than Al Horford </s> player_name is Al Horford ; team is Celtics ; 3 point field goal made is 1.0 ; 3 point field goal percentage is 25.0. </s> player_name is Al Horford ; team is Hawks ; 3 point field goal made is 0.0 ; 3 point field goal percentage is 0.0.	uniform_false
Nikola Vucevic has lower rebound than Nikola Vucevic </s> player_name is Nikola Vucevic ; team is Magic ; rebounds is 11.0 ; blocks is 1.0. </s> player_name is Nikola Vucevic ; team is Magic ; rebounds is 3.0 ; blocks is 0.0.	uniform_false
Danny Green has lower field goal than Danny Green </s> player_name is Danny Green ; team is Spurs ; 3 point field goal made is 4.0 ; field goal made is 6.0. </s> player_name is Danny Green ; team is Spurs ; 3 point field goal made is 3.0 ; field goal made is 3.0.	uniform_false
Serge Ibaka has lower percentage than Serge Ibaka </s> player_name is Serge Ibaka ; team is Thunder ; 3 point field goal percentage is 50.0 ; field goals percentage is 67.0. </s> player_name is Serge Ibaka ; team is Raptors ; 3 point field goal percentage is 0.0 ; field goals percentage is 46.0.	uniform_false
Al Horford has higher field goal than Al Horford </s> player_name is Al Horford ; team is Celtics ; field goal made is 4.0 ; field goals percentage is 36.0. </s> player_name is Al Horford ; team is Hawks ; field goal made is 10.0 ; field goals percentage is 42.0.	uniform_false
Aaron Gordon has lower throw than Aaron Gordon </s> player_name is Aaron Gordon ; team is Magic ; free throws made is 5.0 ; free throws percentage is 83.0. </s> player_name is Aaron Gordon ; team is Magic ; free throws made is 0.0 ; free throws percentage is 0.0.	uniform_false
Julius Randle has different city as Julius Randle </s> player_name is Julius Randle ; team is Lakers ; team_city is Los Angeles ; town is Los Angeles. </s> player_name is Julius Randle ; team is Lakers ; team_city is Los Angeles ; town is Los Angeles.	uniform_false
Paul Millsap has higher attempt than Paul Millsap </s> player_name is Paul Millsap ; team is Hawks ; field goal attempts is 17.0 ; free throws attempted is 7.0. </s> player_name is Paul Millsap ; team is Hawks ; field goal attempts is 29.0 ; free throws attempted is 10.0.	uniform_false
Paul Millsap has higher attempt than Paul Millsap </s> player_name is Paul Millsap ; team is Hawks ; field goal attempts is 7.0 ; free throws attempted is 2.0. </s> player_name is Paul Millsap ; team is Hawks ; field goal attempts is 17.0 ; free throws attempted is 7.0.	uniform_false
Serge Ibaka has lower city than Serge Ibaka </s> player_name is Serge Ibaka ; team is Raptors ; blocks is 3.0 ; town is Toronto. </s> player_name is Serge Ibaka ; team is Magic ; blocks is 1.0 ; town is Orlando.	uniform_false
Harrison Barnes has different point as Harrison Barnes </s> player_name is Harrison Barnes ; team is Mavericks ; 3 point field goal attempted is 2.0 ; 3 point field goal percentage is 0.0. </s> player_name is Harrison Barnes ; team is Mavericks ; 3 point field goal attempted is 2.0 ; 3 point field goal percentage is 0.0.	uniform_false
Stephen Curry has different game sheet as Stephen Curry </s> player_name is Stephen Curry ; team is Golden State Warriors ; assists is 12.0 ; steals is 6.0. </s> player_name is Stephen Curry ; team is Golden State Warriors ; assists is 12.0 ; steals is 6.0.	uniform_false
Russell Westbrook has lower rebound than Russell Westbrook </s> player_name is Russell Westbrook ; team is Thunder ; defensive rebounds is 10.0 ; offensive rebounds is 3.0. </s> player_name is Russell Westbrook ; team is Thunder ; defensive rebounds is 6.0 ; offensive rebounds is 1.0.	uniform_false
Darren Collison has lower rebound than Darren Collison </s> player_name is Darren Collison ; team is Kings ; defensive rebounds is 2.0 ; rebounds is 2.0. </s> player_name is Darren Collison ; team is Kings ; defensive rebounds is 1.0 ; rebounds is 1.0.	uniform_false
Klay Thompson has different rebound as Klay Thompson </s> player_name is Klay Thompson ; team is Golden State Warriors ; defensive rebounds is 1.0 ; offensive rebounds is 0.0. </s> player_name is Klay Thompson ; team is Golden State Warriors ; defensive rebounds is 1.0 ; offensive rebounds is 0.0.	uniform_false
Dennis Schroder has lower percentage than Dennis Schroder </s> player_name is Dennis Schroder ; team is Hawks ; 3 point field goal percentage is 50.0 ; field goals percentage is 63.0. </s> player_name is Dennis Schroder ; team is Hawks ; 3 point field goal percentage is 0.0 ; field goals percentage is 54.0.	uniform_false
Jonas Valanciunas has lower rebound than Jonas Valanciunas </s> player_name is Jonas Valanciunas ; team is Raptors ; defensive rebounds is 7.0 ; rebounds is 13.0. </s> player_name is Jonas Valanciunas ; team is Raptors ; defensive rebounds is 6.0 ; rebounds is 10.0.	uniform_false
Kevin Durant has different percentage as Kevin Durant </s> player_name is Kevin Durant ; team is Golden State Warriors ; 3 point field goal percentage is 0.0 ; field goals percentage is 57.0. </s> player_name is Kevin Durant ; team is Golden State Warriors ; 3 point field goal percentage is 0.0 ; field goals percentage is 57.0.	uniform_false
Steven Adams has higher rebound than Steven Adams </s> player_name is Steven Adams ; team is Thunder ; rebounds is 4.0 ; blocks is 0.0. </s> player_name is Steven Adams ; team is Thunder ; rebounds is 5.0 ; blocks is 1.0.	uniform_false
DeMarre Carroll has lower attempt than DeMarre Carroll </s> player_name is DeMarre Carroll ; team is Hawks ; field goal attempts is 8.0 ; free throws attempted is 6.0. </s> player_name is DeMarre Carroll ; team is Raptors ; field goal attempts is 4.0 ; free throws attempted is 2.0.	uniform_false
Kentavious Caldwell-Pope has different field goal as Kentavious Caldwell-Pope </s> player_name is Kentavious Caldwell-Pope ; team is Pistons ; 3 point field goal made is 0.0 ; field goal made is 3.0. </s> player_name is Kentavious Caldwell-Pope ; team is Pistons ; 3 point field goal made is 0.0 ; field goal made is 3.0.	uniform_false
Kawhi Leonard has lower throw than Kawhi Leonard </s> player_name is Kawhi Leonard ; team is Spurs ; free throws attempted is 6.0 ; free throws percentage is 100.0. </s> player_name is Kawhi Leonard ; team is Spurs ; free throws attempted is 2.0 ; free throws percentage is 50.0.	uniform_false
Deron Williams has different field goal as Deron Williams </s> player_name is Deron Williams ; team is Mavericks ; field goal made is 3.0 ; 3 point field goal attempted is 5.0. </s> player_name is Deron Williams ; team is Mavericks ; field goal made is 3.0 ; 3 point field goal attempted is 5.0.	uniform_false
James Harden has different field goal as James Harden </s> player_name is James Harden ; team is Rockets ; field goal made is 11.0 ; 3 point field goal percentage is 50.0. </s> player_name is James Harden ; team is Rockets ; field goal made is 11.0 ; 3 point field goal percentage is 50.0.	uniform_false
Patrick Beverley has lower rebound than Patrick Beverley </s> player_name is Patrick Beverley ; team is Rockets ; offensive rebounds is 1.0 ; rebounds is 8.0. </s> player_name is Patrick Beverley ; team is Rockets ; offensive rebounds is 0.0 ; rebounds is 0.0.	uniform_false
Kent Bazemore has higher percentage than Kent Bazemore </s> player_name is Kent Bazemore ; team is Hawks ; 3 point field goal percentage is 67.0 ; free throws percentage is 71.0. </s> player_name is Kent Bazemore ; team is Hawks ; 3 point field goal percentage is 80.0 ; free throws percentage is 100.0.	uniform_false
Dwight Howard has lower throw than Dwight Howard </s> player_name is Dwight Howard ; team is Rockets ; free throws made is 4.0 ; free throws percentage is 80.0. </s> player_name is Dwight Howard ; team is Hawks ; free throws made is 1.0 ; free throws percentage is 25.0.	uniform_false
Paul George has higher rebound than Paul George </s> player_name is Paul George ; team is Pacers ; offensive rebounds is 0.0 ; rebounds is 8.0. </s> player_name is Paul George ; team is Pacers ; offensive rebounds is 1.0 ; rebounds is 10.0.	uniform_false
Cory Joseph has higher rebound than Cory Joseph </s> player_name is Cory Joseph ; team is Raptors ; defensive rebounds is 2.0 ; offensive rebounds is 0.0. </s> player_name is Cory Joseph ; team is Raptors ; defensive rebounds is 4.0 ; offensive rebounds is 3.0.	uniform_false
Serge Ibaka has different throw as Serge Ibaka </s> player_name is Serge Ibaka ; team is Raptors ; free throws attempted is 0.0 ; free throws made is 0.0. </s> player_name is Serge Ibaka ; team is Raptors ; free throws attempted is 0.0 ; free throws made is 0.0.	uniform_false
Steven Adams has different point as Steven Adams </s> player_name is Steven Adams ; team is Thunder ; 3 point field goal made is 0.0 ; 3 point field goal percentage is 0.0. </s> player_name is Steven Adams ; team is Thunder ; 3 point field goal made is 0.0 ; 3 point field goal percentage is 0.0.	uniform_false
Russell Westbrook has higher game sheet than Russell Westbrook </s> player_name is Russell Westbrook ; team is Thunder ; assists is 11.0 ; steals is 0.0. </s> player_name is Russell Westbrook ; team is Thunder ; assists is 16.0 ; steals is 1.0.	uniform_false
Damian Lillard has higher point than Damian Lillard </s> player_name is Damian Lillard ; team is Trail Blazers ; 3 point field goal made is 2.0 ; 3 point field goal percentage is 33.0. </s> player_name is Damian Lillard ; team is Trail Blazers ; 3 point field goal made is 5.0 ; 3 point field goal percentage is 46.0.	uniform_false
Jae Crowder has higher attempt than Jae Crowder </s> player_name is Jae Crowder ; team is Celtics ; field goal attempts is 5.0 ; free throws attempted is 2.0. </s> player_name is Jae Crowder ; team is Celtics ; field goal attempts is 12.0 ; free throws attempted is 4.0.	uniform_false
Eric Bledsoe has lower throw than Eric Bledsoe </s> player_name is Eric Bledsoe ; team is Suns ; free throws made is 14.0 ; free throws percentage is 93.0. </s> player_name is Eric Bledsoe ; team is Suns ; free throws made is 7.0 ; free throws percentage is 88.0.	uniform_false
Blake Griffin has different name as Blake Griffin </s> player_name is Blake Griffin ; team is Clippers ; first_name is Blake ; player_name is Blake Griffin. </s> player_name is Blake Griffin ; team is Clippers ; first_name is Blake ; player_name is Blake Griffin.	uniform_false
Dwight Howard has lower throw than Dwight Howard </s> player_name is Dwight Howard ; team is Hawks ; free throws made is 3.0 ; free throws percentage is 100.0. </s> player_name is Dwight Howard ; team is Hawks ; free throws made is 1.0 ; free throws percentage is 33.0.	uniform_false
Devin Booker has different name as Devin Booker </s> player_name is Devin Booker ; team is Suns ; first_name is Devin ; player_name is Devin Booker. </s> player_name is Devin Booker ; team is Suns ; first_name is Devin ; player_name is Devin Booker.	uniform_false
Paul George has different field goal as Paul George </s> player_name is Paul George ; team is Pacers ; field goal made is 9.0 ; 3 point field goal percentage is 43.0. </s> player_name is Paul George ; team is Pacers ; field goal made is 9.0 ; 3 point field goal percentage is 43.0.	uniform_false
Wesley Matthews has higher percentage than Wesley Matthews </s> player_name is Wesley Matthews ; team is Mavericks ; 3 point field goal percentage is 0.0 ; free throws percentage is 0.0. </s> player_name is Wesley Matthews ; team is Mavericks ; 3 point field goal percentage is 43.0 ; free throws percentage is 100.0.	uniform_false
Kevin Durant has higher percentage than Kevin Durant </s> player_name is Kevin Durant ; team is Golden State Warriors ; 3 point field goal percentage is 0.0 ; field goals percentage is 57.0. </s> player_name is Kevin Durant ; team is Thunder ; 3 point field goal percentage is 50.0 ; field goals percentage is 64.0.	uniform_false
Elfrid Payton has higher field goal than Elfrid Payton </s> player_name is Elfrid Payton ; team is Magic ; field goal made is 3.0 ; 3 point field goal percentage is 0.0. </s> player_name is Elfrid Payton ; team is Magic ; field goal made is 6.0 ; 3 point field goal percentage is 33.0.	uniform_false
Serge Ibaka has different throw as Serge Ibaka </s> player_name is Serge Ibaka ; team is Magic ; free throws attempted is 6.0 ; free throws percentage is 100.0. </s> player_name is Serge Ibaka ; team is Magic ; free throws attempted is 6.0 ; free throws percentage is 100.0.	uniform_false
Paul George has higher rebound than Paul George </s> player_name is Paul George ; team is Pacers ; defensive rebounds is 8.0 ; offensive rebounds is 0.0. </s> player_name is Paul George ; team is Pacers ; defensive rebounds is 9.0 ; offensive rebounds is 1.0.	uniform_false
Paul George has higher field goal than Paul George </s> player_name is Paul George ; team is Pacers ; 3 point field goal percentage is 0.0 ; field goals percentage is 38.0. </s> player_name is Paul George ; team is Pacers ; 3 point field goal percentage is 40.0 ; field goals percentage is 46.0.	uniform_false
Bismack Biyombo has different attempt as Bismack Biyombo </s> player_name is Bismack Biyombo ; team is Magic ; field goal attempts is 2.0 ; free throws attempted is 2.0. </s> player_name is Bismack Biyombo ; team is Magic ; field goal attempts is 2.0 ; free throws attempted is 2.0.	uniform_false
Nicolas Batum has different throw as Nicolas Batum </s> player_name is Nicolas Batum ; team is Trail Blazers ; free throws attempted is 0.0 ; free throws percentage is 0.0. </s> player_name is Nicolas Batum ; team is Trail Blazers ; free throws attempted is 0.0 ; free throws percentage is 0.0.	uniform_false
Jeff Teague has lower percentage than Jeff Teague </s> player_name is Jeff Teague ; team is Hawks ; 3 point field goal percentage is 50.0 ; field goals percentage is 69.0. </s> player_name is Jeff Teague ; team is Hawks ; 3 point field goal percentage is 0.0 ; field goals percentage is 50.0.	uniform_false
Wesley Matthews has higher field goal than Wesley Matthews </s> player_name is Wesley Matthews ; team is Mavericks ; 3 point field goal percentage is 0.0 ; field goals percentage is 14.0. </s> player_name is Wesley Matthews ; team is Mavericks ; 3 point field goal percentage is 60.0 ; field goals percentage is 56.0.	uniform_false
Patrick Beverley has higher field goal than Patrick Beverley </s> player_name is Patrick Beverley ; team is Rockets ; field goal made is 2.0 ; 3 point field goal percentage is 0.0. </s> player_name is Patrick Beverley ; team is Rockets ; field goal made is 4.0 ; 3 point field goal percentage is 29.0.	uniform_false
Kosta Koufos has different rebound as Kosta Koufos </s> player_name is Kosta Koufos ; team is Kings ; rebounds is 2.0 ; assists is 1.0. </s> player_name is Kosta Koufos ; team is Kings ; rebounds is 2.0 ; assists is 1.0.	uniform_false
Russell Westbrook has lower field goal than Russell Westbrook </s> player_name is Russell Westbrook ; team is Thunder ; 3 point field goal made is 4.0 ; field goal made is 11.0. </s> player_name is Russell Westbrook ; team is Thunder ; 3 point field goal made is 0.0 ; field goal made is 8.0.	uniform_false
Kent Bazemore has lower attempt than Kent Bazemore </s> player_name is Kent Bazemore ; team is Hawks ; field goal attempts is 13.0 ; free throws attempted is 7.0. </s> player_name is Kent Bazemore ; team is Hawks ; field goal attempts is 9.0 ; free throws attempted is 2.0.	uniform_false
Al Horford has lower rebound than Al Horford </s> player_name is Al Horford ; team is Hawks ; offensive rebounds is 6.0 ; rebounds is 13.0. </s> player_name is Al Horford ; team is Celtics ; offensive rebounds is 2.0 ; rebounds is 8.0.	uniform_false
Michael Kidd-Gilchrist has different throw as Michael Kidd-Gilchrist </s> player_name is Michael Kidd-Gilchrist ; team is Hornets ; free throws attempted is 0.0 ; free throws made is 0.0. </s> player_name is Michael Kidd-Gilchrist ; team is Hornets ; free throws attempted is 0.0 ; free throws made is 0.0.	uniform_false
Domantas Sabonis has different percentage as Domantas Sabonis </s> player_name is Domantas Sabonis ; team is Thunder ; 3 point field goal percentage is 0.0 ; free throws percentage is 0.0. </s> player_name is Domantas Sabonis ; team is Thunder ; 3 point field goal percentage is 0.0 ; free throws percentage is 0.0.	uniform_false
Tristan Thompson has different name as Tristan Thompson </s> player_name is Tristan Thompson ; team is Cavaliers ; first_name is Tristan ; second_name is Thompson. </s> player_name is Tristan Thompson ; team is Cavaliers ; first_name is Tristan ; second_name is Thompson.	uniform_false
Paul George has higher field goal than Paul George </s> player_name is Paul George ; team is Pacers ; 3 point field goal made is 0.0 ; field goal made is 3.0. </s> player_name is Paul George ; team is Pacers ; 3 point field goal made is 3.0 ; field goal made is 9.0.	uniform_false
Jeff Teague has different throw as Jeff Teague </s> player_name is Jeff Teague ; team is Pacers ; free throws attempted is 7.0 ; free throws made is 6.0. </s> player_name is Jeff Teague ; team is Pacers ; free throws attempted is 7.0 ; free throws made is 6.0.	uniform_false
Kristaps Porzingis has different game sheet as Kristaps Porzingis </s> player_name is Kristaps Porzingis ; team is Knicks ; assists is 1.0 ; steals is 0.0. </s> player_name is Kristaps Porzingis ; team is Knicks ; assists is 1.0 ; steals is 0.0.	uniform_false
Wesley Matthews has lower made than Wesley Matthews </s> player_name is Wesley Matthews ; team is Mavericks ; field goal made is 7.0 ; free throws made is 2.0. </s> player_name is Wesley Matthews ; team is Trail Blazers ; field goal made is 1.0 ; free throws made is 0.0.	uniform_false
Rajon Rondo has different city as Rajon Rondo </s> player_name is Rajon Rondo ; team is Bulls ; blocks is 1.0 ; town is Chicago. </s> player_name is Rajon Rondo ; team is Bulls ; blocks is 1.0 ; town is Chicago.	uniform_false
Solomon Hill has higher throw than Solomon Hill </s> player_name is Solomon Hill ; team is Pacers ; free throws attempted is 2.0 ; free throws percentage is 0.0. </s> player_name is Solomon Hill ; team is Pellicans ; free throws attempted is 3.0 ; free throws percentage is 100.0.	uniform_false
Jae Crowder has lower field goal than Jae Crowder </s> player_name is Jae Crowder ; team is Celtics ; 3 point field goal made is 2.0 ; field goal made is 6.0. </s> player_name is Jae Crowder ; team is Celtics ; 3 point field goal made is 1.0 ; field goal made is 1.0.	uniform_false
Wesley Matthews has lower attempt than Wesley Matthews </s> player_name is Wesley Matthews ; team is Trail Blazers ; field goal attempts is 14.0 ; free throws attempted is 5.0. </s> player_name is Wesley Matthews ; team is Mavericks ; field goal attempts is 9.0 ; free throws attempted is 0.0.	uniform_false
DeMar DeRozan has higher rebound than DeMar DeRozan </s> player_name is DeMar DeRozan ; team is Raptors ; offensive rebounds is 0.0 ; rebounds is 3.0. </s> player_name is DeMar DeRozan ; team is Raptors ; offensive rebounds is 1.0 ; rebounds is 4.0.	uniform_false
Andre Roberson has different game sheet as Andre Roberson </s> player_name is Andre Roberson ; team is Thunder ; assists is 0.0 ; steals is 0.0. </s> player_name is Andre Roberson ; team is Thunder ; assists is 0.0 ; steals is 0.0.	uniform_false
Avery Bradley has different field goal as Avery Bradley </s> player_name is Avery Bradley ; team is Celtics ; field goal made is 6.0 ; 3 point field goal percentage is 14.0. </s> player_name is Avery Bradley ; team is Celtics ; field goal made is 6.0 ; 3 point field goal percentage is 14.0.	uniform_false
Jonas Valanciunas has higher rebound than Jonas Valanciunas </s> player_name is Jonas Valanciunas ; team is Raptors ; defensive rebounds is 4.0 ; offensive rebounds is 5.0. </s> player_name is Jonas Valanciunas ; team is Raptors ; defensive rebounds is 7.0 ; offensive rebounds is 6.0.	uniform_false
Jeff Green has higher throw than Jeff Green </s> player_name is Jeff Green ; team is Magic ; free throws attempted is 2.0 ; free throws made is 2.0. </s> player_name is Jeff Green ; team is Grizzles ; free throws attempted is 4.0 ; free throws made is 4.0.	uniform_false
Russell Westbrook has higher throw than Russell Westbrook </s> player_name is Russell Westbrook ; team is Thunder ; free throws made is 1.0 ; free throws percentage is 50.0. </s> player_name is Russell Westbrook ; team is Thunder ; free throws made is 4.0 ; free throws percentage is 100.0.	uniform_false
Jae Crowder has higher percentage than Jae Crowder </s> player_name is Jae Crowder ; team is Celtics ; 3 point field goal percentage is 0.0 ; free throws percentage is 83.0. </s> player_name is Jae Crowder ; team is Celtics ; 3 point field goal percentage is 33.0 ; free throws percentage is 100.0.	uniform_false
Ish Smith has lower point than Ish Smith </s> player_name is Ish Smith ; team is 76ers ; 3 point field goal attempted is 1.0 ; 3 point field goal percentage is 100.0. </s> player_name is Ish Smith ; team is Pistons ; 3 point field goal attempted is 0.0 ; 3 point field goal percentage is 0.0.	uniform_false
Tristan Thompson has different throw as Tristan Thompson </s> player_name is Tristan Thompson ; team is Cavaliers ; free throws made is 0.0 ; free throws percentage is 0.0. </s> player_name is Tristan Thompson ; team is Cavaliers ; free throws made is 0.0 ; free throws percentage is 0.0.	uniform_false
Kyle Korver has different rebound as Kyle Korver </s> player_name is Kyle Korver ; team is Hawks ; offensive rebounds is 0.0 ; rebounds is 8.0. </s> player_name is Kyle Korver ; team is Hawks ; offensive rebounds is 0.0 ; rebounds is 8.0.	uniform_false
JJ Redick has different attempt as JJ Redick </s> player_name is JJ Redick ; team is Clippers ; field goal attempts is 14.0 ; free throws attempted is 2.0. </s> player_name is JJ Redick ; team is Clippers ; field goal attempts is 14.0 ; free throws attempted is 2.0.	uniform_false
Luc Mbah a Moute has different throw as Luc Mbah a Moute </s> player_name is Luc Mbah a Moute ; team is Clippers ; free throws attempted is 2.0 ; free throws percentage is 100.0. </s> player_name is Luc Mbah a Moute ; team is Clippers ; free throws attempted is 2.0 ; free throws percentage is 100.0.	uniform_false
Hassan Whiteside has different point as Hassan Whiteside </s> player_name is Hassan Whiteside ; team is Heat ; 3 point field goal made is 0.0 ; 3 point field goal percentage is 0.0. </s> player_name is Hassan Whiteside ; team is Heat ; 3 point field goal made is 0.0 ; 3 point field goal percentage is 0.0.	uniform_false
Marcin Gortat has different field goal as Marcin Gortat </s> player_name is Marcin Gortat ; team is Wizards ; field goal made is 5.0 ; 3 point field goal attempted is 0.0. </s> player_name is Marcin Gortat ; team is Wizards ; field goal made is 5.0 ; 3 point field goal attempted is 0.0.	uniform_false
Ryan Anderson has lower attempt than Ryan Anderson </s> player_name is Ryan Anderson ; team is Rockets ; field goal attempts is 12.0 ; free throws attempted is 4.0. </s> player_name is Ryan Anderson ; team is Rockets ; field goal attempts is 10.0 ; free throws attempted is 2.0.	uniform_false
Cory Joseph has different city as Cory Joseph </s> player_name is Cory Joseph ; team is Raptors ; blocks is 0.0 ; town is Toronto. </s> player_name is Cory Joseph ; team is Raptors ; blocks is 0.0 ; town is Toronto.	uniform_false
Serge Ibaka has different percentage as Serge Ibaka </s> player_name is Serge Ibaka ; team is Thunder ; 3 point field goal percentage is 50.0 ; free throws percentage is 0.0. </s> player_name is Serge Ibaka ; team is Thunder ; 3 point field goal percentage is 50.0 ; free throws percentage is 0.0.	uniform_false
Cory Joseph has different name as Cory Joseph </s> player_name is Cory Joseph ; team is Raptors ; player_name is Cory Joseph ; second_name is Joseph. </s> player_name is Cory Joseph ; team is Raptors ; player_name is Cory Joseph ; second_name is Joseph.	uniform_false
Andre Roberson has different point as Andre Roberson </s> player_name is Andre Roberson ; team is Thunder ; 3 point field goal made is 0.0 ; 3 point field goal percentage is 0.0. </s> player_name is Andre Roberson ; team is Thunder ; 3 point field goal made is 0.0 ; 3 point field goal percentage is 0.0.	uniform_false
James Harden has higher rebound than James Harden </s> player_name is James Harden ; team is Rockets ; rebounds is 3.0 ; blocks is 0.0. </s> player_name is James Harden ; team is Rockets ; rebounds is 5.0 ; blocks is 1.0.	uniform_false
