Nerlens Noel has different percentage as Trevor Ariza </s> player_name is Nerlens Noel ; 3 point field goal percentage is 0.0 ; field goals percentage is 33.0. </s> player_name is Trevor Ariza ; 3 point field goal percentage is 0.0 ; field goals percentage is 33.0.	uniform_false
Robin Lopez has different field goal as Andre Roberson </s> player_name is Robin Lopez ; 3 point field goal percentage is 0.0 ; field goals percentage is 0.0. </s> player_name is Andre Roberson ; 3 point field goal percentage is 0.0 ; field goals percentage is 0.0.	uniform_false
Serge Ibaka has lower rebound than Wayne Ellington </s> player_name is Serge Ibaka ; offensive rebounds is 2.0 ; rebounds is 9.0. </s> player_name is Wayne Ellington ; offensive rebounds is 1.0 ; rebounds is 6.0.	uniform_false
Patrick McCaw has different rebound as Luol Deng </s> player_name is Patrick McCaw ; rebounds is 2.0 ; assists is 0.0. </s> player_name is Luol Deng ; rebounds is 2.0 ; assists is 0.0.	uniform_false
Harrison Barnes has different percentage as Thaddeus Young </s> player_name is Harrison Barnes ; 3 point field goal percentage is 0.0 ; free throws percentage is 0.0. </s> player_name is Thaddeus Young ; 3 point field goal percentage is 0.0 ; free throws percentage is 0.0.	uniform_false
Jerian Grant has higher attempt than Marcin Gortat </s> player_name is Jerian Grant ; field goal attempts is 5.0 ; free throws attempted is 0.0. </s> player_name is Marcin Gortat ; field goal attempts is 8.0 ; free throws attempted is 1.0.	uniform_false
Zach LaVine has different percentage as Thon Maker </s> player_name is Zach LaVine ; 3 point field goal percentage is 25.0 ; free throws percentage is 0.0. </s> player_name is Thon Maker ; 3 point field goal percentage is 25.0 ; free throws percentage is 0.0.	uniform_false
Kyle Korver has higher field goal than Kevin Durant </s> player_name is Kyle Korver ; field goal made is 1.0 ; 3 point field goal percentage is 17.0. </s> player_name is Kevin Durant ; field goal made is 7.0 ; 3 point field goal percentage is 50.0.	uniform_false
Amir Johnson has higher game sheet than Nick Young </s> player_name is Amir Johnson ; assists is 1.0 ; steals is 0.0. </s> player_name is Nick Young ; assists is 4.0 ; steals is 2.0.	uniform_false
Draymond Green has higher rebound than Steven Adams </s> player_name is Draymond Green ; offensive rebounds is 1.0 ; rebounds is 4.0. </s> player_name is Steven Adams ; offensive rebounds is 2.0 ; rebounds is 7.0.	uniform_false
Luc Mbah a Moute has higher rebound than Marvin Williams </s> player_name is Luc Mbah a Moute ; offensive rebounds is 0.0 ; rebounds is 0.0. </s> player_name is Marvin Williams ; offensive rebounds is 1.0 ; rebounds is 8.0.	uniform_false
Buddy Hield has lower field goal than Ryan Anderson </s> player_name is Buddy Hield ; field goal made is 7.0 ; 3 point field goal percentage is 44.0. </s> player_name is Ryan Anderson ; field goal made is 5.0 ; 3 point field goal percentage is 43.0.	uniform_false
Kentavious Caldwell-Pope has different rebound as Goran Dragic </s> player_name is Kentavious Caldwell-Pope ; defensive rebounds is 2.0 ; rebounds is 2.0. </s> player_name is Goran Dragic ; defensive rebounds is 2.0 ; rebounds is 2.0.	uniform_false
Marcus Morris has different field goal as Aaron Gordon </s> player_name is Marcus Morris ; field goal made is 5.0 ; 3 point field goal percentage is 50.0. </s> player_name is Aaron Gordon ; field goal made is 5.0 ; 3 point field goal percentage is 50.0.	uniform_false
Marvin Williams has different throw as Andre Drummond </s> player_name is Marvin Williams ; free throws attempted is 0.0 ; free throws made is 0.0. </s> player_name is Andre Drummond ; free throws attempted is 0.0 ; free throws made is 0.0.	uniform_false
Harrison Barnes has different point as PJ Tucker </s> player_name is Harrison Barnes ; 3 point field goal attempted is 2.0 ; 3 point field goal percentage is 0.0. </s> player_name is PJ Tucker ; 3 point field goal attempted is 2.0 ; 3 point field goal percentage is 0.0.	uniform_false
Brandon Ingram has different field goal as Wesley Matthews </s> player_name is Brandon Ingram ; field goal made is 2.0 ; field goals percentage is 17.0. </s> player_name is Wesley Matthews ; field goal made is 2.0 ; field goals percentage is 17.0.	uniform_false
Nick Young has different made as PJ Tucker </s> player_name is Nick Young ; field goal made is 3.0 ; free throws made is 2.0. </s> player_name is PJ Tucker ; field goal made is 3.0 ; free throws made is 2.0.	uniform_false
Gary Harris has different rebound as Al Jefferson </s> player_name is Gary Harris ; defensive rebounds is 6.0 ; offensive rebounds is 1.0. </s> player_name is Al Jefferson ; defensive rebounds is 6.0 ; offensive rebounds is 1.0.	uniform_false
Zaza Pachulia has higher rebound than Kenneth Faried </s> player_name is Zaza Pachulia ; rebounds is 6.0 ; blocks is 0.0. </s> player_name is Kenneth Faried ; rebounds is 14.0 ; blocks is 2.0.	uniform_false
Trevor Ariza has different field goal as Jerian Grant </s> player_name is Trevor Ariza ; field goal made is 1.0 ; 3 point field goal percentage is 0.0. </s> player_name is Jerian Grant ; field goal made is 1.0 ; 3 point field goal percentage is 0.0.	uniform_false
DeMarcus Cousins has lower rebound than Julius Randle </s> player_name is DeMarcus Cousins ; rebounds is 11.0 ; assists is 7.0. </s> player_name is Julius Randle ; rebounds is 4.0 ; assists is 1.0.	uniform_false
Taj Gibson has lower rebound than Wesley Matthews </s> player_name is Taj Gibson ; defensive rebounds is 4.0 ; rebounds is 4.0. </s> player_name is Wesley Matthews ; defensive rebounds is 1.0 ; rebounds is 2.0.	uniform_false
Monta Ellis has lower field goal than Elfrid Payton </s> player_name is Monta Ellis ; 3 point field goal percentage is 33.0 ; field goals percentage is 44.0. </s> player_name is Elfrid Payton ; 3 point field goal percentage is 0.0 ; field goals percentage is 25.0.	uniform_false
Jerami Grant has lower city than Jared Sullinger </s> player_name is Jerami Grant ; blocks is 2.0 ; town is Philadelphia. </s> player_name is Jared Sullinger ; blocks is 0.0 ; town is Boston.	uniform_false
CJ Miles has different field goal as Evan Fournier </s> player_name is CJ Miles ; field goal made is 3.0 ; 3 point field goal attempted is 3.0. </s> player_name is Evan Fournier ; field goal made is 3.0 ; 3 point field goal attempted is 3.0.	uniform_false
Andre Drummond has higher throw than Dirk Nowitzki </s> player_name is Andre Drummond ; free throws attempted is 0.0 ; free throws percentage is 0.0. </s> player_name is Dirk Nowitzki ; free throws attempted is 4.0 ; free throws percentage is 75.0.	uniform_false
Arron Afflalo has higher rebound than Julius Randle </s> player_name is Arron Afflalo ; defensive rebounds is 4.0 ; rebounds is 4.0. </s> player_name is Julius Randle ; defensive rebounds is 5.0 ; rebounds is 6.0.	uniform_false
Jakob Poeltl has different throw as Brandon Ingram </s> player_name is Jakob Poeltl ; free throws attempted is 0.0 ; free throws percentage is 0.0. </s> player_name is Brandon Ingram ; free throws attempted is 0.0 ; free throws percentage is 0.0.	uniform_false
Thabo Sefolosha has different rebound as Randy Foye </s> player_name is Thabo Sefolosha ; rebounds is 5.0 ; assists is 1.0. </s> player_name is Randy Foye ; rebounds is 5.0 ; assists is 1.0.	uniform_false
John Henson has higher throw than Dion Waiters </s> player_name is John Henson ; free throws attempted is 0.0 ; free throws made is 0.0. </s> player_name is Dion Waiters ; free throws attempted is 8.0 ; free throws made is 4.0.	uniform_false
Tyson Chandler has lower made than Dante Cunningham </s> player_name is Tyson Chandler ; field goal made is 6.0 ; free throws made is 3.0. </s> player_name is Dante Cunningham ; field goal made is 4.0 ; free throws made is 1.0.	uniform_false
Brandon Ingram has different city as JJ Redick </s> player_name is Brandon Ingram ; blocks is 0.0 ; town is Los Angeles. </s> player_name is JJ Redick ; blocks is 0.0 ; town is Los Angeles.	uniform_false
D.J. Augustin has different rebound as Matt Barnes </s> player_name is D.J. Augustin ; rebounds is 3.0 ; blocks is 0.0. </s> player_name is Matt Barnes ; rebounds is 3.0 ; blocks is 0.0.	uniform_false
Marvin Williams has higher throw than Victor Oladipo </s> player_name is Marvin Williams ; free throws made is 3.0 ; free throws percentage is 75.0. </s> player_name is Victor Oladipo ; free throws made is 8.0 ; free throws percentage is 100.0.	uniform_false
Derrick Rose has lower rebound than Noah Vonleh </s> player_name is Derrick Rose ; rebounds is 6.0 ; blocks is 1.0. </s> player_name is Noah Vonleh ; rebounds is 5.0 ; blocks is 0.0.	uniform_false
Ish Smith has different attempt as D'Angelo Russell </s> player_name is Ish Smith ; field goal attempts is 9.0 ; free throws attempted is 2.0. </s> player_name is D'Angelo Russell ; field goal attempts is 9.0 ; free throws attempted is 2.0.	uniform_false
Brandon Rush has different rebound as Domantas Sabonis </s> player_name is Brandon Rush ; rebounds is 3.0 ; assists is 1.0. </s> player_name is Domantas Sabonis ; rebounds is 3.0 ; assists is 1.0.	uniform_false
Stephen Curry has lower throw than DeAndre Jordan </s> player_name is Stephen Curry ; free throws attempted is 4.0 ; free throws percentage is 100.0. </s> player_name is DeAndre Jordan ; free throws attempted is 3.0 ; free throws percentage is 0.0.	uniform_false
Victor Oladipo has higher game sheet than Mason Plumlee </s> player_name is Victor Oladipo ; assists is 2.0 ; steals is 0.0. </s> player_name is Mason Plumlee ; assists is 3.0 ; steals is 1.0.	uniform_false
Seth Curry has higher rebound than Paul George </s> player_name is Seth Curry ; rebounds is 4.0 ; assists is 1.0. </s> player_name is Paul George ; rebounds is 10.0 ; assists is 3.0.	uniform_false
Luol Deng has different attempt as Rodney McGruder </s> player_name is Luol Deng ; field goal attempts is 5.0 ; free throws attempted is 0.0. </s> player_name is Rodney McGruder ; field goal attempts is 5.0 ; free throws attempted is 0.0.	uniform_false
Damian Lillard has different attempt as D'Angelo Russell </s> player_name is Damian Lillard ; field goal attempts is 9.0 ; free throws attempted is 2.0. </s> player_name is D'Angelo Russell ; field goal attempts is 9.0 ; free throws attempted is 2.0.	uniform_false
Monta Ellis has different game sheet as Kawhi Leonard </s> player_name is Monta Ellis ; assists is 5.0 ; steals is 3.0. </s> player_name is Kawhi Leonard ; assists is 5.0 ; steals is 3.0.	uniform_false
Ish Smith has different field goal as Rajon Rondo </s> player_name is Ish Smith ; 3 point field goal percentage is 0.0 ; field goals percentage is 55.0. </s> player_name is Rajon Rondo ; 3 point field goal percentage is 0.0 ; field goals percentage is 55.0.	uniform_false
Kyrie Irving has lower attempt than Tarik Black </s> player_name is Kyrie Irving ; field goal attempts is 27.0 ; free throws attempted is 7.0. </s> player_name is Tarik Black ; field goal attempts is 5.0 ; free throws attempted is 2.0.	uniform_false
Hollis Thompson has higher field goal than Iman Shumpert </s> player_name is Hollis Thompson ; 3 point field goal percentage is 25.0 ; field goals percentage is 46.0. </s> player_name is Iman Shumpert ; 3 point field goal percentage is 67.0 ; field goals percentage is 62.0.	uniform_false
Quincy Acy has lower field goal than Kemba Walker </s> player_name is Quincy Acy ; 3 point field goal percentage is 50.0 ; field goals percentage is 50.0. </s> player_name is Kemba Walker ; 3 point field goal percentage is 42.0 ; field goals percentage is 43.0.	uniform_false
Bojan Bogdanovic has lower field goal than PJ Tucker </s> player_name is Bojan Bogdanovic ; field goal made is 8.0 ; field goals percentage is 50.0. </s> player_name is PJ Tucker ; field goal made is 3.0 ; field goals percentage is 38.0.	uniform_false
LaMarcus Aldridge has different field goal as Al-Farouq Aminu </s> player_name is LaMarcus Aldridge ; 3 point field goal percentage is 0.0 ; field goals percentage is 33.0. </s> player_name is Al-Farouq Aminu ; 3 point field goal percentage is 0.0 ; field goals percentage is 33.0.	uniform_false
David West has different rebound as Eric Bledsoe </s> player_name is David West ; defensive rebounds is 4.0 ; rebounds is 6.0. </s> player_name is Eric Bledsoe ; defensive rebounds is 4.0 ; rebounds is 6.0.	uniform_false
Darren Collison has lower rebound than Nick Young </s> player_name is Darren Collison ; defensive rebounds is 1.0 ; rebounds is 1.0. </s> player_name is Nick Young ; defensive rebounds is 0.0 ; rebounds is 0.0.	uniform_false
Marcus Morris has different rebound as Tim Hardaway Jr. </s> player_name is Marcus Morris ; rebounds is 5.0 ; blocks is 0.0. </s> player_name is Tim Hardaway Jr. ; rebounds is 5.0 ; blocks is 0.0.	uniform_false
Amir Johnson has higher field goal than Thabo Sefolosha </s> player_name is Amir Johnson ; 3 point field goal percentage is 0.0 ; field goals percentage is 0.0. </s> player_name is Thabo Sefolosha ; 3 point field goal percentage is 33.0 ; field goals percentage is 33.0.	uniform_false
Al Horford has higher field goal than Paul George </s> player_name is Al Horford ; 3 point field goal percentage is 25.0 ; field goals percentage is 36.0. </s> player_name is Paul George ; 3 point field goal percentage is 43.0 ; field goals percentage is 53.0.	uniform_false
Thaddeus Young has higher field goal than John Wall </s> player_name is Thaddeus Young ; 3 point field goal percentage is 0.0 ; field goals percentage is 50.0. </s> player_name is John Wall ; 3 point field goal percentage is 60.0 ; field goals percentage is 60.0.	uniform_false
Eric Bledsoe has higher rebound than George Hill </s> player_name is Eric Bledsoe ; defensive rebounds is 7.0 ; rebounds is 7.0. </s> player_name is George Hill ; defensive rebounds is 8.0 ; rebounds is 10.0.	uniform_false
Russell Westbrook has higher percentage than Anthony Tolliver </s> player_name is Russell Westbrook ; 3 point field goal percentage is 33.0 ; field goals percentage is 40.0. </s> player_name is Anthony Tolliver ; 3 point field goal percentage is 50.0 ; field goals percentage is 67.0.	uniform_false
Thaddeus Young has higher made than Eric Bledsoe </s> player_name is Thaddeus Young ; field goal made is 4.0 ; free throws made is 0.0. </s> player_name is Eric Bledsoe ; field goal made is 12.0 ; free throws made is 14.0.	uniform_false
Serge Ibaka has higher field goal than Stephen Curry </s> player_name is Serge Ibaka ; 3 point field goal made is 0.0 ; field goal made is 5.0. </s> player_name is Stephen Curry ; 3 point field goal made is 5.0 ; field goal made is 9.0.	uniform_false
Eric Bledsoe has lower field goal than Wesley Matthews </s> player_name is Eric Bledsoe ; 3 point field goal made is 1.0 ; field goal made is 3.0. </s> player_name is Wesley Matthews ; 3 point field goal made is 0.0 ; field goal made is 1.0.	uniform_false
Otto Porter has different name as Otto Porter Jr. </s> player_name is Otto Porter ; first_name is Otto ; second_name is Porter. </s> player_name is Otto Porter Jr. ; first_name is Otto ; second_name is Porter.	uniform_false
Jimmy Butler has higher rebound than Stephen Curry </s> player_name is Jimmy Butler ; rebounds is 5.0 ; assists is 5.0. </s> player_name is Stephen Curry ; rebounds is 9.0 ; assists is 6.0.	uniform_false
Klay Thompson has higher rebound than Patrick Beverley </s> player_name is Klay Thompson ; rebounds is 1.0 ; assists is 1.0. </s> player_name is Patrick Beverley ; rebounds is 8.0 ; assists is 5.0.	uniform_false
Jerami Grant has lower rebound than Ryan Anderson </s> player_name is Jerami Grant ; defensive rebounds is 3.0 ; rebounds is 3.0. </s> player_name is Ryan Anderson ; defensive rebounds is 0.0 ; rebounds is 2.0.	uniform_false
Isaiah Thomas has lower percentage than Matthew Dellavedova </s> player_name is Isaiah Thomas ; 3 point field goal percentage is 46.0 ; free throws percentage is 100.0. </s> player_name is Matthew Dellavedova ; 3 point field goal percentage is 20.0 ; free throws percentage is 0.0.	uniform_false
DeMarcus Cousins has lower throw than CJ Miles </s> player_name is DeMarcus Cousins ; free throws attempted is 5.0 ; free throws made is 3.0. </s> player_name is CJ Miles ; free throws attempted is 0.0 ; free throws made is 0.0.	uniform_false
LaMarcus Aldridge has lower city than Dwight Howard </s> player_name is LaMarcus Aldridge ; blocks is 2.0 ; town is San Antonio. </s> player_name is Dwight Howard ; blocks is 1.0 ; town is Houston.	uniform_false
Lance Stephenson has higher rebound than Rudy Gay </s> player_name is Lance Stephenson ; defensive rebounds is 2.0 ; offensive rebounds is 1.0. </s> player_name is Rudy Gay ; defensive rebounds is 8.0 ; offensive rebounds is 2.0.	uniform_false
Tony Parker has higher throw than Evan Fournier </s> player_name is Tony Parker ; free throws made is 0.0 ; free throws percentage is 0.0. </s> player_name is Evan Fournier ; free throws made is 3.0 ; free throws percentage is 100.0.	uniform_false
DeMarre Carroll has lower made than Luc Mbah a Moute </s> player_name is DeMarre Carroll ; field goal made is 4.0 ; free throws made is 3.0. </s> player_name is Luc Mbah a Moute ; field goal made is 2.0 ; free throws made is 2.0.	uniform_false
Marvin Williams has different throw as Julius Randle </s> player_name is Marvin Williams ; free throws made is 0.0 ; free throws percentage is 0.0. </s> player_name is Julius Randle ; free throws made is 0.0 ; free throws percentage is 0.0.	uniform_false
Serge Ibaka has lower field goal than DeMarre Carroll </s> player_name is Serge Ibaka ; 3 point field goal made is 3.0 ; field goal made is 6.0. </s> player_name is DeMarre Carroll ; 3 point field goal made is 0.0 ; field goal made is 3.0.	uniform_false
JaMychal Green has lower rebound than Darren Collison </s> player_name is JaMychal Green ; rebounds is 6.0 ; blocks is 2.0. </s> player_name is Darren Collison ; rebounds is 1.0 ; blocks is 0.0.	uniform_false
Wayne Ellington has higher throw than Jeff Teague </s> player_name is Wayne Ellington ; free throws made is 0.0 ; free throws percentage is 0.0. </s> player_name is Jeff Teague ; free throws made is 3.0 ; free throws percentage is 60.0.	uniform_false
Myles Turner has different game sheet as Marvin Williams </s> player_name is Myles Turner ; assists is 0.0 ; steals is 1.0. </s> player_name is Marvin Williams ; assists is 0.0 ; steals is 1.0.	uniform_false
Roy Hibbert has lower rebound than Amir Johnson </s> player_name is Roy Hibbert ; rebounds is 10.0 ; assists is 1.0. </s> player_name is Amir Johnson ; rebounds is 2.0 ; assists is 0.0.	uniform_false
Joel Freeland has higher field goal than Serge Ibaka </s> player_name is Joel Freeland ; field goal made is 1.0 ; 3 point field goal percentage is 0.0. </s> player_name is Serge Ibaka ; field goal made is 6.0 ; 3 point field goal percentage is 75.0.	uniform_false
Chris Paul has lower rebound than Victor Oladipo </s> player_name is Chris Paul ; defensive rebounds is 3.0 ; rebounds is 4.0. </s> player_name is Victor Oladipo ; defensive rebounds is 1.0 ; rebounds is 1.0.	uniform_false
Marquese Chriss has higher made than Ryan Anderson </s> player_name is Marquese Chriss ; field goal made is 2.0 ; free throws made is 0.0. </s> player_name is Ryan Anderson ; field goal made is 4.0 ; free throws made is 2.0.	uniform_false
Dwight Howard has higher made than DeMar DeRozan </s> player_name is Dwight Howard ; field goal made is 4.0 ; free throws made is 2.0. </s> player_name is DeMar DeRozan ; field goal made is 5.0 ; free throws made is 7.0.	uniform_false
Tim Duncan has lower rebound than Ty Lawson </s> player_name is Tim Duncan ; defensive rebounds is 9.0 ; rebounds is 12.0. </s> player_name is Ty Lawson ; defensive rebounds is 3.0 ; rebounds is 3.0.	uniform_false
Kemba Walker has lower throw than Matthew Dellavedova </s> player_name is Kemba Walker ; free throws attempted is 3.0 ; free throws percentage is 100.0. </s> player_name is Matthew Dellavedova ; free throws attempted is 0.0 ; free throws percentage is 0.0.	uniform_false
Anthony Davis has lower field goal than Montrezl Harrell </s> player_name is Anthony Davis ; 3 point field goal made is 1.0 ; field goal made is 12.0. </s> player_name is Montrezl Harrell ; 3 point field goal made is 0.0 ; field goal made is 5.0.	uniform_false
Jonas Valanciunas has higher rebound than Joakim Noah </s> player_name is Jonas Valanciunas ; defensive rebounds is 6.0 ; offensive rebounds is 4.0. </s> player_name is Joakim Noah ; defensive rebounds is 7.0 ; offensive rebounds is 7.0.	uniform_false
Nicolas Batum has higher field goal than Jeremy Lamb </s> player_name is Nicolas Batum ; field goal made is 2.0 ; field goals percentage is 29.0. </s> player_name is Jeremy Lamb ; field goal made is 4.0 ; field goals percentage is 36.0.	uniform_false
Klay Thompson has lower field goal than Willie Cauley-Stein </s> player_name is Klay Thompson ; field goal made is 7.0 ; 3 point field goal attempted is 3.0. </s> player_name is Willie Cauley-Stein ; field goal made is 5.0 ; 3 point field goal attempted is 0.0.	uniform_false
Victor Oladipo has lower made than Kyle Korver </s> player_name is Victor Oladipo ; field goal made is 7.0 ; free throws made is 8.0. </s> player_name is Kyle Korver ; field goal made is 1.0 ; free throws made is 3.0.	uniform_false
Jarrett Jack has different point as Solomon Hill </s> player_name is Jarrett Jack ; 3 point field goal attempted is 1.0 ; 3 point field goal percentage is 0.0. </s> player_name is Solomon Hill ; 3 point field goal attempted is 1.0 ; 3 point field goal percentage is 0.0.	uniform_false
Dion Waiters has higher rebound than Danny Green </s> player_name is Dion Waiters ; defensive rebounds is 2.0 ; rebounds is 2.0. </s> player_name is Danny Green ; defensive rebounds is 5.0 ; rebounds is 5.0.	uniform_false
Austin Rivers has different city as D'Angelo Russell </s> player_name is Austin Rivers ; blocks is 0.0 ; town is Los Angeles. </s> player_name is D'Angelo Russell ; blocks is 0.0 ; town is Los Angeles.	uniform_false
Mike Conley has lower point than Michael Kidd-Gilchrist </s> player_name is Mike Conley ; 3 point field goal made is 2.0 ; 3 point field goal percentage is 40.0. </s> player_name is Michael Kidd-Gilchrist ; 3 point field goal made is 0.0 ; 3 point field goal percentage is 0.0.	uniform_false
Nicolas Batum has lower field goal than Aaron Gordon </s> player_name is Nicolas Batum ; field goal made is 7.0 ; 3 point field goal attempted is 8.0. </s> player_name is Aaron Gordon ; field goal made is 6.0 ; 3 point field goal attempted is 4.0.	uniform_false
Jeff Green has lower field goal than Wesley Matthews </s> player_name is Jeff Green ; field goal made is 4.0 ; field goals percentage is 44.0. </s> player_name is Wesley Matthews ; field goal made is 2.0 ; field goals percentage is 17.0.	uniform_false
Thaddeus Young has lower field goal than Deron Williams </s> player_name is Thaddeus Young ; field goal made is 4.0 ; 3 point field goal percentage is 50.0. </s> player_name is Deron Williams ; field goal made is 3.0 ; 3 point field goal percentage is 20.0.	uniform_false
Danny Green has different made as Marvin Williams </s> player_name is Danny Green ; field goal made is 2.0 ; free throws made is 3.0. </s> player_name is Marvin Williams ; field goal made is 2.0 ; free throws made is 3.0.	uniform_false
Dirk Nowitzki has different rebound as Thabo Sefolosha </s> player_name is Dirk Nowitzki ; rebounds is 5.0 ; assists is 1.0. </s> player_name is Thabo Sefolosha ; rebounds is 5.0 ; assists is 1.0.	uniform_false
Andre Roberson has higher throw than Paul Pierce </s> player_name is Andre Roberson ; free throws made is 1.0 ; free throws percentage is 25.0. </s> player_name is Paul Pierce ; free throws made is 2.0 ; free throws percentage is 100.0.	uniform_false
Tobias Harris has lower game sheet than Jeff Green </s> player_name is Tobias Harris ; assists is 2.0 ; steals is 1.0. </s> player_name is Jeff Green ; assists is 1.0 ; steals is 0.0.	uniform_false
Clint Capela has different point as Robin Lopez </s> player_name is Clint Capela ; 3 point field goal made is 0.0 ; 3 point field goal percentage is 0.0. </s> player_name is Robin Lopez ; 3 point field goal made is 0.0 ; 3 point field goal percentage is 0.0.	uniform_false
