Kyle Lowry has less than 2 3 point field goal made </s> player_name is Kyle Lowry ; 3 point field goal made is 0.0 ; team is Raptors. </s> player_name is Kyle Lowry ; 3 point field goal made is 2.0 ; team is Raptors.	uniform_true
Ty Lawson has less than 12 points </s> player_name is Ty Lawson ; points is 6.0 ; team is Rockets. </s> player_name is Ty Lawson ; points is 12.0 ; team is Kings.	uniform_true
Thaddeus Young has more than 0 free throws percentage </s> player_name is Thaddeus Young ; free throws percentage is 63.0 ; team is Nets. </s> player_name is Thaddeus Young ; free throws percentage is 0.0 ; team is Pacers.	uniform_true
Dennis Schroder has more than 0 3 point field goal made </s> player_name is Dennis Schroder ; 3 point field goal made is 2.0 ; team is Hawks. </s> player_name is Dennis Schroder ; 3 point field goal made is 0.0 ; team is Hawks.	uniform_true
Deron Williams has Dallas town </s> player_name is Deron Williams ; town is Dallas ; team is Mavericks. </s> player_name is Deron Williams ; town is Dallas ; team is Mavericks.	uniform_true
Timofey Mozgov has 0 3 point field goal made </s> player_name is Timofey Mozgov ; 3 point field goal made is 0.0 ; team is Lakers. </s> player_name is Timofey Mozgov ; 3 point field goal made is 0.0 ; team is Lakers.	uniform_true
Serge Ibaka has more than 0 free throws made </s> player_name is Serge Ibaka ; free throws made is 6.0 ; team is Magic. </s> player_name is Serge Ibaka ; free throws made is 0.0 ; team is Raptors.	uniform_true
Serge Ibaka has 1 assists </s> player_name is Serge Ibaka ; assists is 1.0 ; team is Magic. </s> player_name is Serge Ibaka ; assists is 1.0 ; team is Magic.	uniform_true
Kemba Walker has less than 100 3 point field goal percentage </s> player_name is Kemba Walker ; 3 point field goal percentage is 42.0 ; team is Hornets. </s> player_name is Kemba Walker ; 3 point field goal percentage is 100.0 ; team is Hornets.	uniform_true
Taj Gibson has 0 3 point field goal made </s> player_name is Taj Gibson ; 3 point field goal made is 0.0 ; team is Thunder. </s> player_name is Taj Gibson ; 3 point field goal made is 0.0 ; team is Bulls.	uniform_true
Kelly Oubre Jr. has 4 personal fouls </s> player_name is Kelly Oubre Jr. ; personal fouls is 4.0 ; team is Wizards. </s> player_name is Kelly Oubre Jr. ; personal fouls is 4.0 ; team is Wizards.	uniform_true
Jerami Grant has 2 3 point field goal attempted </s> player_name is Jerami Grant ; 3 point field goal attempted is 2.0 ; team is 76ers. </s> player_name is Jerami Grant ; 3 point field goal attempted is 2.0 ; team is 76ers.	uniform_true
Serge Ibaka has less than 1 blocks </s> player_name is Serge Ibaka ; blocks is 0.0 ; team is Magic. </s> player_name is Serge Ibaka ; blocks is 1.0 ; team is Magic.	uniform_true
Andrew Bogut has 0 3 point field goal made </s> player_name is Andrew Bogut ; 3 point field goal made is 0.0 ; team is Mavericks. </s> player_name is Andrew Bogut ; 3 point field goal made is 0.0 ; team is Mavericks.	uniform_true
Marvin Williams has Charlotte town </s> player_name is Marvin Williams ; town is Charlotte ; team is Hornets. </s> player_name is Marvin Williams ; town is Charlotte ; team is Hornets.	uniform_true
Jerami Grant has less than 3 free throws made </s> player_name is Jerami Grant ; free throws made is 2.0 ; team is 76ers. </s> player_name is Jerami Grant ; free throws made is 3.0 ; team is 76ers.	uniform_true
Buddy Hield has more than 4 defensive rebounds </s> player_name is Buddy Hield ; defensive rebounds is 6.0 ; team is Kings. </s> player_name is Buddy Hield ; defensive rebounds is 4.0 ; team is Pellicans.	uniform_true
Markieff Morris has more than 0 personal fouls </s> player_name is Markieff Morris ; personal fouls is 1.0 ; team is Wizards. </s> player_name is Markieff Morris ; personal fouls is 0.0 ; team is Suns.	uniform_true
CJ Miles has less than 12 field goal attempts </s> player_name is CJ Miles ; field goal attempts is 4.0 ; team is Pacers. </s> player_name is CJ Miles ; field goal attempts is 12.0 ; team is Pacers.	uniform_true
LeBron James has less than 5 assists </s> player_name is LeBron James ; assists is 3.0 ; team is Cavaliers. </s> player_name is LeBron James ; assists is 5.0 ; team is Cavaliers.	uniform_true
Isaiah Thomas has 11 3 point field goal attempted </s> player_name is Isaiah Thomas ; 3 point field goal attempted is 11.0 ; team is Celtics. </s> player_name is Isaiah Thomas ; 3 point field goal attempted is 11.0 ; team is Celtics.	uniform_true
Cory Joseph has more than 38 field goals percentage </s> player_name is Cory Joseph ; field goals percentage is 63.0 ; team is Raptors. </s> player_name is Cory Joseph ; field goals percentage is 38.0 ; team is Raptors.	uniform_true
Zaza Pachulia has 6 field goal made </s> player_name is Zaza Pachulia ; field goal made is 6.0 ; team is Mavericks. </s> player_name is Zaza Pachulia ; field goal made is 6.0 ; team is Mavericks.	uniform_true
Andre Roberson has 3 field goal attempts </s> player_name is Andre Roberson ; field goal attempts is 3.0 ; team is Thunder. </s> player_name is Andre Roberson ; field goal attempts is 3.0 ; team is Thunder.	uniform_true
DeMar DeRozan has less than 3 assists </s> player_name is DeMar DeRozan ; assists is 2.0 ; team is Raptors. </s> player_name is DeMar DeRozan ; assists is 3.0 ; team is Raptors.	uniform_true
Al Horford has more than 0 free throws attempted </s> player_name is Al Horford ; free throws attempted is 1.0 ; team is Hawks. </s> player_name is Al Horford ; free throws attempted is 0.0 ; team is Celtics.	uniform_true
Wesley Matthews has more than 0 free throws percentage </s> player_name is Wesley Matthews ; free throws percentage is 100.0 ; team is Trail Blazers. </s> player_name is Wesley Matthews ; free throws percentage is 0.0 ; team is Mavericks.	uniform_true
LaMarcus Aldridge has more than 4 free throws made </s> player_name is LaMarcus Aldridge ; free throws made is 6.0 ; team is Trail Blazers. </s> player_name is LaMarcus Aldridge ; free throws made is 4.0 ; team is Spurs.	uniform_true
Kosta Koufos has less than 10 points </s> player_name is Kosta Koufos ; points is 2.0 ; team is Kings. </s> player_name is Kosta Koufos ; points is 10.0 ; team is Kings.	uniform_true
Marc Gasol has less than 5 free throws attempted </s> player_name is Marc Gasol ; free throws attempted is 4.0 ; team is Grizzles. </s> player_name is Marc Gasol ; free throws attempted is 5.0 ; team is Grizzles.	uniform_true
Darren Collison has Sacramento team_city </s> player_name is Darren Collison ; team_city is Sacramento ; team is Kings. </s> player_name is Darren Collison ; team_city is Sacramento ; team is Kings.	uniform_true
Dwight Howard has less than 30 minutes </s> player_name is Dwight Howard ; minutes is 24.0 ; team is Hawks. </s> player_name is Dwight Howard ; minutes is 30.0 ; team is Hawks.	uniform_true
DeMar DeRozan has more than 14 field goal attempts </s> player_name is DeMar DeRozan ; field goal attempts is 15.0 ; team is Raptors. </s> player_name is DeMar DeRozan ; field goal attempts is 14.0 ; team is Raptors.	uniform_true
Chandler Parsons has less than 7 3 point field goal attempted </s> player_name is Chandler Parsons ; 3 point field goal attempted is 2.0 ; team is Grizzles. </s> player_name is Chandler Parsons ; 3 point field goal attempted is 7.0 ; team is Mavericks.	uniform_true
Maurice Harkless has 1 free throws attempted </s> player_name is Maurice Harkless ; free throws attempted is 1.0 ; team is Trail Blazers. </s> player_name is Maurice Harkless ; free throws attempted is 1.0 ; team is Trail Blazers.	uniform_true
Hollis Thompson has less than 1 blocks </s> player_name is Hollis Thompson ; blocks is 0.0 ; team is 76ers. </s> player_name is Hollis Thompson ; blocks is 1.0 ; team is 76ers.	uniform_true
Avery Bradley has less than 7 3 point field goal attempted </s> player_name is Avery Bradley ; 3 point field goal attempted is 4.0 ; team is Celtics. </s> player_name is Avery Bradley ; 3 point field goal attempted is 7.0 ; team is Celtics.	uniform_true
Andre Roberson has F start_position </s> player_name is Andre Roberson ; start_position is F ; team is Thunder. </s> player_name is Andre Roberson ; start_position is F ; team is Thunder.	uniform_true
Wesley Matthews has less than 13 field goal attempts </s> player_name is Wesley Matthews ; field goal attempts is 4.0 ; team is Trail Blazers. </s> player_name is Wesley Matthews ; field goal attempts is 13.0 ; team is Mavericks.	uniform_true
Robin Lopez has less than 2 blocks </s> player_name is Robin Lopez ; blocks is 1.0 ; team is Knicks. </s> player_name is Robin Lopez ; blocks is 2.0 ; team is Bulls.	uniform_true
Klay Thompson has more than 0 blocks </s> player_name is Klay Thompson ; blocks is 1.0 ; team is Golden State Warriors. </s> player_name is Klay Thompson ; blocks is 0.0 ; team is Golden State Warriors.	uniform_true
Markieff Morris has more than 0 blocks </s> player_name is Markieff Morris ; blocks is 1.0 ; team is Wizards. </s> player_name is Markieff Morris ; blocks is 0.0 ; team is Suns.	uniform_true
Wesley Matthews has less than 43 3 point field goal percentage </s> player_name is Wesley Matthews ; 3 point field goal percentage is 0.0 ; team is Mavericks. </s> player_name is Wesley Matthews ; 3 point field goal percentage is 43.0 ; team is Mavericks.	uniform_true
Hollis Thompson has 33 minutes </s> player_name is Hollis Thompson ; minutes is 33.0 ; team is 76ers. </s> player_name is Hollis Thompson ; minutes is 33.0 ; team is 76ers.	uniform_true
Paul Millsap has more than 16 points </s> player_name is Paul Millsap ; points is 27.0 ; team is Hawks. </s> player_name is Paul Millsap ; points is 16.0 ; team is Hawks.	uniform_true
Hollis Thompson has more than 1 3 point field goal made </s> player_name is Hollis Thompson ; 3 point field goal made is 4.0 ; team is 76ers. </s> player_name is Hollis Thompson ; 3 point field goal made is 1.0 ; team is 76ers.	uniform_true
Solomon Hill has 2 points </s> player_name is Solomon Hill ; points is 2.0 ; team is Pacers. </s> player_name is Solomon Hill ; points is 2.0 ; team is Pacers.	uniform_true
Isaiah Thomas has more than 0 offensive rebounds </s> player_name is Isaiah Thomas ; offensive rebounds is 1.0 ; team is Celtics. </s> player_name is Isaiah Thomas ; offensive rebounds is 0.0 ; team is Celtics.	uniform_true
James Harden has 46 points </s> player_name is James Harden ; points is 46.0 ; team is Rockets. </s> player_name is James Harden ; points is 46.0 ; team is Rockets.	uniform_true
D'Angelo Russell has less than 22 3 point field goal percentage </s> player_name is D'Angelo Russell ; 3 point field goal percentage is 20.0 ; team is Lakers. </s> player_name is D'Angelo Russell ; 3 point field goal percentage is 22.0 ; team is Lakers.	uniform_true
Goran Dragic has more than 2 defensive rebounds </s> player_name is Goran Dragic ; defensive rebounds is 5.0 ; team is Suns. </s> player_name is Goran Dragic ; defensive rebounds is 2.0 ; team is Heat.	uniform_true
Courtney Lee has less than 50 3 point field goal percentage </s> player_name is Courtney Lee ; 3 point field goal percentage is 38.0 ; team is Knicks. </s> player_name is Courtney Lee ; 3 point field goal percentage is 50.0 ; team is Grizzles.	uniform_true
Bojan Bogdanovic has more than 33 field goals percentage </s> player_name is Bojan Bogdanovic ; field goals percentage is 50.0 ; team is Nets. </s> player_name is Bojan Bogdanovic ; field goals percentage is 33.0 ; team is Nets.	uniform_true
Eric Bledsoe has less than 15 free throws attempted </s> player_name is Eric Bledsoe ; free throws attempted is 8.0 ; team is Suns. </s> player_name is Eric Bledsoe ; free throws attempted is 15.0 ; team is Suns.	uniform_true
Tobias Harris has Tobias first_name </s> player_name is Tobias Harris ; first_name is Tobias ; team is Pistons. </s> player_name is Tobias Harris ; first_name is Tobias ; team is Pistons.	uniform_true
Danny Green has San Antonio town </s> player_name is Danny Green ; town is San Antonio ; team is Spurs. </s> player_name is Danny Green ; town is San Antonio ; team is Spurs.	uniform_true
DeMar DeRozan has more than 0 3 point field goal percentage </s> player_name is DeMar DeRozan ; 3 point field goal percentage is 33.0 ; team is Raptors. </s> player_name is DeMar DeRozan ; 3 point field goal percentage is 0.0 ; team is Raptors.	uniform_true
Amir Johnson has less than 1 assists </s> player_name is Amir Johnson ; assists is 0.0 ; team is Celtics. </s> player_name is Amir Johnson ; assists is 1.0 ; team is Celtics.	uniform_true
Paul Millsap has less than 3 personal fouls </s> player_name is Paul Millsap ; personal fouls is 2.0 ; team is Hawks. </s> player_name is Paul Millsap ; personal fouls is 3.0 ; team is Hawks.	uniform_true
Timofey Mozgov has more than 1 offensive rebounds </s> player_name is Timofey Mozgov ; offensive rebounds is 3.0 ; team is Lakers. </s> player_name is Timofey Mozgov ; offensive rebounds is 1.0 ; team is Lakers.	uniform_true
DeMarcus Cousins has less than 1 offensive rebounds </s> player_name is DeMarcus Cousins ; offensive rebounds is 0.0 ; team is Kings. </s> player_name is DeMarcus Cousins ; offensive rebounds is 1.0 ; team is Kings.	uniform_true
Serge Ibaka has less than 100 free throws percentage </s> player_name is Serge Ibaka ; free throws percentage is 0.0 ; team is Raptors. </s> player_name is Serge Ibaka ; free throws percentage is 100.0 ; team is Magic.	uniform_true
John Wall has more than 4 free throws attempted </s> player_name is John Wall ; free throws attempted is 10.0 ; team is Wizards. </s> player_name is John Wall ; free throws attempted is 4.0 ; team is Wizards.	uniform_true
Brandon Ingram has more than 1 field goal made </s> player_name is Brandon Ingram ; field goal made is 2.0 ; team is Lakers. </s> player_name is Brandon Ingram ; field goal made is 1.0 ; team is Lakers.	uniform_true
Patrick McCaw has 0 free throws percentage </s> player_name is Patrick McCaw ; free throws percentage is 0.0 ; team is Golden State Warriors. </s> player_name is Patrick McCaw ; free throws percentage is 0.0 ; team is Golden State Warriors.	uniform_true
Kent Bazemore has more than 0 defensive rebounds </s> player_name is Kent Bazemore ; defensive rebounds is 2.0 ; team is Hawks. </s> player_name is Kent Bazemore ; defensive rebounds is 0.0 ; team is Hawks.	uniform_true
Jonas Valanciunas has more than 0 assists </s> player_name is Jonas Valanciunas ; assists is 2.0 ; team is Raptors. </s> player_name is Jonas Valanciunas ; assists is 0.0 ; team is Raptors.	uniform_true
Amir Johnson has more than 0 offensive rebounds </s> player_name is Amir Johnson ; offensive rebounds is 1.0 ; team is Celtics. </s> player_name is Amir Johnson ; offensive rebounds is 0.0 ; team is Celtics.	uniform_true
Paul Millsap has less than 65 field goals percentage </s> player_name is Paul Millsap ; field goals percentage is 57.0 ; team is Hawks. </s> player_name is Paul Millsap ; field goals percentage is 65.0 ; team is Hawks.	uniform_true
Domantas Sabonis has 28 minutes </s> player_name is Domantas Sabonis ; minutes is 28.0 ; team is Thunder. </s> player_name is Domantas Sabonis ; minutes is 28.0 ; team is Thunder.	uniform_true
Luol Deng has less than 34 minutes </s> player_name is Luol Deng ; minutes is 20.0 ; team is Lakers. </s> player_name is Luol Deng ; minutes is 34.0 ; team is Lakers.	uniform_true
Trevor Ariza has 50 field goals percentage </s> player_name is Trevor Ariza ; field goals percentage is 50.0 ; team is Rockets. </s> player_name is Trevor Ariza ; field goals percentage is 50.0 ; team is Rockets.	uniform_true
Kawhi Leonard has 8 field goal made </s> player_name is Kawhi Leonard ; field goal made is 8.0 ; team is Spurs. </s> player_name is Kawhi Leonard ; field goal made is 8.0 ; team is Spurs.	uniform_true
Paul Millsap has more than 45 field goals percentage </s> player_name is Paul Millsap ; field goals percentage is 50.0 ; team is Hawks. </s> player_name is Paul Millsap ; field goals percentage is 45.0 ; team is Hawks.	uniform_true
Jonas Valanciunas has 2 index </s> player_name is Jonas Valanciunas ; index is 2 ; team is Raptors. </s> player_name is Jonas Valanciunas ; index is 2 ; team is Raptors.	uniform_true
DeMarre Carroll has 2 points </s> player_name is DeMarre Carroll ; points is 2.0 ; team is Raptors. </s> player_name is DeMarre Carroll ; points is 2.0 ; team is Raptors.	uniform_true
James Harden has less than 54 field goals percentage </s> player_name is James Harden ; field goals percentage is 36.0 ; team is Rockets. </s> player_name is James Harden ; field goals percentage is 54.0 ; team is Rockets.	uniform_true
Dwight Howard has 0 3 point field goal made </s> player_name is Dwight Howard ; 3 point field goal made is 0.0 ; team is Hawks. </s> player_name is Dwight Howard ; 3 point field goal made is 0.0 ; team is Hawks.	uniform_true
Channing Frye has Orlando team_city </s> player_name is Channing Frye ; team_city is Orlando ; team is Magic. </s> player_name is Channing Frye ; team_city is Orlando ; team is Magic.	uniform_true
LaMarcus Aldridge has less than 100 free throws percentage </s> player_name is LaMarcus Aldridge ; free throws percentage is 50.0 ; team is Spurs. </s> player_name is LaMarcus Aldridge ; free throws percentage is 100.0 ; team is Spurs.	uniform_true
Nerlens Noel has 1 free throws made </s> player_name is Nerlens Noel ; free throws made is 1.0 ; team is Mavericks. </s> player_name is Nerlens Noel ; free throws made is 1.0 ; team is Mavericks.	uniform_true
Dennis Schroder has less than 28 points </s> player_name is Dennis Schroder ; points is 23.0 ; team is Hawks. </s> player_name is Dennis Schroder ; points is 28.0 ; team is Hawks.	uniform_true
Elfrid Payton has 4 index </s> player_name is Elfrid Payton ; index is 4 ; team is Magic. </s> player_name is Elfrid Payton ; index is 4 ; team is Magic.	uniform_true
Zach LaVine has 2 personal fouls </s> player_name is Zach LaVine ; personal fouls is 2.0 ; team is Timberwolves. </s> player_name is Zach LaVine ; personal fouls is 2.0 ; team is Timberwolves.	uniform_true
Serge Ibaka has more than 0 assists </s> player_name is Serge Ibaka ; assists is 2.0 ; team is Thunder. </s> player_name is Serge Ibaka ; assists is 0.0 ; team is Raptors.	uniform_true
Solomon Hill has more than 2 free throws made </s> player_name is Solomon Hill ; free throws made is 3.0 ; team is Pellicans. </s> player_name is Solomon Hill ; free throws made is 2.0 ; team is Pellicans.	uniform_true
Steven Adams has more than 0 free throws percentage </s> player_name is Steven Adams ; free throws percentage is 100.0 ; team is Thunder. </s> player_name is Steven Adams ; free throws percentage is 0.0 ; team is Thunder.	uniform_true
Paul George has less than 8 rebounds </s> player_name is Paul George ; rebounds is 1.0 ; team is Pacers. </s> player_name is Paul George ; rebounds is 8.0 ; team is Pacers.	uniform_true
Marvin Williams has more than 1 personal fouls </s> player_name is Marvin Williams ; personal fouls is 3.0 ; team is Hornets. </s> player_name is Marvin Williams ; personal fouls is 1.0 ; team is Hornets.	uniform_true
John Wall has 40 3 point field goal percentage </s> player_name is John Wall ; 3 point field goal percentage is 40.0 ; team is Wizards. </s> player_name is John Wall ; 3 point field goal percentage is 40.0 ; team is Wizards.	uniform_true
Isaiah Thomas has Celtics team </s> player_name is Isaiah Thomas ; team is Celtics ; team is Celtics. </s> player_name is Isaiah Thomas ; team is Celtics ; team is Celtics.	uniform_true
Markieff Morris has 30 minutes </s> player_name is Markieff Morris ; minutes is 30.0 ; team is Suns. </s> player_name is Markieff Morris ; minutes is 30.0 ; team is Suns.	uniform_true
Clint Capela has less than 8 free throws attempted </s> player_name is Clint Capela ; free throws attempted is 4.0 ; team is Rockets. </s> player_name is Clint Capela ; free throws attempted is 8.0 ; team is Rockets.	uniform_true
John Wall has Wall second_name </s> player_name is John Wall ; second_name is Wall ; team is Wizards. </s> player_name is John Wall ; second_name is Wall ; team is Wizards.	uniform_true
Jeff Teague has less than 35 minutes </s> player_name is Jeff Teague ; minutes is 31.0 ; team is Hawks. </s> player_name is Jeff Teague ; minutes is 35.0 ; team is Hawks.	uniform_true
Solomon Hill has more than 0 blocks </s> player_name is Solomon Hill ; blocks is 1.0 ; team is Pellicans. </s> player_name is Solomon Hill ; blocks is 0.0 ; team is Pacers.	uniform_true
DeMarre Carroll has more than 1 steals </s> player_name is DeMarre Carroll ; steals is 2.0 ; team is Raptors. </s> player_name is DeMarre Carroll ; steals is 1.0 ; team is Hawks.	uniform_true
Roy Hibbert has 0 3 point field goal attempted </s> player_name is Roy Hibbert ; 3 point field goal attempted is 0.0 ; team is Lakers. </s> player_name is Roy Hibbert ; 3 point field goal attempted is 0.0 ; team is Pacers.	uniform_true
Nicolas Batum has less than 8 3 point field goal made </s> player_name is Nicolas Batum ; 3 point field goal made is 1.0 ; team is Hornets. </s> player_name is Nicolas Batum ; 3 point field goal made is 8.0 ; team is Hornets.	uniform_true
Donald Sloan has more than 2 rebounds </s> player_name is Donald Sloan ; rebounds is 9.0 ; team is Nets. </s> player_name is Donald Sloan ; rebounds is 2.0 ; team is Nets.	uniform_true
