Andre Roberson has lower percentage than Andre Roberson </s> player_name is Andre Roberson ; team is Thunder ; 3 point field goal percentage is 0.0 ; field goals percentage is 0.0. </s> player_name is Andre Roberson ; team is Thunder ; 3 point field goal percentage is 50.0 ; field goals percentage is 75.0.	uniform_true
Danny Green has higher percentage than Danny Green </s> player_name is Danny Green ; team is Spurs ; 3 point field goal percentage is 75.0 ; field goals percentage is 75.0. </s> player_name is Danny Green ; team is Spurs ; 3 point field goal percentage is 33.0 ; field goals percentage is 29.0.	uniform_true
Serge Ibaka has higher city than Serge Ibaka </s> player_name is Serge Ibaka ; team is Raptors ; blocks is 3.0 ; town is Toronto. </s> player_name is Serge Ibaka ; team is Thunder ; blocks is 1.0 ; town is Oklahoma City.	uniform_true
Brook Lopez has lower rebound than Brook Lopez </s> player_name is Brook Lopez ; team is Nets ; rebounds is 6.0 ; blocks is 2.0. </s> player_name is Brook Lopez ; team is Nets ; rebounds is 8.0 ; blocks is 5.0.	uniform_true
Damian Lillard has the same name as Damian Lillard </s> player_name is Damian Lillard ; team is Trail Blazers ; player_name is Damian Lillard ; second_name is Lillard. </s> player_name is Damian Lillard ; team is Trail Blazers ; player_name is Damian Lillard ; second_name is Lillard.	uniform_true
Marvin Williams has lower attempt than Marvin Williams </s> player_name is Marvin Williams ; team is Hornets ; field goal attempts is 7.0 ; free throws attempted is 0.0. </s> player_name is Marvin Williams ; team is Hornets ; field goal attempts is 10.0 ; free throws attempted is 2.0.	uniform_true
Dwight Howard has lower rebound than Dwight Howard </s> player_name is Dwight Howard ; team is Hawks ; offensive rebounds is 4.0 ; rebounds is 12.0. </s> player_name is Dwight Howard ; team is Rockets ; offensive rebounds is 7.0 ; rebounds is 20.0.	uniform_true
Courtney Lee has lower city than Courtney Lee </s> player_name is Courtney Lee ; team is Grizzles ; blocks is 0.0 ; town is Memphis. </s> player_name is Courtney Lee ; team is Knicks ; blocks is 1.0 ; town is New York.	uniform_true
Trevor Ariza has lower throw than Trevor Ariza </s> player_name is Trevor Ariza ; team is Rockets ; free throws made is 0.0 ; free throws percentage is 0.0. </s> player_name is Trevor Ariza ; team is Rockets ; free throws made is 3.0 ; free throws percentage is 60.0.	uniform_true
Thaddeus Young has the same name as Thaddeus Young </s> player_name is Thaddeus Young ; team is Nets ; first_name is Thaddeus ; player_name is Thaddeus Young. </s> player_name is Thaddeus Young ; team is Pacers ; first_name is Thaddeus ; player_name is Thaddeus Young.	uniform_true
Kevin Love has the same rebound as Kevin Love </s> player_name is Kevin Love ; team is Cavaliers ; rebounds is 13.0 ; blocks is 0.0. </s> player_name is Kevin Love ; team is Cavaliers ; rebounds is 13.0 ; blocks is 0.0.	uniform_true
JJ Redick has the same attempt as JJ Redick </s> player_name is JJ Redick ; team is Clippers ; field goal attempts is 16.0 ; free throws attempted is 2.0. </s> player_name is JJ Redick ; team is Clippers ; field goal attempts is 16.0 ; free throws attempted is 2.0.	uniform_true
Wesley Matthews has the same throw as Wesley Matthews </s> player_name is Wesley Matthews ; team is Mavericks ; free throws attempted is 0.0 ; free throws made is 0.0. </s> player_name is Wesley Matthews ; team is Mavericks ; free throws attempted is 0.0 ; free throws made is 0.0.	uniform_true
Anthony Davis has the same point as Anthony Davis </s> player_name is Anthony Davis ; team is Pellicans ; 3 point field goal attempted is 2.0 ; 3 point field goal percentage is 50.0. </s> player_name is Anthony Davis ; team is Pellicans ; 3 point field goal attempted is 2.0 ; 3 point field goal percentage is 50.0.	uniform_true
Rudy Gay has the same throw as Rudy Gay </s> player_name is Rudy Gay ; team is Kings ; free throws attempted is 4.0 ; free throws percentage is 75.0. </s> player_name is Rudy Gay ; team is Kings ; free throws attempted is 4.0 ; free throws percentage is 75.0.	uniform_true
Matthew Dellavedova has higher throw than Matthew Dellavedova </s> player_name is Matthew Dellavedova ; team is Bucks ; free throws attempted is 1.0 ; free throws percentage is 100.0. </s> player_name is Matthew Dellavedova ; team is Bucks ; free throws attempted is 0.0 ; free throws percentage is 0.0.	uniform_true
Donald Sloan has higher point than Donald Sloan </s> player_name is Donald Sloan ; team is Nets ; 3 point field goal attempted is 5.0 ; 3 point field goal percentage is 40.0. </s> player_name is Donald Sloan ; team is Nets ; 3 point field goal attempted is 3.0 ; 3 point field goal percentage is 33.0.	uniform_true
Markel Brown has the same made as Markel Brown </s> player_name is Markel Brown ; team is Nets ; field goal made is 2.0 ; free throws made is 0.0. </s> player_name is Markel Brown ; team is Nets ; field goal made is 2.0 ; free throws made is 0.0.	uniform_true
James Harden has lower rebound than James Harden </s> player_name is James Harden ; team is Rockets ; rebounds is 4.0 ; assists is 2.0. </s> player_name is James Harden ; team is Rockets ; rebounds is 9.0 ; assists is 10.0.	uniform_true
Buddy Hield has lower throw than Buddy Hield </s> player_name is Buddy Hield ; team is Pellicans ; free throws attempted is 0.0 ; free throws percentage is 0.0. </s> player_name is Buddy Hield ; team is Kings ; free throws attempted is 4.0 ; free throws percentage is 100.0.	uniform_true
D'Angelo Russell has the same rebound as D'Angelo Russell </s> player_name is D'Angelo Russell ; team is Lakers ; rebounds is 5.0 ; assists is 5.0. </s> player_name is D'Angelo Russell ; team is Lakers ; rebounds is 5.0 ; assists is 5.0.	uniform_true
Elfrid Payton has lower field goal than Elfrid Payton </s> player_name is Elfrid Payton ; team is Magic ; 3 point field goal percentage is 0.0 ; field goals percentage is 25.0. </s> player_name is Elfrid Payton ; team is Magic ; 3 point field goal percentage is 33.0 ; field goals percentage is 46.0.	uniform_true
Nikola Vucevic has the same name as Nikola Vucevic </s> player_name is Nikola Vucevic ; team is Magic ; first_name is Nikola ; player_name is Nikola Vucevic. </s> player_name is Nikola Vucevic ; team is Magic ; first_name is Nikola ; player_name is Nikola Vucevic.	uniform_true
Danny Green has the same rebound as Danny Green </s> player_name is Danny Green ; team is Spurs ; defensive rebounds is 7.0 ; rebounds is 7.0. </s> player_name is Danny Green ; team is Spurs ; defensive rebounds is 7.0 ; rebounds is 7.0.	uniform_true
Ian Mahinmi has lower rebound than Ian Mahinmi </s> player_name is Ian Mahinmi ; team is Pacers ; defensive rebounds is 1.0 ; rebounds is 2.0. </s> player_name is Ian Mahinmi ; team is Pacers ; defensive rebounds is 6.0 ; rebounds is 9.0.	uniform_true
Dennis Schroder has the same throw as Dennis Schroder </s> player_name is Dennis Schroder ; team is Hawks ; free throws attempted is 7.0 ; free throws made is 4.0. </s> player_name is Dennis Schroder ; team is Hawks ; free throws attempted is 7.0 ; free throws made is 4.0.	uniform_true
Roy Hibbert has lower throw than Roy Hibbert </s> player_name is Roy Hibbert ; team is Hornets ; free throws attempted is 0.0 ; free throws made is 0.0. </s> player_name is Roy Hibbert ; team is Lakers ; free throws attempted is 5.0 ; free throws made is 4.0.	uniform_true
Paul Millsap has higher point than Paul Millsap </s> player_name is Paul Millsap ; team is Hawks ; 3 point field goal made is 2.0 ; 3 point field goal percentage is 50.0. </s> player_name is Paul Millsap ; team is Hawks ; 3 point field goal made is 1.0 ; 3 point field goal percentage is 33.0.	uniform_true
Al-Farouq Aminu has higher rebound than Al-Farouq Aminu </s> player_name is Al-Farouq Aminu ; team is Trail Blazers ; offensive rebounds is 2.0 ; rebounds is 9.0. </s> player_name is Al-Farouq Aminu ; team is Trail Blazers ; offensive rebounds is 1.0 ; rebounds is 8.0.	uniform_true
Trevor Ariza has higher field goal than Trevor Ariza </s> player_name is Trevor Ariza ; team is Rockets ; field goal made is 6.0 ; 3 point field goal attempted is 11.0. </s> player_name is Trevor Ariza ; team is Rockets ; field goal made is 1.0 ; 3 point field goal attempted is 5.0.	uniform_true
Stephen Curry has lower field goal than Stephen Curry </s> player_name is Stephen Curry ; team is Golden State Warriors ; 3 point field goal percentage is 44.0 ; field goals percentage is 44.0. </s> player_name is Stephen Curry ; team is Golden State Warriors ; 3 point field goal percentage is 60.0 ; field goals percentage is 65.0.	uniform_true
Trevor Ariza has higher rebound than Trevor Ariza </s> player_name is Trevor Ariza ; team is Rockets ; defensive rebounds is 7.0 ; rebounds is 7.0. </s> player_name is Trevor Ariza ; team is Rockets ; defensive rebounds is 0.0 ; rebounds is 0.0.	uniform_true
Serge Ibaka has lower throw than Serge Ibaka </s> player_name is Serge Ibaka ; team is Thunder ; free throws attempted is 0.0 ; free throws made is 0.0. </s> player_name is Serge Ibaka ; team is Raptors ; free throws attempted is 2.0 ; free throws made is 2.0.	uniform_true
LeBron James has higher throw than LeBron James </s> player_name is LeBron James ; team is Cavaliers ; free throws attempted is 5.0 ; free throws percentage is 100.0. </s> player_name is LeBron James ; team is Cavaliers ; free throws attempted is 4.0 ; free throws percentage is 75.0.	uniform_true
Wesley Matthews has lower rebound than Wesley Matthews </s> player_name is Wesley Matthews ; team is Trail Blazers ; rebounds is 1.0 ; blocks is 0.0. </s> player_name is Wesley Matthews ; team is Mavericks ; rebounds is 6.0 ; blocks is 2.0.	uniform_true
Amir Johnson has lower throw than Amir Johnson </s> player_name is Amir Johnson ; team is Celtics ; free throws attempted is 0.0 ; free throws percentage is 0.0. </s> player_name is Amir Johnson ; team is Celtics ; free throws attempted is 2.0 ; free throws percentage is 50.0.	uniform_true
Damian Lillard has higher rebound than Damian Lillard </s> player_name is Damian Lillard ; team is Trail Blazers ; defensive rebounds is 6.0 ; offensive rebounds is 2.0. </s> player_name is Damian Lillard ; team is Trail Blazers ; defensive rebounds is 1.0 ; offensive rebounds is 0.0.	uniform_true
Kyle Korver has the same field goal as Kyle Korver </s> player_name is Kyle Korver ; team is Hawks ; field goal made is 5.0 ; field goals percentage is 46.0. </s> player_name is Kyle Korver ; team is Hawks ; field goal made is 5.0 ; field goals percentage is 46.0.	uniform_true
Wesley Matthews has lower rebound than Wesley Matthews </s> player_name is Wesley Matthews ; team is Mavericks ; defensive rebounds is 4.0 ; offensive rebounds is 0.0. </s> player_name is Wesley Matthews ; team is Mavericks ; defensive rebounds is 5.0 ; offensive rebounds is 1.0.	uniform_true
DeMarre Carroll has the same rebound as DeMarre Carroll </s> player_name is DeMarre Carroll ; team is Hawks ; defensive rebounds is 6.0 ; offensive rebounds is 3.0. </s> player_name is DeMarre Carroll ; team is Hawks ; defensive rebounds is 6.0 ; offensive rebounds is 3.0.	uniform_true
Ish Smith has lower rebound than Ish Smith </s> player_name is Ish Smith ; team is Pistons ; rebounds is 1.0 ; blocks is 0.0. </s> player_name is Ish Smith ; team is 76ers ; rebounds is 7.0 ; blocks is 1.0.	uniform_true
Dennis Schroder has lower rebound than Dennis Schroder </s> player_name is Dennis Schroder ; team is Hawks ; rebounds is 2.0 ; assists is 6.0. </s> player_name is Dennis Schroder ; team is Hawks ; rebounds is 4.0 ; assists is 15.0.	uniform_true
Kawhi Leonard has the same throw as Kawhi Leonard </s> player_name is Kawhi Leonard ; team is Spurs ; free throws attempted is 4.0 ; free throws made is 3.0. </s> player_name is Kawhi Leonard ; team is Spurs ; free throws attempted is 4.0 ; free throws made is 3.0.	uniform_true
Serge Ibaka has higher field goal than Serge Ibaka </s> player_name is Serge Ibaka ; team is Magic ; 3 point field goal made is 3.0 ; field goal made is 6.0. </s> player_name is Serge Ibaka ; team is Raptors ; 3 point field goal made is 0.0 ; field goal made is 5.0.	uniform_true
Dennis Schroder has lower percentage than Dennis Schroder </s> player_name is Dennis Schroder ; team is Hawks ; 3 point field goal percentage is 0.0 ; field goals percentage is 54.0. </s> player_name is Dennis Schroder ; team is Hawks ; 3 point field goal percentage is 50.0 ; field goals percentage is 63.0.	uniform_true
James Harden has the same city as James Harden </s> player_name is James Harden ; team is Rockets ; team_city is Houston ; town is Houston. </s> player_name is James Harden ; team is Rockets ; team_city is Houston ; town is Houston.	uniform_true
Tobias Harris has lower field goal than Tobias Harris </s> player_name is Tobias Harris ; team is Magic ; 3 point field goal made is 0.0 ; field goal made is 2.0. </s> player_name is Tobias Harris ; team is Pistons ; 3 point field goal made is 1.0 ; field goal made is 6.0.	uniform_true
Al Horford has higher city than Al Horford </s> player_name is Al Horford ; team is Celtics ; blocks is 3.0 ; town is Boston. </s> player_name is Al Horford ; team is Hawks ; blocks is 1.0 ; town is Atlanta.	uniform_true
Klay Thompson has the same attempt as Klay Thompson </s> player_name is Klay Thompson ; team is Golden State Warriors ; field goal attempts is 14.0 ; free throws attempted is 0.0. </s> player_name is Klay Thompson ; team is Golden State Warriors ; field goal attempts is 14.0 ; free throws attempted is 0.0.	uniform_true
Marcin Gortat has the same game sheet as Marcin Gortat </s> player_name is Marcin Gortat ; team is Wizards ; assists is 1.0 ; steals is 1.0. </s> player_name is Marcin Gortat ; team is Wizards ; assists is 1.0 ; steals is 1.0.	uniform_true
Thaddeus Young has lower throw than Thaddeus Young </s> player_name is Thaddeus Young ; team is Pacers ; free throws attempted is 0.0 ; free throws percentage is 0.0. </s> player_name is Thaddeus Young ; team is Nets ; free throws attempted is 8.0 ; free throws percentage is 63.0.	uniform_true
Ryan Anderson has higher percentage than Ryan Anderson </s> player_name is Ryan Anderson ; team is Rockets ; 3 point field goal percentage is 57.0 ; field goals percentage is 58.0. </s> player_name is Ryan Anderson ; team is Rockets ; 3 point field goal percentage is 43.0 ; field goals percentage is 40.0.	uniform_true
Dwight Howard has higher field goal than Dwight Howard </s> player_name is Dwight Howard ; team is Rockets ; field goal made is 4.0 ; field goals percentage is 80.0. </s> player_name is Dwight Howard ; team is Hawks ; field goal made is 3.0 ; field goals percentage is 60.0.	uniform_true
Paul Millsap has lower made than Paul Millsap </s> player_name is Paul Millsap ; team is Hawks ; field goal made is 7.0 ; free throws made is 5.0. </s> player_name is Paul Millsap ; team is Hawks ; field goal made is 13.0 ; free throws made is 8.0.	uniform_true
Serge Ibaka has higher field goal than Serge Ibaka </s> player_name is Serge Ibaka ; team is Raptors ; field goal made is 8.0 ; 3 point field goal percentage is 100.0. </s> player_name is Serge Ibaka ; team is Magic ; field goal made is 4.0 ; 3 point field goal percentage is 0.0.	uniform_true
DeMarre Carroll has higher throw than DeMarre Carroll </s> player_name is DeMarre Carroll ; team is Hawks ; free throws attempted is 6.0 ; free throws percentage is 50.0. </s> player_name is DeMarre Carroll ; team is Raptors ; free throws attempted is 0.0 ; free throws percentage is 0.0.	uniform_true
Ish Smith has lower city than Ish Smith </s> player_name is Ish Smith ; team is Pistons ; blocks is 0.0 ; town is Detroit. </s> player_name is Ish Smith ; team is 76ers ; blocks is 1.0 ; town is Philadelphia.	uniform_true
Amir Johnson has the same name as Amir Johnson </s> player_name is Amir Johnson ; team is Celtics ; player_name is Amir Johnson ; second_name is Johnson. </s> player_name is Amir Johnson ; team is Celtics ; player_name is Amir Johnson ; second_name is Johnson.	uniform_true
Jonas Valanciunas has higher rebound than Jonas Valanciunas </s> player_name is Jonas Valanciunas ; team is Raptors ; offensive rebounds is 6.0 ; rebounds is 13.0. </s> player_name is Jonas Valanciunas ; team is Raptors ; offensive rebounds is 4.0 ; rebounds is 10.0.	uniform_true
Carl Landry has the same rebound as Carl Landry </s> player_name is Carl Landry ; team is 76ers ; offensive rebounds is 0.0 ; rebounds is 7.0. </s> player_name is Carl Landry ; team is 76ers ; offensive rebounds is 0.0 ; rebounds is 7.0.	uniform_true
Kent Bazemore has higher field goal than Kent Bazemore </s> player_name is Kent Bazemore ; team is Hawks ; 3 point field goal percentage is 100.0 ; field goals percentage is 67.0. </s> player_name is Kent Bazemore ; team is Hawks ; 3 point field goal percentage is 67.0 ; field goals percentage is 62.0.	uniform_true
Marcus Thornton has the same rebound as Marcus Thornton </s> player_name is Marcus Thornton ; team is Rockets ; defensive rebounds is 3.0 ; rebounds is 4.0. </s> player_name is Marcus Thornton ; team is Rockets ; defensive rebounds is 3.0 ; rebounds is 4.0.	uniform_true
Deron Williams has lower point than Deron Williams </s> player_name is Deron Williams ; team is Mavericks ; 3 point field goal made is 1.0 ; 3 point field goal percentage is 20.0. </s> player_name is Deron Williams ; team is Mavericks ; 3 point field goal made is 2.0 ; 3 point field goal percentage is 40.0.	uniform_true
John Wall has the same name as John Wall </s> player_name is John Wall ; team is Wizards ; first_name is John ; player_name is John Wall. </s> player_name is John Wall ; team is Wizards ; first_name is John ; player_name is John Wall.	uniform_true
Tony Snell has the same point as Tony Snell </s> player_name is Tony Snell ; team is Bulls ; 3 point field goal made is 2.0 ; 3 point field goal percentage is 50.0. </s> player_name is Tony Snell ; team is Bulls ; 3 point field goal made is 2.0 ; 3 point field goal percentage is 50.0.	uniform_true
DeMarre Carroll has the same percentage as DeMarre Carroll </s> player_name is DeMarre Carroll ; team is Raptors ; 3 point field goal percentage is 57.0 ; free throws percentage is 50.0. </s> player_name is DeMarre Carroll ; team is Raptors ; 3 point field goal percentage is 57.0 ; free throws percentage is 50.0.	uniform_true
Wesley Matthews has higher game sheet than Wesley Matthews </s> player_name is Wesley Matthews ; team is Mavericks ; assists is 5.0 ; steals is 2.0. </s> player_name is Wesley Matthews ; team is Mavericks ; assists is 3.0 ; steals is 0.0.	uniform_true
Jonas Valanciunas has higher rebound than Jonas Valanciunas </s> player_name is Jonas Valanciunas ; team is Raptors ; defensive rebounds is 9.0 ; rebounds is 10.0. </s> player_name is Jonas Valanciunas ; team is Raptors ; defensive rebounds is 3.0 ; rebounds is 6.0.	uniform_true
John Wall has lower field goal than John Wall </s> player_name is John Wall ; team is Wizards ; 3 point field goal percentage is 40.0 ; field goals percentage is 25.0. </s> player_name is John Wall ; team is Wizards ; 3 point field goal percentage is 60.0 ; field goals percentage is 60.0.	uniform_true
Tony Snell has the same rebound as Tony Snell </s> player_name is Tony Snell ; team is Bucks ; rebounds is 3.0 ; blocks is 0.0. </s> player_name is Tony Snell ; team is Bulls ; rebounds is 3.0 ; blocks is 0.0.	uniform_true
DeMar DeRozan has lower rebound than DeMar DeRozan </s> player_name is DeMar DeRozan ; team is Raptors ; defensive rebounds is 5.0 ; offensive rebounds is 0.0. </s> player_name is DeMar DeRozan ; team is Raptors ; defensive rebounds is 6.0 ; offensive rebounds is 1.0.	uniform_true
Dwight Howard has higher attempt than Dwight Howard </s> player_name is Dwight Howard ; team is Hawks ; field goal attempts is 11.0 ; free throws attempted is 7.0. </s> player_name is Dwight Howard ; team is Rockets ; field goal attempts is 10.0 ; free throws attempted is 5.0.	uniform_true
Paul Millsap has lower point than Paul Millsap </s> player_name is Paul Millsap ; team is Hawks ; 3 point field goal attempted is 3.0 ; 3 point field goal percentage is 33.0. </s> player_name is Paul Millsap ; team is Hawks ; 3 point field goal attempted is 8.0 ; 3 point field goal percentage is 38.0.	uniform_true
Stephen Curry has the same game sheet as Stephen Curry </s> player_name is Stephen Curry ; team is Golden State Warriors ; assists is 4.0 ; steals is 3.0. </s> player_name is Stephen Curry ; team is Golden State Warriors ; assists is 4.0 ; steals is 3.0.	uniform_true
Amir Johnson has higher made than Amir Johnson </s> player_name is Amir Johnson ; team is Celtics ; field goal made is 2.0 ; free throws made is 1.0. </s> player_name is Amir Johnson ; team is Celtics ; field goal made is 0.0 ; free throws made is 0.0.	uniform_true
Buddy Hield has lower field goal than Buddy Hield </s> player_name is Buddy Hield ; team is Kings ; 3 point field goal percentage is 44.0 ; field goals percentage is 50.0. </s> player_name is Buddy Hield ; team is Pellicans ; 3 point field goal percentage is 50.0 ; field goals percentage is 70.0.	uniform_true
DeMarre Carroll has the same game sheet as DeMarre Carroll </s> player_name is DeMarre Carroll ; team is Raptors ; assists is 0.0 ; steals is 1.0. </s> player_name is DeMarre Carroll ; team is Hawks ; assists is 0.0 ; steals is 1.0.	uniform_true
DeMarre Carroll has the same name as DeMarre Carroll </s> player_name is DeMarre Carroll ; team is Raptors ; first_name is DeMarre ; player_name is DeMarre Carroll. </s> player_name is DeMarre Carroll ; team is Raptors ; first_name is DeMarre ; player_name is DeMarre Carroll.	uniform_true
Stephen Curry has the same rebound as Stephen Curry </s> player_name is Stephen Curry ; team is Golden State Warriors ; defensive rebounds is 6.0 ; rebounds is 7.0. </s> player_name is Stephen Curry ; team is Golden State Warriors ; defensive rebounds is 6.0 ; rebounds is 7.0.	uniform_true
Damian Lillard has higher point than Damian Lillard </s> player_name is Damian Lillard ; team is Trail Blazers ; 3 point field goal made is 5.0 ; 3 point field goal percentage is 46.0. </s> player_name is Damian Lillard ; team is Trail Blazers ; 3 point field goal made is 0.0 ; 3 point field goal percentage is 0.0.	uniform_true
Jimmy Butler has the same name as Jimmy Butler </s> player_name is Jimmy Butler ; team is Bulls ; player_name is Jimmy Butler ; second_name is Butler. </s> player_name is Jimmy Butler ; team is Bulls ; player_name is Jimmy Butler ; second_name is Butler.	uniform_true
Nicolas Batum has the same name as Nicolas Batum </s> player_name is Nicolas Batum ; team is Trail Blazers ; player_name is Nicolas Batum ; second_name is Batum. </s> player_name is Nicolas Batum ; team is Hornets ; player_name is Nicolas Batum ; second_name is Batum.	uniform_true
Amir Johnson has higher point than Amir Johnson </s> player_name is Amir Johnson ; team is Celtics ; 3 point field goal made is 4.0 ; 3 point field goal percentage is 100.0. </s> player_name is Amir Johnson ; team is Celtics ; 3 point field goal made is 0.0 ; 3 point field goal percentage is 0.0.	uniform_true
Markieff Morris has lower field goal than Markieff Morris </s> player_name is Markieff Morris ; team is Suns ; 3 point field goal percentage is 0.0 ; field goals percentage is 38.0. </s> player_name is Markieff Morris ; team is Wizards ; 3 point field goal percentage is 50.0 ; field goals percentage is 59.0.	uniform_true
Nerlens Noel has the same field goal as Nerlens Noel </s> player_name is Nerlens Noel ; team is Mavericks ; field goal made is 1.0 ; 3 point field goal percentage is 0.0. </s> player_name is Nerlens Noel ; team is Mavericks ; field goal made is 1.0 ; 3 point field goal percentage is 0.0.	uniform_true
DeMar DeRozan has higher rebound than DeMar DeRozan </s> player_name is DeMar DeRozan ; team is Raptors ; defensive rebounds is 4.0 ; offensive rebounds is 1.0. </s> player_name is DeMar DeRozan ; team is Raptors ; defensive rebounds is 3.0 ; offensive rebounds is 0.0.	uniform_true
Ish Smith has lower rebound than Ish Smith </s> player_name is Ish Smith ; team is Pistons ; defensive rebounds is 1.0 ; rebounds is 1.0. </s> player_name is Ish Smith ; team is 76ers ; defensive rebounds is 5.0 ; rebounds is 7.0.	uniform_true
Kevin Love has lower field goal than Kevin Love </s> player_name is Kevin Love ; team is Cavaliers ; field goal made is 2.0 ; 3 point field goal attempted is 2.0. </s> player_name is Kevin Love ; team is Cavaliers ; field goal made is 7.0 ; 3 point field goal attempted is 4.0.	uniform_true
Harrison Barnes has the same field goal as Harrison Barnes </s> player_name is Harrison Barnes ; team is Mavericks ; 3 point field goal made is 0.0 ; field goal made is 3.0. </s> player_name is Harrison Barnes ; team is Mavericks ; 3 point field goal made is 0.0 ; field goal made is 3.0.	uniform_true
Kosta Koufos has the same field goal as Kosta Koufos </s> player_name is Kosta Koufos ; team is Kings ; 3 point field goal percentage is 0.0 ; field goals percentage is 42.0. </s> player_name is Kosta Koufos ; team is Kings ; 3 point field goal percentage is 0.0 ; field goals percentage is 42.0.	uniform_true
Evan Fournier has higher rebound than Evan Fournier </s> player_name is Evan Fournier ; team is Magic ; rebounds is 3.0 ; assists is 3.0. </s> player_name is Evan Fournier ; team is Magic ; rebounds is 1.0 ; assists is 2.0.	uniform_true
Thaddeus Young has higher throw than Thaddeus Young </s> player_name is Thaddeus Young ; team is Nets ; free throws made is 5.0 ; free throws percentage is 63.0. </s> player_name is Thaddeus Young ; team is Pacers ; free throws made is 0.0 ; free throws percentage is 0.0.	uniform_true
Jae Crowder has higher percentage than Jae Crowder </s> player_name is Jae Crowder ; team is Celtics ; 3 point field goal percentage is 33.0 ; field goals percentage is 20.0. </s> player_name is Jae Crowder ; team is Celtics ; 3 point field goal percentage is 0.0 ; field goals percentage is 17.0.	uniform_true
Markieff Morris has higher percentage than Markieff Morris </s> player_name is Markieff Morris ; team is Wizards ; 3 point field goal percentage is 50.0 ; free throws percentage is 67.0. </s> player_name is Markieff Morris ; team is Wizards ; 3 point field goal percentage is 25.0 ; free throws percentage is 0.0.	uniform_true
Luol Deng has the same attempt as Luol Deng </s> player_name is Luol Deng ; team is Lakers ; field goal attempts is 5.0 ; free throws attempted is 0.0. </s> player_name is Luol Deng ; team is Lakers ; field goal attempts is 5.0 ; free throws attempted is 0.0.	uniform_true
Nikola Vucevic has higher rebound than Nikola Vucevic </s> player_name is Nikola Vucevic ; team is Magic ; offensive rebounds is 3.0 ; rebounds is 11.0. </s> player_name is Nikola Vucevic ; team is Magic ; offensive rebounds is 0.0 ; rebounds is 3.0.	uniform_true
Solomon Hill has higher point than Solomon Hill </s> player_name is Solomon Hill ; team is Pellicans ; 3 point field goal made is 1.0 ; 3 point field goal percentage is 17.0. </s> player_name is Solomon Hill ; team is Pacers ; 3 point field goal made is 0.0 ; 3 point field goal percentage is 0.0.	uniform_true
Serge Ibaka has higher made than Serge Ibaka </s> player_name is Serge Ibaka ; team is Raptors ; field goal made is 3.0 ; free throws made is 2.0. </s> player_name is Serge Ibaka ; team is Magic ; field goal made is 2.0 ; free throws made is 0.0.	uniform_true
Serge Ibaka has the same name as Serge Ibaka </s> player_name is Serge Ibaka ; team is Raptors ; first_name is Serge ; second_name is Ibaka. </s> player_name is Serge Ibaka ; team is Raptors ; first_name is Serge ; second_name is Ibaka.	uniform_true
Tristan Thompson has lower attempt than Tristan Thompson </s> player_name is Tristan Thompson ; team is Cavaliers ; field goal attempts is 4.0 ; free throws attempted is 0.0. </s> player_name is Tristan Thompson ; team is Cavaliers ; field goal attempts is 6.0 ; free throws attempted is 8.0.	uniform_true
