Danny Green has higher point than Luc Mbah a Moute </s> player_name is Danny Green ; 3 point field goal made is 4.0 ; 3 point field goal percentage is 80.0. </s> player_name is Luc Mbah a Moute ; 3 point field goal made is 1.0 ; 3 point field goal percentage is 100.0.	contradicting
Luc Mbah a Moute has lower field goal than Kemba Walker </s> player_name is Luc Mbah a Moute ; field goal made is 1.0 ; 3 point field goal percentage is 100.0. </s> player_name is Kemba Walker ; field goal made is 4.0 ; 3 point field goal percentage is 25.0.	contradicting
Miles Plumlee has lower attempt than Devin Booker </s> player_name is Miles Plumlee ; field goal attempts is 4.0 ; free throws attempted is 6.0. </s> player_name is Devin Booker ; field goal attempts is 20.0 ; free throws attempted is 4.0.	contradicting
Paul George has lower rebound than Seth Curry </s> player_name is Paul George ; offensive rebounds is 0.0 ; rebounds is 8.0. </s> player_name is Seth Curry ; offensive rebounds is 1.0 ; rebounds is 2.0.	contradicting
Dennis Schroder has lower percentage than D'Angelo Russell </s> player_name is Dennis Schroder ; 3 point field goal percentage is 0.0 ; field goals percentage is 54.0. </s> player_name is D'Angelo Russell ; 3 point field goal percentage is 20.0 ; field goals percentage is 21.0.	contradicting
Marcus Thornton has the same name as Marcus Morris </s> player_name is Marcus Thornton ; first_name is Marcus ; player_name is Marcus Thornton. </s> player_name is Marcus Morris ; first_name is Marcus ; player_name is Marcus Morris.	contradicting
JJ Redick has the same rebound as Ish Smith </s> player_name is JJ Redick ; rebounds is 1.0 ; assists is 0.0. </s> player_name is Ish Smith ; rebounds is 1.0 ; assists is 3.0.	contradicting
DeMar DeRozan has higher rebound than Tarik Black </s> player_name is DeMar DeRozan ; defensive rebounds is 3.0 ; rebounds is 3.0. </s> player_name is Tarik Black ; defensive rebounds is 2.0 ; rebounds is 6.0.	contradicting
Andrew Wiggins has lower field goal than Kyle Lowry </s> player_name is Andrew Wiggins ; 3 point field goal made is 1.0 ; field goal made is 11.0. </s> player_name is Kyle Lowry ; 3 point field goal made is 2.0 ; field goal made is 3.0.	contradicting
Victor Oladipo has the same attempt as Ryan Anderson </s> player_name is Victor Oladipo ; field goal attempts is 10.0 ; free throws attempted is 6.0. </s> player_name is Ryan Anderson ; field goal attempts is 10.0 ; free throws attempted is 2.0.	contradicting
Michael Kidd-Gilchrist has the same city as Zaza Pachulia </s> player_name is Michael Kidd-Gilchrist ; blocks is 1.0 ; town is Charlotte. </s> player_name is Zaza Pachulia ; blocks is 1.0 ; town is San Francisco.	contradicting
Myles Turner has lower rebound than Dennis Schroder </s> player_name is Myles Turner ; offensive rebounds is 0.0 ; rebounds is 7.0. </s> player_name is Dennis Schroder ; offensive rebounds is 1.0 ; rebounds is 2.0.	contradicting
Brandon Jennings has higher throw than Ish Smith </s> player_name is Brandon Jennings ; free throws made is 4.0 ; free throws percentage is 67.0. </s> player_name is Ish Smith ; free throws made is 2.0 ; free throws percentage is 100.0.	contradicting
Julius Randle has lower field goal than Marvin Williams </s> player_name is Julius Randle ; 3 point field goal percentage is 0.0 ; field goals percentage is 62.0. </s> player_name is Marvin Williams ; 3 point field goal percentage is 50.0 ; field goals percentage is 57.0.	contradicting
Dwyane Wade has the same city as Domantas Sabonis </s> player_name is Dwyane Wade ; blocks is 0.0 ; town is Chicago. </s> player_name is Domantas Sabonis ; blocks is 0.0 ; town is Oklahoma City.	contradicting
George Hill has the same rebound as DeMarre Carroll </s> player_name is George Hill ; offensive rebounds is 0.0 ; rebounds is 4.0. </s> player_name is DeMarre Carroll ; offensive rebounds is 0.0 ; rebounds is 2.0.	contradicting
D'Angelo Russell has lower made than Al Horford </s> player_name is D'Angelo Russell ; field goal made is 3.0 ; free throws made is 2.0. </s> player_name is Al Horford ; field goal made is 6.0 ; free throws made is 0.0.	contradicting
Jeremy Lamb has higher field goal than Deron Williams </s> player_name is Jeremy Lamb ; field goal made is 4.0 ; 3 point field goal percentage is 33.0. </s> player_name is Deron Williams ; field goal made is 2.0 ; 3 point field goal percentage is 40.0.	contradicting
Steven Adams has the same game sheet as Arron Afflalo </s> player_name is Steven Adams ; assists is 1.0 ; steals is 1.0. </s> player_name is Arron Afflalo ; assists is 1.0 ; steals is 0.0.	contradicting
Thaddeus Young has lower rebound than Jrue Holiday </s> player_name is Thaddeus Young ; defensive rebounds is 2.0 ; offensive rebounds is 3.0. </s> player_name is Jrue Holiday ; defensive rebounds is 8.0 ; offensive rebounds is 2.0.	contradicting
Derrick Williams has higher field goal than Domantas Sabonis </s> player_name is Derrick Williams ; field goal made is 4.0 ; 3 point field goal attempted is 1.0. </s> player_name is Domantas Sabonis ; field goal made is 1.0 ; 3 point field goal attempted is 2.0.	contradicting
Dennis Schroder has higher rebound than Nick Young </s> player_name is Dennis Schroder ; defensive rebounds is 6.0 ; offensive rebounds is 0.0. </s> player_name is Nick Young ; defensive rebounds is 1.0 ; offensive rebounds is 1.0.	contradicting
Tobias Harris has the same rebound as Rudy Gay </s> player_name is Tobias Harris ; rebounds is 4.0 ; assists is 1.0. </s> player_name is Rudy Gay ; rebounds is 4.0 ; assists is 3.0.	contradicting
Victor Oladipo has the same throw as Tim Hardaway Jr. </s> player_name is Victor Oladipo ; free throws made is 2.0 ; free throws percentage is 67.0. </s> player_name is Tim Hardaway Jr. ; free throws made is 2.0 ; free throws percentage is 100.0.	contradicting
Devin Booker has higher rebound than Kemba Walker </s> player_name is Devin Booker ; rebounds is 4.0 ; assists is 2.0. </s> player_name is Kemba Walker ; rebounds is 1.0 ; assists is 4.0.	contradicting
Tiago Splitter has lower rebound than CJ Miles </s> player_name is Tiago Splitter ; defensive rebounds is 2.0 ; offensive rebounds is 2.0. </s> player_name is CJ Miles ; defensive rebounds is 3.0 ; offensive rebounds is 0.0.	contradicting
Kent Bazemore has higher rebound than DeMarcus Cousins </s> player_name is Kent Bazemore ; rebounds is 10.0 ; blocks is 0.0. </s> player_name is DeMarcus Cousins ; rebounds is 9.0 ; blocks is 5.0.	contradicting
Nicolas Batum has higher percentage than Steven Adams </s> player_name is Nicolas Batum ; 3 point field goal percentage is 25.0 ; free throws percentage is 0.0. </s> player_name is Steven Adams ; 3 point field goal percentage is 0.0 ; free throws percentage is 40.0.	contradicting
Serge Ibaka has higher made than Aaron Gordon </s> player_name is Serge Ibaka ; field goal made is 8.0 ; free throws made is 0.0. </s> player_name is Aaron Gordon ; field goal made is 6.0 ; free throws made is 1.0.	contradicting
Al Jefferson has higher rebound than Jimmy Butler </s> player_name is Al Jefferson ; rebounds is 7.0 ; assists is 1.0. </s> player_name is Jimmy Butler ; rebounds is 2.0 ; assists is 12.0.	contradicting
Marcus Smart has higher rebound than Luc Mbah a Moute </s> player_name is Marcus Smart ; rebounds is 3.0 ; blocks is 0.0. </s> player_name is Luc Mbah a Moute ; rebounds is 0.0 ; blocks is 1.0.	contradicting
Marc Gasol has lower game sheet than Patrick Beverley </s> player_name is Marc Gasol ; assists is 0.0 ; steals is 1.0. </s> player_name is Patrick Beverley ; assists is 5.0 ; steals is 0.0.	contradicting
Tony Snell has the same attempt as Miles Plumlee </s> player_name is Tony Snell ; field goal attempts is 4.0 ; free throws attempted is 1.0. </s> player_name is Miles Plumlee ; field goal attempts is 4.0 ; free throws attempted is 6.0.	contradicting
Kyle Lowry has higher rebound than Jonas Valanciunas </s> player_name is Kyle Lowry ; defensive rebounds is 6.0 ; rebounds is 7.0. </s> player_name is Jonas Valanciunas ; defensive rebounds is 4.0 ; rebounds is 9.0.	contradicting
DeMarre Carroll has the same throw as LaMarcus Aldridge </s> player_name is DeMarre Carroll ; free throws attempted is 4.0 ; free throws percentage is 75.0. </s> player_name is LaMarcus Aldridge ; free throws attempted is 4.0 ; free throws percentage is 100.0.	contradicting
Gorgui Dieng has lower point than DeMarcus Cousins </s> player_name is Gorgui Dieng ; 3 point field goal attempted is 1.0 ; 3 point field goal percentage is 100.0. </s> player_name is DeMarcus Cousins ; 3 point field goal attempted is 9.0 ; 3 point field goal percentage is 56.0.	contradicting
Tristan Thompson has lower attempt than Steven Adams </s> player_name is Tristan Thompson ; field goal attempts is 6.0 ; free throws attempted is 8.0. </s> player_name is Steven Adams ; field goal attempts is 10.0 ; free throws attempted is 1.0.	contradicting
Paul George has lower field goal than Kemba Walker </s> player_name is Paul George ; 3 point field goal made is 4.0 ; field goal made is 11.0. </s> player_name is Kemba Walker ; 3 point field goal made is 5.0 ; field goal made is 9.0.	contradicting
Thaddeus Young has higher rebound than Brook Lopez </s> player_name is Thaddeus Young ; rebounds is 10.0 ; blocks is 0.0. </s> player_name is Brook Lopez ; rebounds is 8.0 ; blocks is 5.0.	contradicting
DeMarre Carroll has the same throw as Roy Hibbert </s> player_name is DeMarre Carroll ; free throws made is 3.0 ; free throws percentage is 75.0. </s> player_name is Roy Hibbert ; free throws made is 3.0 ; free throws percentage is 100.0.	contradicting
George Hill has higher rebound than Donald Sloan </s> player_name is George Hill ; rebounds is 10.0 ; assists is 3.0. </s> player_name is Donald Sloan ; rebounds is 4.0 ; assists is 4.0.	contradicting
Blake Griffin has higher field goal than Trevor Ariza </s> player_name is Blake Griffin ; field goal made is 9.0 ; 3 point field goal percentage is 0.0. </s> player_name is Trevor Ariza ; field goal made is 7.0 ; 3 point field goal percentage is 50.0.	contradicting
Kyrie Irving has the same point as Serge Ibaka </s> player_name is Kyrie Irving ; 3 point field goal attempted is 4.0 ; 3 point field goal percentage is 100.0. </s> player_name is Serge Ibaka ; 3 point field goal attempted is 4.0 ; 3 point field goal percentage is 25.0.	contradicting
Kemba Walker has the same throw as Victor Oladipo </s> player_name is Kemba Walker ; free throws attempted is 3.0 ; free throws made is 3.0. </s> player_name is Victor Oladipo ; free throws attempted is 3.0 ; free throws made is 2.0.	contradicting
Dirk Nowitzki has higher attempt than Eric Bledsoe </s> player_name is Dirk Nowitzki ; field goal attempts is 13.0 ; free throws attempted is 0.0. </s> player_name is Eric Bledsoe ; field goal attempts is 9.0 ; free throws attempted is 8.0.	contradicting
Stephen Curry has lower throw than DeMarcus Cousins </s> player_name is Stephen Curry ; free throws attempted is 4.0 ; free throws made is 4.0. </s> player_name is DeMarcus Cousins ; free throws attempted is 5.0 ; free throws made is 3.0.	contradicting
Monta Ellis has lower field goal than Dirk Nowitzki </s> player_name is Monta Ellis ; field goal made is 4.0 ; 3 point field goal percentage is 33.0. </s> player_name is Dirk Nowitzki ; field goal made is 6.0 ; 3 point field goal percentage is 0.0.	contradicting
Ish Smith has higher game sheet than Robert Covington </s> player_name is Ish Smith ; assists is 9.0 ; steals is 0.0. </s> player_name is Robert Covington ; assists is 0.0 ; steals is 1.0.	contradicting
Trevor Ariza has lower rebound than Robin Lopez </s> player_name is Trevor Ariza ; offensive rebounds is 1.0 ; rebounds is 7.0. </s> player_name is Robin Lopez ; offensive rebounds is 3.0 ; rebounds is 5.0.	contradicting
Hollis Thompson has the same field goal as Serge Ibaka </s> player_name is Hollis Thompson ; field goal made is 5.0 ; 3 point field goal attempted is 4.0. </s> player_name is Serge Ibaka ; field goal made is 5.0 ; 3 point field goal attempted is 1.0.	contradicting
Robert Covington has higher percentage than Andre Roberson </s> player_name is Robert Covington ; 3 point field goal percentage is 67.0 ; free throws percentage is 0.0. </s> player_name is Andre Roberson ; 3 point field goal percentage is 0.0 ; free throws percentage is 50.0.	contradicting
Devin Booker has lower field goal than Blake Griffin </s> player_name is Devin Booker ; field goal made is 5.0 ; 3 point field goal percentage is 13.0. </s> player_name is Blake Griffin ; field goal made is 9.0 ; 3 point field goal percentage is 0.0.	contradicting
CJ McCollum has lower city than Joakim Noah </s> player_name is CJ McCollum ; blocks is 0.0 ; town is Portland. </s> player_name is Joakim Noah ; blocks is 2.0 ; town is New York.	contradicting
Evan Fournier has lower throw than Clint Capela </s> player_name is Evan Fournier ; free throws attempted is 3.0 ; free throws percentage is 100.0. </s> player_name is Clint Capela ; free throws attempted is 8.0 ; free throws percentage is 50.0.	contradicting
Markieff Morris has lower rebound than Dwight Howard </s> player_name is Markieff Morris ; rebounds is 9.0 ; blocks is 1.0. </s> player_name is Dwight Howard ; rebounds is 13.0 ; blocks is 0.0.	contradicting
Dennis Schroder has the same throw as Paul George </s> player_name is Dennis Schroder ; free throws attempted is 5.0 ; free throws made is 5.0. </s> player_name is Paul George ; free throws attempted is 5.0 ; free throws made is 4.0.	contradicting
Rudy Gay has lower field goal than Goran Dragic </s> player_name is Rudy Gay ; field goal made is 6.0 ; 3 point field goal attempted is 5.0. </s> player_name is Goran Dragic ; field goal made is 8.0 ; 3 point field goal attempted is 3.0.	contradicting
Kawhi Leonard has lower rebound than Roy Hibbert </s> player_name is Kawhi Leonard ; rebounds is 4.0 ; assists is 2.0. </s> player_name is Roy Hibbert ; rebounds is 10.0 ; assists is 1.0.	contradicting
David West has higher rebound than Buddy Hield </s> player_name is David West ; rebounds is 6.0 ; assists is 3.0. </s> player_name is Buddy Hield ; rebounds is 3.0 ; assists is 4.0.	contradicting
Jerami Grant has lower point than Isaiah Thomas </s> player_name is Jerami Grant ; 3 point field goal made is 1.0 ; 3 point field goal percentage is 50.0. </s> player_name is Isaiah Thomas ; 3 point field goal made is 5.0 ; 3 point field goal percentage is 46.0.	contradicting
David Lee has the same percentage as Dennis Schroder </s> player_name is David Lee ; 3 point field goal percentage is 0.0 ; field goals percentage is 40.0. </s> player_name is Dennis Schroder ; 3 point field goal percentage is 0.0 ; field goals percentage is 54.0.	contradicting
Pau Gasol has higher game sheet than Jabari Parker </s> player_name is Pau Gasol ; assists is 4.0 ; steals is 0.0. </s> player_name is Jabari Parker ; assists is 3.0 ; steals is 3.0.	contradicting
Kemba Walker has higher field goal than Lance Stephenson </s> player_name is Kemba Walker ; field goal made is 4.0 ; 3 point field goal percentage is 25.0. </s> player_name is Lance Stephenson ; field goal made is 2.0 ; 3 point field goal percentage is 50.0.	contradicting
Derrick Rose has higher percentage than Taj Gibson </s> player_name is Derrick Rose ; 3 point field goal percentage is 40.0 ; free throws percentage is 0.0. </s> player_name is Taj Gibson ; 3 point field goal percentage is 0.0 ; free throws percentage is 67.0.	contradicting
DeAndre Jordan has higher city than Domantas Sabonis </s> player_name is DeAndre Jordan ; blocks is 1.0 ; town is Los Angeles. </s> player_name is Domantas Sabonis ; blocks is 0.0 ; town is Oklahoma City.	contradicting
Tiago Splitter has lower rebound than Dirk Nowitzki </s> player_name is Tiago Splitter ; rebounds is 4.0 ; assists is 3.0. </s> player_name is Dirk Nowitzki ; rebounds is 8.0 ; assists is 0.0.	contradicting
Kyle Korver has lower rebound than Mike Conley </s> player_name is Kyle Korver ; offensive rebounds is 0.0 ; rebounds is 8.0. </s> player_name is Mike Conley ; offensive rebounds is 1.0 ; rebounds is 2.0.	contradicting
Derrick Rose has the same rebound as Jonas Valanciunas </s> player_name is Derrick Rose ; rebounds is 6.0 ; assists is 5.0. </s> player_name is Jonas Valanciunas ; rebounds is 6.0 ; assists is 1.0.	contradicting
James Harden has higher point than Danilo Gallinari </s> player_name is James Harden ; 3 point field goal attempted is 10.0 ; 3 point field goal percentage is 50.0. </s> player_name is Danilo Gallinari ; 3 point field goal attempted is 5.0 ; 3 point field goal percentage is 60.0.	contradicting
Klay Thompson has the same point as Paul Millsap </s> player_name is Klay Thompson ; 3 point field goal made is 2.0 ; 3 point field goal percentage is 67.0. </s> player_name is Paul Millsap ; 3 point field goal made is 2.0 ; 3 point field goal percentage is 50.0.	contradicting
Marcin Gortat has lower attempt than Dante Cunningham </s> player_name is Marcin Gortat ; field goal attempts is 5.0 ; free throws attempted is 6.0. </s> player_name is Dante Cunningham ; field goal attempts is 8.0 ; free throws attempted is 2.0.	contradicting
Zaza Pachulia has higher made than Dwyane Wade </s> player_name is Zaza Pachulia ; field goal made is 6.0 ; free throws made is 4.0. </s> player_name is Dwyane Wade ; field goal made is 5.0 ; free throws made is 5.0.	contradicting
Tony Snell has higher field goal than Thabo Sefolosha </s> player_name is Tony Snell ; field goal made is 3.0 ; 3 point field goal percentage is 25.0. </s> player_name is Thabo Sefolosha ; field goal made is 2.0 ; 3 point field goal percentage is 33.0.	contradicting
Wayne Ellington has the same field goal as Goran Dragic </s> player_name is Wayne Ellington ; field goal made is 5.0 ; 3 point field goal attempted is 6.0. </s> player_name is Goran Dragic ; field goal made is 5.0 ; 3 point field goal attempted is 2.0.	contradicting
Andre Roberson has lower rebound than Thabo Sefolosha </s> player_name is Andre Roberson ; rebounds is 1.0 ; assists is 2.0. </s> player_name is Thabo Sefolosha ; rebounds is 5.0 ; assists is 1.0.	contradicting
Patrick Beverley has higher point than Gorgui Dieng </s> player_name is Patrick Beverley ; 3 point field goal attempted is 7.0 ; 3 point field goal percentage is 29.0. </s> player_name is Gorgui Dieng ; 3 point field goal attempted is 1.0 ; 3 point field goal percentage is 100.0.	contradicting
DeMar DeRozan has higher throw than Jonas Valanciunas </s> player_name is DeMar DeRozan ; free throws attempted is 9.0 ; free throws percentage is 89.0. </s> player_name is Jonas Valanciunas ; free throws attempted is 1.0 ; free throws percentage is 100.0.	contradicting
CJ Miles has lower field goal than Stephen Curry </s> player_name is CJ Miles ; field goal made is 3.0 ; 3 point field goal percentage is 67.0. </s> player_name is Stephen Curry ; field goal made is 9.0 ; 3 point field goal percentage is 46.0.	contradicting
Kemba Walker has the same rebound as Mike Conley </s> player_name is Kemba Walker ; offensive rebounds is 0.0 ; rebounds is 1.0. </s> player_name is Mike Conley ; offensive rebounds is 0.0 ; rebounds is 3.0.	contradicting
Dennis Schroder has higher game sheet than Rudy Gay </s> player_name is Dennis Schroder ; assists is 15.0 ; steals is 0.0. </s> player_name is Rudy Gay ; assists is 2.0 ; steals is 2.0.	contradicting
Al-Farouq Aminu has the same field goal as Cory Joseph </s> player_name is Al-Farouq Aminu ; field goal made is 5.0 ; 3 point field goal percentage is 33.0. </s> player_name is Cory Joseph ; field goal made is 5.0 ; 3 point field goal percentage is 100.0.	contradicting
Domantas Sabonis has lower city than DeAndre Jordan </s> player_name is Domantas Sabonis ; blocks is 0.0 ; town is Oklahoma City. </s> player_name is DeAndre Jordan ; blocks is 1.0 ; town is Los Angeles.	contradicting
Julius Randle has lower percentage than Thabo Sefolosha </s> player_name is Julius Randle ; 3 point field goal percentage is 0.0 ; free throws percentage is 50.0. </s> player_name is Thabo Sefolosha ; 3 point field goal percentage is 33.0 ; free throws percentage is 0.0.	contradicting
Luis Scola has the same field goal as Gorgui Dieng </s> player_name is Luis Scola ; 3 point field goal percentage is 100.0 ; field goals percentage is 44.0. </s> player_name is Gorgui Dieng ; 3 point field goal percentage is 100.0 ; field goals percentage is 38.0.	contradicting
Tobias Harris has lower percentage than Donald Sloan </s> player_name is Tobias Harris ; 3 point field goal percentage is 25.0 ; field goals percentage is 55.0. </s> player_name is Donald Sloan ; 3 point field goal percentage is 40.0 ; field goals percentage is 46.0.	contradicting
Elfrid Payton has higher made than Jaylen Brown </s> player_name is Elfrid Payton ; field goal made is 4.0 ; free throws made is 0.0. </s> player_name is Jaylen Brown ; field goal made is 3.0 ; free throws made is 5.0.	contradicting
Paul Millsap has lower field goal than Myles Turner </s> player_name is Paul Millsap ; field goal made is 7.0 ; 3 point field goal attempted is 4.0. </s> player_name is Myles Turner ; field goal made is 8.0 ; 3 point field goal attempted is 1.0.	contradicting
JJ Redick has lower field goal than Tyler Zeller </s> player_name is JJ Redick ; field goal made is 4.0 ; 3 point field goal attempted is 5.0. </s> player_name is Tyler Zeller ; field goal made is 5.0 ; 3 point field goal attempted is 0.0.	contradicting
Dennis Schroder has higher rebound than Timofey Mozgov </s> player_name is Dennis Schroder ; defensive rebounds is 6.0 ; rebounds is 6.0. </s> player_name is Timofey Mozgov ; defensive rebounds is 5.0 ; rebounds is 8.0.	contradicting
Jerian Grant has the same field goal as Timofey Mozgov </s> player_name is Jerian Grant ; field goal made is 1.0 ; 3 point field goal attempted is 2.0. </s> player_name is Timofey Mozgov ; field goal made is 1.0 ; 3 point field goal attempted is 0.0.	contradicting
Dennis Schroder has lower percentage than Otto Porter </s> player_name is Dennis Schroder ; 3 point field goal percentage is 50.0 ; free throws percentage is 100.0. </s> player_name is Otto Porter ; 3 point field goal percentage is 57.0 ; free throws percentage is 0.0.	contradicting
Michael Kidd-Gilchrist has higher game sheet than Kristaps Porzingis </s> player_name is Michael Kidd-Gilchrist ; assists is 2.0 ; steals is 0.0. </s> player_name is Kristaps Porzingis ; assists is 1.0 ; steals is 1.0.	contradicting
Deron Williams has lower field goal than Devin Booker </s> player_name is Deron Williams ; field goal made is 6.0 ; field goals percentage is 67.0. </s> player_name is Devin Booker ; field goal made is 8.0 ; field goals percentage is 50.0.	contradicting
Buddy Hield has higher field goal than LaMarcus Aldridge </s> player_name is Buddy Hield ; 3 point field goal percentage is 44.0 ; field goals percentage is 50.0. </s> player_name is LaMarcus Aldridge ; 3 point field goal percentage is 0.0 ; field goals percentage is 56.0.	contradicting
Kyle Korver has the same name as Kyle Lowry </s> player_name is Kyle Korver ; first_name is Kyle ; player_name is Kyle Korver. </s> player_name is Kyle Lowry ; first_name is Kyle ; player_name is Kyle Lowry.	contradicting
Jose Calderon has the same percentage as Serge Ibaka </s> player_name is Jose Calderon ; 3 point field goal percentage is 25.0 ; field goals percentage is 29.0. </s> player_name is Serge Ibaka ; 3 point field goal percentage is 25.0 ; field goals percentage is 22.0.	contradicting
Dion Waiters has the same throw as DeAndre Jordan </s> player_name is Dion Waiters ; free throws made is 3.0 ; free throws percentage is 100.0. </s> player_name is DeAndre Jordan ; free throws made is 3.0 ; free throws percentage is 50.0.	contradicting
Elfrid Payton has lower game sheet than Russell Westbrook </s> player_name is Elfrid Payton ; assists is 6.0 ; steals is 3.0. </s> player_name is Russell Westbrook ; assists is 16.0 ; steals is 1.0.	contradicting
Seth Curry has lower city than Michael Kidd-Gilchrist </s> player_name is Seth Curry ; blocks is 0.0 ; town is Dallas. </s> player_name is Michael Kidd-Gilchrist ; blocks is 1.0 ; town is Charlotte.	contradicting
Julius Randle has higher percentage than Marvin Williams </s> player_name is Julius Randle ; 3 point field goal percentage is 100.0 ; free throws percentage is 0.0. </s> player_name is Marvin Williams ; 3 point field goal percentage is 60.0 ; free throws percentage is 50.0.	contradicting
