27 has the same length as 32 </s> index is 27 ; petal length is 1.5 ; sepal length is 5.2. </s> index is 32 ; petal length is 1.5 ; sepal length is 5.2.	uniform_true
29 has the same sepal as 2 </s> index is 29 ; sepal length is 4.7 ; sepal width is 3.2. </s> index is 2 ; sepal length is 4.7 ; sepal width is 3.2.	uniform_true
31 has the same sepal as 16 </s> index is 31 ; petal width is 0.4 ; sepal length is 5.4. </s> index is 16 ; petal width is 0.4 ; sepal length is 5.4.	uniform_true
76 has lower width than 127 </s> index is 76 ; petal width is 1.4 ; sepal width is 2.8. </s> index is 127 ; petal width is 1.8 ; sepal width is 3.0.	uniform_true
72 has higher petal than 38 </s> index is 72 ; petal length is 4.9 ; petal width is 1.5. </s> index is 38 ; petal length is 1.3 ; petal width is 0.2.	uniform_true
122 has higher sepal than 113 </s> index is 122 ; petal length is 6.7 ; sepal width is 2.8. </s> index is 113 ; petal length is 5.0 ; sepal width is 2.5.	uniform_true
91 has higher length than 90 </s> index is 91 ; petal length is 4.6 ; sepal length is 6.1. </s> index is 90 ; petal length is 4.4 ; sepal length is 5.5.	uniform_true
100 has higher sepal than 113 </s> index is 100 ; sepal length is 6.3 ; sepal width is 3.3. </s> index is 113 ; sepal length is 5.7 ; sepal width is 2.5.	uniform_true
65 has lower sepal than 117 </s> index is 65 ; petal width is 1.4 ; sepal length is 6.7. </s> index is 117 ; petal width is 2.2 ; sepal length is 7.7.	uniform_true
138 has higher petal than 4 </s> index is 138 ; petal length is 4.8 ; petal width is 1.8. </s> index is 4 ; petal length is 1.4 ; petal width is 0.2.	uniform_true
104 has higher length than 42 </s> index is 104 ; petal length is 5.8 ; sepal length is 6.5. </s> index is 42 ; petal length is 1.3 ; sepal length is 4.4.	uniform_true
72 has the same sepal as 133 </s> index is 72 ; petal width is 1.5 ; sepal length is 6.3. </s> index is 133 ; petal width is 1.5 ; sepal length is 6.3.	uniform_true
111 has higher petal than 126 </s> index is 111 ; petal length is 5.3 ; petal width is 1.9. </s> index is 126 ; petal length is 4.8 ; petal width is 1.8.	uniform_true
37 has the same sepal as 34 </s> index is 37 ; sepal length is 4.9 ; sepal width is 3.1. </s> index is 34 ; sepal length is 4.9 ; sepal width is 3.1.	uniform_true
4 has the same sepal as 7 </s> index is 4 ; petal width is 0.2 ; sepal length is 5.0. </s> index is 7 ; petal width is 0.2 ; sepal length is 5.0.	uniform_true
12 has lower petal than 73 </s> index is 12 ; petal length is 1.4 ; petal width is 0.1. </s> index is 73 ; petal length is 4.7 ; petal width is 1.2.	uniform_true
45 has lower petal than 63 </s> index is 45 ; petal length is 1.4 ; petal width is 0.3. </s> index is 63 ; petal length is 4.7 ; petal width is 1.4.	uniform_true
90 has lower sepal than 118 </s> index is 90 ; petal width is 1.2 ; sepal length is 5.5. </s> index is 118 ; petal width is 2.3 ; sepal length is 7.7.	uniform_true
8 has lower petal than 124 </s> index is 8 ; petal length is 1.4 ; petal width is 0.2. </s> index is 124 ; petal length is 5.7 ; petal width is 2.1.	uniform_true
149 has the same sepal as 61 </s> index is 149 ; sepal length is 5.9 ; sepal width is 3.0. </s> index is 61 ; sepal length is 5.9 ; sepal width is 3.0.	uniform_true
98 has lower sepal than 138 </s> index is 98 ; petal width is 1.1 ; sepal length is 5.1. </s> index is 138 ; petal width is 1.8 ; sepal length is 6.0.	uniform_true
122 has higher length than 9 </s> index is 122 ; petal length is 6.7 ; sepal length is 7.7. </s> index is 9 ; petal length is 1.5 ; sepal length is 4.9.	uniform_true
116 has the same sepal as 147 </s> index is 116 ; sepal length is 6.5 ; sepal width is 3.0. </s> index is 147 ; sepal length is 6.5 ; sepal width is 3.0.	uniform_true
39 has the same length as 21 </s> index is 39 ; petal length is 1.5 ; sepal length is 5.1. </s> index is 21 ; petal length is 1.5 ; sepal length is 5.1.	uniform_true
24 has lower width than 16 </s> index is 24 ; petal width is 0.2 ; sepal width is 3.4. </s> index is 16 ; petal width is 0.4 ; sepal width is 3.9.	uniform_true
81 has higher length than 22 </s> index is 81 ; petal length is 3.7 ; sepal length is 5.5. </s> index is 22 ; petal length is 1.0 ; sepal length is 4.6.	uniform_true
145 has higher sepal than 58 </s> index is 145 ; petal length is 5.2 ; sepal width is 3.0. </s> index is 58 ; petal length is 4.6 ; sepal width is 2.9.	uniform_true
6 has lower sepal than 32 </s> index is 6 ; sepal length is 4.6 ; sepal width is 3.4. </s> index is 32 ; sepal length is 5.2 ; sepal width is 4.1.	uniform_true
31 has the same sepal as 7 </s> index is 31 ; petal length is 1.5 ; sepal width is 3.4. </s> index is 7 ; petal length is 1.5 ; sepal width is 3.4.	uniform_true
122 has higher sepal than 81 </s> index is 122 ; petal length is 6.7 ; sepal width is 2.8. </s> index is 81 ; petal length is 3.7 ; sepal width is 2.4.	uniform_true
47 has the same petal as 8 </s> index is 47 ; petal length is 1.4 ; petal width is 0.2. </s> index is 8 ; petal length is 1.4 ; petal width is 0.2.	uniform_true
78 has the same length as 85 </s> index is 78 ; petal length is 4.5 ; sepal length is 6.0. </s> index is 85 ; petal length is 4.5 ; sepal length is 6.0.	uniform_true
66 has higher width than 134 </s> index is 66 ; petal width is 1.5 ; sepal width is 3.0. </s> index is 134 ; petal width is 1.4 ; sepal width is 2.6.	uniform_true
2 has lower length than 60 </s> index is 2 ; petal length is 1.3 ; sepal length is 4.7. </s> index is 60 ; petal length is 3.5 ; sepal length is 5.0.	uniform_true
72 has lower sepal than 109 </s> index is 72 ; petal width is 1.5 ; sepal length is 6.3. </s> index is 109 ; petal width is 2.5 ; sepal length is 7.2.	uniform_true
16 has lower petal than 104 </s> index is 16 ; petal length is 1.3 ; petal width is 0.4. </s> index is 104 ; petal length is 5.8 ; petal width is 2.2.	uniform_true
45 has the same length as 12 </s> index is 45 ; petal length is 1.4 ; sepal length is 4.8. </s> index is 12 ; petal length is 1.4 ; sepal length is 4.8.	uniform_true
21 has the same sepal as 10 </s> index is 21 ; petal length is 1.5 ; sepal width is 3.7. </s> index is 10 ; petal length is 1.5 ; sepal width is 3.7.	uniform_true
34 has lower sepal than 51 </s> index is 34 ; sepal length is 4.9 ; sepal width is 3.1. </s> index is 51 ; sepal length is 6.4 ; sepal width is 3.2.	uniform_true
7 has the same width as 24 </s> index is 7 ; petal width is 0.2 ; sepal width is 3.4. </s> index is 24 ; petal width is 0.2 ; sepal width is 3.4.	uniform_true
126 has lower width than 139 </s> index is 126 ; petal width is 1.8 ; sepal width is 2.8. </s> index is 139 ; petal width is 2.1 ; sepal width is 3.1.	uniform_true
81 has the same width as 57 </s> index is 81 ; petal width is 1.0 ; sepal width is 2.4. </s> index is 57 ; petal width is 1.0 ; sepal width is 2.4.	uniform_true
13 has lower sepal than 9 </s> index is 13 ; petal length is 1.1 ; sepal width is 3.0. </s> index is 9 ; petal length is 1.5 ; sepal width is 3.1.	uniform_true
55 has the same width as 99 </s> index is 55 ; petal width is 1.3 ; sepal width is 2.8. </s> index is 99 ; petal width is 1.3 ; sepal width is 2.8.	uniform_true
3 has lower sepal than 18 </s> index is 3 ; sepal length is 4.6 ; sepal width is 3.1. </s> index is 18 ; sepal length is 5.7 ; sepal width is 3.8.	uniform_true
35 has lower length than 114 </s> index is 35 ; petal length is 1.2 ; sepal length is 5.0. </s> index is 114 ; petal length is 5.1 ; sepal length is 5.8.	uniform_true
9 has the same length as 34 </s> index is 9 ; petal length is 1.5 ; sepal length is 4.9. </s> index is 34 ; petal length is 1.5 ; sepal length is 4.9.	uniform_true
8 has lower length than 110 </s> index is 8 ; petal length is 1.4 ; sepal length is 4.4. </s> index is 110 ; petal length is 5.1 ; sepal length is 6.5.	uniform_true
36 has the same petal as 42 </s> index is 36 ; petal length is 1.3 ; petal width is 0.2. </s> index is 42 ; petal length is 1.3 ; petal width is 0.2.	uniform_true
59 has the same sepal as 82 </s> index is 59 ; petal length is 3.9 ; sepal width is 2.7. </s> index is 82 ; petal length is 3.9 ; sepal width is 2.7.	uniform_true
131 has higher width than 88 </s> index is 131 ; petal width is 2.0 ; sepal width is 3.8. </s> index is 88 ; petal width is 1.3 ; sepal width is 3.0.	uniform_true
62 has lower sepal than 78 </s> index is 62 ; petal length is 4.0 ; sepal width is 2.2. </s> index is 78 ; petal length is 4.5 ; sepal width is 2.9.	uniform_true
45 has lower length than 51 </s> index is 45 ; petal length is 1.4 ; sepal length is 4.8. </s> index is 51 ; petal length is 4.5 ; sepal length is 6.4.	uniform_true
4 has the same length as 49 </s> index is 4 ; petal length is 1.4 ; sepal length is 5.0. </s> index is 49 ; petal length is 1.4 ; sepal length is 5.0.	uniform_true
95 has higher sepal than 94 </s> index is 95 ; sepal length is 5.7 ; sepal width is 3.0. </s> index is 94 ; sepal length is 5.6 ; sepal width is 2.7.	uniform_true
41 has lower petal than 44 </s> index is 41 ; petal length is 1.3 ; petal width is 0.3. </s> index is 44 ; petal length is 1.9 ; petal width is 0.4.	uniform_true
1 has the same sepal as 12 </s> index is 1 ; petal length is 1.4 ; sepal width is 3.0. </s> index is 12 ; petal length is 1.4 ; sepal width is 3.0.	uniform_true
100 has higher sepal than 84 </s> index is 100 ; sepal length is 6.3 ; sepal width is 3.3. </s> index is 84 ; sepal length is 5.4 ; sepal width is 3.0.	uniform_true
139 has higher width than 91 </s> index is 139 ; petal width is 2.1 ; sepal width is 3.1. </s> index is 91 ; petal width is 1.4 ; sepal width is 3.0.	uniform_true
117 has the same length as 122 </s> index is 117 ; petal length is 6.7 ; sepal length is 7.7. </s> index is 122 ; petal length is 6.7 ; sepal length is 7.7.	uniform_true
107 has lower width than 120 </s> index is 107 ; petal width is 1.8 ; sepal width is 2.9. </s> index is 120 ; petal width is 2.3 ; sepal width is 3.2.	uniform_true
24 has higher width than 13 </s> index is 24 ; petal width is 0.2 ; sepal width is 3.4. </s> index is 13 ; petal width is 0.1 ; sepal width is 3.0.	uniform_true
140 has the same sepal as 65 </s> index is 140 ; sepal length is 6.7 ; sepal width is 3.1. </s> index is 65 ; sepal length is 6.7 ; sepal width is 3.1.	uniform_true
76 has the same sepal as 126 </s> index is 76 ; petal length is 4.8 ; sepal width is 2.8. </s> index is 126 ; petal length is 4.8 ; sepal width is 2.8.	uniform_true
95 has lower sepal than 85 </s> index is 95 ; petal length is 4.2 ; sepal width is 3.0. </s> index is 85 ; petal length is 4.5 ; sepal width is 3.4.	uniform_true
142 has the same sepal as 101 </s> index is 142 ; petal width is 1.9 ; sepal length is 5.8. </s> index is 101 ; petal width is 1.9 ; sepal length is 5.8.	uniform_true
42 has the same width as 47 </s> index is 42 ; petal width is 0.2 ; sepal width is 3.2. </s> index is 47 ; petal width is 0.2 ; sepal width is 3.2.	uniform_true
110 has higher sepal than 53 </s> index is 110 ; sepal length is 6.5 ; sepal width is 3.2. </s> index is 53 ; sepal length is 5.5 ; sepal width is 2.3.	uniform_true
101 has higher width than 60 </s> index is 101 ; petal width is 1.9 ; sepal width is 2.7. </s> index is 60 ; petal width is 1.0 ; sepal width is 2.0.	uniform_true
144 has higher width than 80 </s> index is 144 ; petal width is 2.5 ; sepal width is 3.3. </s> index is 80 ; petal width is 1.1 ; sepal width is 2.4.	uniform_true
102 has higher sepal than 79 </s> index is 102 ; petal length is 5.9 ; sepal width is 3.0. </s> index is 79 ; petal length is 3.5 ; sepal width is 2.6.	uniform_true
101 has lower width than 114 </s> index is 101 ; petal width is 1.9 ; sepal width is 2.7. </s> index is 114 ; petal width is 2.4 ; sepal width is 2.8.	uniform_true
109 has higher sepal than 41 </s> index is 109 ; petal length is 6.1 ; sepal width is 3.6. </s> index is 41 ; petal length is 1.3 ; sepal width is 2.3.	uniform_true
66 has higher sepal than 20 </s> index is 66 ; petal width is 1.5 ; sepal length is 5.6. </s> index is 20 ; petal width is 0.2 ; sepal length is 5.4.	uniform_true
46 has the same sepal as 19 </s> index is 46 ; sepal length is 5.1 ; sepal width is 3.8. </s> index is 19 ; sepal length is 5.1 ; sepal width is 3.8.	uniform_true
9 has the same petal as 37 </s> index is 9 ; petal length is 1.5 ; petal width is 0.1. </s> index is 37 ; petal length is 1.5 ; petal width is 0.1.	uniform_true
0 has the same petal as 33 </s> index is 0 ; petal length is 1.4 ; petal width is 0.2. </s> index is 33 ; petal length is 1.4 ; petal width is 0.2.	uniform_true
142 has higher length than 106 </s> index is 142 ; petal length is 5.1 ; sepal length is 5.8. </s> index is 106 ; petal length is 4.5 ; sepal length is 4.9.	uniform_true
82 has lower sepal than 135 </s> index is 82 ; petal length is 3.9 ; sepal width is 2.7. </s> index is 135 ; petal length is 6.1 ; sepal width is 3.0.	uniform_true
110 has higher width than 106 </s> index is 110 ; petal width is 2.0 ; sepal width is 3.2. </s> index is 106 ; petal width is 1.7 ; sepal width is 2.5.	uniform_true
98 has lower sepal than 63 </s> index is 98 ; sepal length is 5.1 ; sepal width is 2.5. </s> index is 63 ; sepal length is 6.1 ; sepal width is 2.9.	uniform_true
120 has higher length than 32 </s> index is 120 ; petal length is 5.7 ; sepal length is 6.9. </s> index is 32 ; petal length is 1.5 ; sepal length is 5.2.	uniform_true
77 has higher sepal than 88 </s> index is 77 ; petal width is 1.7 ; sepal length is 6.7. </s> index is 88 ; petal width is 1.3 ; sepal length is 5.6.	uniform_true
11 has lower length than 5 </s> index is 11 ; petal length is 1.6 ; sepal length is 4.8. </s> index is 5 ; petal length is 1.7 ; sepal length is 5.4.	uniform_true
138 has higher petal than 41 </s> index is 138 ; petal length is 4.8 ; petal width is 1.8. </s> index is 41 ; petal length is 1.3 ; petal width is 0.3.	uniform_true
41 has lower petal than 137 </s> index is 41 ; petal length is 1.3 ; petal width is 0.3. </s> index is 137 ; petal length is 5.5 ; petal width is 1.8.	uniform_true
11 has lower sepal than 75 </s> index is 11 ; petal width is 0.2 ; sepal length is 4.8. </s> index is 75 ; petal width is 1.4 ; sepal length is 6.6.	uniform_true
17 has higher sepal than 12 </s> index is 17 ; sepal length is 5.1 ; sepal width is 3.5. </s> index is 12 ; sepal length is 4.8 ; sepal width is 3.0.	uniform_true
104 has higher length than 123 </s> index is 104 ; petal length is 5.8 ; sepal length is 6.5. </s> index is 123 ; petal length is 4.9 ; sepal length is 6.3.	uniform_true
35 has the same width as 42 </s> index is 35 ; petal width is 0.2 ; sepal width is 3.2. </s> index is 42 ; petal width is 0.2 ; sepal width is 3.2.	uniform_true
126 has the same petal as 138 </s> index is 126 ; petal length is 4.8 ; petal width is 1.8. </s> index is 138 ; petal length is 4.8 ; petal width is 1.8.	uniform_true
124 has higher sepal than 71 </s> index is 124 ; sepal length is 6.7 ; sepal width is 3.3. </s> index is 71 ; sepal length is 6.1 ; sepal width is 2.8.	uniform_true
139 has higher sepal than 58 </s> index is 139 ; petal width is 2.1 ; sepal length is 6.9. </s> index is 58 ; petal width is 1.3 ; sepal length is 6.6.	uniform_true
57 has lower length than 95 </s> index is 57 ; petal length is 3.3 ; sepal length is 4.9. </s> index is 95 ; petal length is 4.2 ; sepal length is 5.7.	uniform_true
62 has higher petal than 12 </s> index is 62 ; petal length is 4.0 ; petal width is 1.0. </s> index is 12 ; petal length is 1.4 ; petal width is 0.1.	uniform_true
84 has the same width as 61 </s> index is 84 ; petal width is 1.5 ; sepal width is 3.0. </s> index is 61 ; petal width is 1.5 ; sepal width is 3.0.	uniform_true
55 has lower width than 63 </s> index is 55 ; petal width is 1.3 ; sepal width is 2.8. </s> index is 63 ; petal width is 1.4 ; sepal width is 2.9.	uniform_true
82 has lower petal than 65 </s> index is 82 ; petal length is 3.9 ; petal width is 1.2. </s> index is 65 ; petal length is 4.4 ; petal width is 1.4.	uniform_true
41 has lower sepal than 73 </s> index is 41 ; sepal length is 4.5 ; sepal width is 2.3. </s> index is 73 ; sepal length is 6.1 ; sepal width is 2.8.	uniform_true
3 has the same petal as 27 </s> index is 3 ; petal length is 1.5 ; petal width is 0.2. </s> index is 27 ; petal length is 1.5 ; petal width is 0.2.	uniform_true
