117 has lower sepal than 92 </s> index is 117 ; sepal length is 7.7 ; sepal width is 3.8. </s> index is 92 ; sepal length is 5.8 ; sepal width is 2.6.	uniform_false
102 has different width as 105 </s> index is 102 ; petal width is 2.1 ; sepal width is 3.0. </s> index is 105 ; petal width is 2.1 ; sepal width is 3.0.	uniform_false
142 has higher sepal than 109 </s> index is 142 ; petal length is 5.1 ; sepal width is 2.7. </s> index is 109 ; petal length is 6.1 ; sepal width is 3.6.	uniform_false
139 has lower petal than 10 </s> index is 139 ; petal length is 5.4 ; petal width is 2.1. </s> index is 10 ; petal length is 1.5 ; petal width is 0.2.	uniform_false
9 has different length as 37 </s> index is 9 ; petal length is 1.5 ; sepal length is 4.9. </s> index is 37 ; petal length is 1.5 ; sepal length is 4.9.	uniform_false
139 has lower sepal than 106 </s> index is 139 ; sepal length is 6.9 ; sepal width is 3.1. </s> index is 106 ; sepal length is 4.9 ; sepal width is 2.5.	uniform_false
37 has different sepal as 3 </s> index is 37 ; petal length is 1.5 ; sepal width is 3.1. </s> index is 3 ; petal length is 1.5 ; sepal width is 3.1.	uniform_false
117 has lower sepal than 138 </s> index is 117 ; petal length is 6.7 ; sepal width is 3.8. </s> index is 138 ; petal length is 4.8 ; sepal width is 3.0.	uniform_false
45 has higher length than 146 </s> index is 45 ; petal length is 1.4 ; sepal length is 4.8. </s> index is 146 ; petal length is 5.0 ; sepal length is 6.3.	uniform_false
96 has different length as 95 </s> index is 96 ; petal length is 4.2 ; sepal length is 5.7. </s> index is 95 ; petal length is 4.2 ; sepal length is 5.7.	uniform_false
37 has different sepal as 34 </s> index is 37 ; petal length is 1.5 ; sepal width is 3.1. </s> index is 34 ; petal length is 1.5 ; sepal width is 3.1.	uniform_false
141 has different sepal as 120 </s> index is 141 ; petal width is 2.3 ; sepal length is 6.9. </s> index is 120 ; petal width is 2.3 ; sepal length is 6.9.	uniform_false
25 has higher sepal than 116 </s> index is 25 ; petal width is 0.2 ; sepal length is 5.0. </s> index is 116 ; petal width is 1.8 ; sepal length is 6.5.	uniform_false
115 has different width as 120 </s> index is 115 ; petal width is 2.3 ; sepal width is 3.2. </s> index is 120 ; petal width is 2.3 ; sepal width is 3.2.	uniform_false
138 has lower length than 94 </s> index is 138 ; petal length is 4.8 ; sepal length is 6.0. </s> index is 94 ; petal length is 4.2 ; sepal length is 5.6.	uniform_false
103 has lower length than 2 </s> index is 103 ; petal length is 5.6 ; sepal length is 6.3. </s> index is 2 ; petal length is 1.3 ; sepal length is 4.7.	uniform_false
82 has higher sepal than 141 </s> index is 82 ; petal width is 1.2 ; sepal length is 5.8. </s> index is 141 ; petal width is 2.3 ; sepal length is 6.9.	uniform_false
54 has higher sepal than 75 </s> index is 54 ; sepal length is 6.5 ; sepal width is 2.8. </s> index is 75 ; sepal length is 6.6 ; sepal width is 3.0.	uniform_false
29 has different width as 47 </s> index is 29 ; petal width is 0.2 ; sepal width is 3.2. </s> index is 47 ; petal width is 0.2 ; sepal width is 3.2.	uniform_false
49 has higher petal than 105 </s> index is 49 ; petal length is 1.4 ; petal width is 0.2. </s> index is 105 ; petal length is 6.6 ; petal width is 2.1.	uniform_false
98 has higher sepal than 120 </s> index is 98 ; petal length is 3.0 ; sepal width is 2.5. </s> index is 120 ; petal length is 5.7 ; sepal width is 3.2.	uniform_false
117 has lower length than 82 </s> index is 117 ; petal length is 6.7 ; sepal length is 7.7. </s> index is 82 ; petal length is 3.9 ; sepal length is 5.8.	uniform_false
33 has different petal as 0 </s> index is 33 ; petal length is 1.4 ; petal width is 0.2. </s> index is 0 ; petal length is 1.4 ; petal width is 0.2.	uniform_false
32 has higher length than 72 </s> index is 32 ; petal length is 1.5 ; sepal length is 5.2. </s> index is 72 ; petal length is 4.9 ; sepal length is 6.3.	uniform_false
93 has higher sepal than 98 </s> index is 93 ; petal width is 1.0 ; sepal length is 5.0. </s> index is 98 ; petal width is 1.1 ; sepal length is 5.1.	uniform_false
124 has lower petal than 25 </s> index is 124 ; petal length is 5.7 ; petal width is 2.1. </s> index is 25 ; petal length is 1.6 ; petal width is 0.2.	uniform_false
4 has different length as 49 </s> index is 4 ; petal length is 1.4 ; sepal length is 5.0. </s> index is 49 ; petal length is 1.4 ; sepal length is 5.0.	uniform_false
35 has lower width than 37 </s> index is 35 ; petal width is 0.2 ; sepal width is 3.2. </s> index is 37 ; petal width is 0.1 ; sepal width is 3.1.	uniform_false
129 has different sepal as 104 </s> index is 129 ; petal length is 5.8 ; sepal width is 3.0. </s> index is 104 ; petal length is 5.8 ; sepal width is 3.0.	uniform_false
112 has lower sepal than 37 </s> index is 112 ; petal width is 2.1 ; sepal length is 6.8. </s> index is 37 ; petal width is 0.1 ; sepal length is 4.9.	uniform_false
75 has lower sepal than 82 </s> index is 75 ; petal length is 4.4 ; sepal width is 3.0. </s> index is 82 ; petal length is 3.9 ; sepal width is 2.7.	uniform_false
37 has higher sepal than 122 </s> index is 37 ; petal width is 0.1 ; sepal length is 4.9. </s> index is 122 ; petal width is 2.0 ; sepal length is 7.7.	uniform_false
19 has higher sepal than 122 </s> index is 19 ; petal width is 0.3 ; sepal length is 5.1. </s> index is 122 ; petal width is 2.0 ; sepal length is 7.7.	uniform_false
38 has higher sepal than 17 </s> index is 38 ; petal length is 1.3 ; sepal width is 3.0. </s> index is 17 ; petal length is 1.4 ; sepal width is 3.5.	uniform_false
61 has higher width than 85 </s> index is 61 ; petal width is 1.5 ; sepal width is 3.0. </s> index is 85 ; petal width is 1.6 ; sepal width is 3.4.	uniform_false
32 has higher length than 114 </s> index is 32 ; petal length is 1.5 ; sepal length is 5.2. </s> index is 114 ; petal length is 5.1 ; sepal length is 5.8.	uniform_false
34 has different length as 37 </s> index is 34 ; petal length is 1.5 ; sepal length is 4.9. </s> index is 37 ; petal length is 1.5 ; sepal length is 4.9.	uniform_false
113 has lower petal than 19 </s> index is 113 ; petal length is 5.0 ; petal width is 2.0. </s> index is 19 ; petal length is 1.5 ; petal width is 0.3.	uniform_false
11 has different length as 30 </s> index is 11 ; petal length is 1.6 ; sepal length is 4.8. </s> index is 30 ; petal length is 1.6 ; sepal length is 4.8.	uniform_false
142 has different sepal as 67 </s> index is 142 ; sepal length is 5.8 ; sepal width is 2.7. </s> index is 67 ; sepal length is 5.8 ; sepal width is 2.7.	uniform_false
116 has lower length than 27 </s> index is 116 ; petal length is 5.5 ; sepal length is 6.5. </s> index is 27 ; petal length is 1.5 ; sepal length is 5.2.	uniform_false
52 has lower length than 63 </s> index is 52 ; petal length is 4.9 ; sepal length is 6.9. </s> index is 63 ; petal length is 4.7 ; sepal length is 6.1.	uniform_false
54 has higher sepal than 141 </s> index is 54 ; petal width is 1.5 ; sepal length is 6.5. </s> index is 141 ; petal width is 2.3 ; sepal length is 6.9.	uniform_false
65 has different sepal as 140 </s> index is 65 ; sepal length is 6.7 ; sepal width is 3.1. </s> index is 140 ; sepal length is 6.7 ; sepal width is 3.1.	uniform_false
101 has higher sepal than 63 </s> index is 101 ; sepal length is 5.8 ; sepal width is 2.7. </s> index is 63 ; sepal length is 6.1 ; sepal width is 2.9.	uniform_false
64 has different width as 58 </s> index is 64 ; petal width is 1.3 ; sepal width is 2.9. </s> index is 58 ; petal width is 1.3 ; sepal width is 2.9.	uniform_false
88 has different petal as 99 </s> index is 88 ; petal length is 4.1 ; petal width is 1.3. </s> index is 99 ; petal length is 4.1 ; petal width is 1.3.	uniform_false
36 has higher length than 15 </s> index is 36 ; petal length is 1.3 ; sepal length is 5.5. </s> index is 15 ; petal length is 1.5 ; sepal length is 5.7.	uniform_false
104 has lower width than 72 </s> index is 104 ; petal width is 2.2 ; sepal width is 3.0. </s> index is 72 ; petal width is 1.5 ; sepal width is 2.5.	uniform_false
42 has different sepal as 8 </s> index is 42 ; petal width is 0.2 ; sepal length is 4.4. </s> index is 8 ; petal width is 0.2 ; sepal length is 4.4.	uniform_false
96 has different sepal as 99 </s> index is 96 ; petal width is 1.3 ; sepal length is 5.7. </s> index is 99 ; petal width is 1.3 ; sepal length is 5.7.	uniform_false
145 has lower sepal than 97 </s> index is 145 ; petal length is 5.2 ; sepal width is 3.0. </s> index is 97 ; petal length is 4.3 ; sepal width is 2.9.	uniform_false
34 has different width as 9 </s> index is 34 ; petal width is 0.1 ; sepal width is 3.1. </s> index is 9 ; petal width is 0.1 ; sepal width is 3.1.	uniform_false
101 has higher width than 145 </s> index is 101 ; petal width is 1.9 ; sepal width is 2.7. </s> index is 145 ; petal width is 2.3 ; sepal width is 3.0.	uniform_false
67 has different sepal as 101 </s> index is 67 ; sepal length is 5.8 ; sepal width is 2.7. </s> index is 101 ; sepal length is 5.8 ; sepal width is 2.7.	uniform_false
8 has different sepal as 42 </s> index is 8 ; petal width is 0.2 ; sepal length is 4.4. </s> index is 42 ; petal width is 0.2 ; sepal length is 4.4.	uniform_false
126 has higher sepal than 109 </s> index is 126 ; sepal length is 6.2 ; sepal width is 2.8. </s> index is 109 ; sepal length is 7.2 ; sepal width is 3.6.	uniform_false
6 has different length as 47 </s> index is 6 ; petal length is 1.4 ; sepal length is 4.6. </s> index is 47 ; petal length is 1.4 ; sepal length is 4.6.	uniform_false
42 has different sepal as 38 </s> index is 42 ; petal width is 0.2 ; sepal length is 4.4. </s> index is 38 ; petal width is 0.2 ; sepal length is 4.4.	uniform_false
73 has lower length than 10 </s> index is 73 ; petal length is 4.7 ; sepal length is 6.1. </s> index is 10 ; petal length is 1.5 ; sepal length is 5.4.	uniform_false
149 has lower sepal than 69 </s> index is 149 ; petal length is 5.1 ; sepal width is 3.0. </s> index is 69 ; petal length is 3.9 ; sepal width is 2.5.	uniform_false
137 has lower sepal than 94 </s> index is 137 ; sepal length is 6.4 ; sepal width is 3.1. </s> index is 94 ; sepal length is 5.6 ; sepal width is 2.7.	uniform_false
85 has lower length than 45 </s> index is 85 ; petal length is 4.5 ; sepal length is 6.0. </s> index is 45 ; petal length is 1.4 ; sepal length is 4.8.	uniform_false
59 has higher sepal than 100 </s> index is 59 ; petal length is 3.9 ; sepal width is 2.7. </s> index is 100 ; petal length is 6.0 ; sepal width is 3.3.	uniform_false
132 has different sepal as 128 </s> index is 132 ; petal length is 5.6 ; sepal width is 2.8. </s> index is 128 ; petal length is 5.6 ; sepal width is 2.8.	uniform_false
7 has different width as 28 </s> index is 7 ; petal width is 0.2 ; sepal width is 3.4. </s> index is 28 ; petal width is 0.2 ; sepal width is 3.4.	uniform_false
52 has different sepal as 139 </s> index is 52 ; sepal length is 6.9 ; sepal width is 3.1. </s> index is 139 ; sepal length is 6.9 ; sepal width is 3.1.	uniform_false
119 has higher sepal than 137 </s> index is 119 ; petal width is 1.5 ; sepal length is 6.0. </s> index is 137 ; petal width is 1.8 ; sepal length is 6.4.	uniform_false
31 has different sepal as 39 </s> index is 31 ; petal length is 1.5 ; sepal width is 3.4. </s> index is 39 ; petal length is 1.5 ; sepal width is 3.4.	uniform_false
82 has lower sepal than 20 </s> index is 82 ; petal width is 1.2 ; sepal length is 5.8. </s> index is 20 ; petal width is 0.2 ; sepal length is 5.4.	uniform_false
2 has higher sepal than 4 </s> index is 2 ; petal length is 1.3 ; sepal width is 3.2. </s> index is 4 ; petal length is 1.4 ; sepal width is 3.6.	uniform_false
65 has lower width than 41 </s> index is 65 ; petal width is 1.4 ; sepal width is 3.1. </s> index is 41 ; petal width is 0.3 ; sepal width is 2.3.	uniform_false
113 has different sepal as 146 </s> index is 113 ; petal length is 5.0 ; sepal width is 2.5. </s> index is 146 ; petal length is 5.0 ; sepal width is 2.5.	uniform_false
13 has higher width than 85 </s> index is 13 ; petal width is 0.1 ; sepal width is 3.0. </s> index is 85 ; petal width is 1.6 ; sepal width is 3.4.	uniform_false
32 has higher petal than 96 </s> index is 32 ; petal length is 1.5 ; petal width is 0.1. </s> index is 96 ; petal length is 4.2 ; petal width is 1.3.	uniform_false
64 has lower sepal than 79 </s> index is 64 ; petal length is 3.6 ; sepal width is 2.9. </s> index is 79 ; petal length is 3.5 ; sepal width is 2.6.	uniform_false
28 has higher sepal than 56 </s> index is 28 ; petal width is 0.2 ; sepal length is 5.2. </s> index is 56 ; petal width is 1.6 ; sepal length is 6.3.	uniform_false
23 has higher sepal than 48 </s> index is 23 ; sepal length is 5.1 ; sepal width is 3.3. </s> index is 48 ; sepal length is 5.3 ; sepal width is 3.7.	uniform_false
36 has higher petal than 70 </s> index is 36 ; petal length is 1.3 ; petal width is 0.2. </s> index is 70 ; petal length is 4.8 ; petal width is 1.8.	uniform_false
112 has higher length than 131 </s> index is 112 ; petal length is 5.5 ; sepal length is 6.8. </s> index is 131 ; petal length is 6.4 ; sepal length is 7.9.	uniform_false
144 has lower width than 147 </s> index is 144 ; petal width is 2.5 ; sepal width is 3.3. </s> index is 147 ; petal width is 2.0 ; sepal width is 3.0.	uniform_false
82 has higher sepal than 86 </s> index is 82 ; sepal length is 5.8 ; sepal width is 2.7. </s> index is 86 ; sepal length is 6.7 ; sepal width is 3.1.	uniform_false
46 has different sepal as 19 </s> index is 46 ; sepal length is 5.1 ; sepal width is 3.8. </s> index is 19 ; sepal length is 5.1 ; sepal width is 3.8.	uniform_false
124 has lower sepal than 67 </s> index is 124 ; sepal length is 6.7 ; sepal width is 3.3. </s> index is 67 ; sepal length is 5.8 ; sepal width is 2.7.	uniform_false
94 has higher petal than 133 </s> index is 94 ; petal length is 4.2 ; petal width is 1.3. </s> index is 133 ; petal length is 5.1 ; petal width is 1.5.	uniform_false
27 has higher petal than 117 </s> index is 27 ; petal length is 1.5 ; petal width is 0.2. </s> index is 117 ; petal length is 6.7 ; petal width is 2.2.	uniform_false
111 has higher width than 120 </s> index is 111 ; petal width is 1.9 ; sepal width is 2.7. </s> index is 120 ; petal width is 2.3 ; sepal width is 3.2.	uniform_false
141 has lower width than 58 </s> index is 141 ; petal width is 2.3 ; sepal width is 3.1. </s> index is 58 ; petal width is 1.3 ; sepal width is 2.9.	uniform_false
121 has higher sepal than 65 </s> index is 121 ; sepal length is 5.6 ; sepal width is 2.8. </s> index is 65 ; sepal length is 6.7 ; sepal width is 3.1.	uniform_false
56 has lower length than 31 </s> index is 56 ; petal length is 4.7 ; sepal length is 6.3. </s> index is 31 ; petal length is 1.5 ; sepal length is 5.4.	uniform_false
137 has lower width than 95 </s> index is 137 ; petal width is 1.8 ; sepal width is 3.1. </s> index is 95 ; petal width is 1.2 ; sepal width is 3.0.	uniform_false
11 has different petal as 29 </s> index is 11 ; petal length is 1.6 ; petal width is 0.2. </s> index is 29 ; petal length is 1.6 ; petal width is 0.2.	uniform_false
38 has higher sepal than 109 </s> index is 38 ; sepal length is 4.4 ; sepal width is 3.0. </s> index is 109 ; sepal length is 7.2 ; sepal width is 3.6.	uniform_false
47 has different sepal as 3 </s> index is 47 ; petal width is 0.2 ; sepal length is 4.6. </s> index is 3 ; petal width is 0.2 ; sepal length is 4.6.	uniform_false
70 has higher length than 119 </s> index is 70 ; petal length is 4.8 ; sepal length is 5.9. </s> index is 119 ; petal length is 5.0 ; sepal length is 6.0.	uniform_false
1 has different sepal as 12 </s> index is 1 ; petal length is 1.4 ; sepal width is 3.0. </s> index is 12 ; petal length is 1.4 ; sepal width is 3.0.	uniform_false
3 has lower sepal than 38 </s> index is 3 ; petal length is 1.5 ; sepal width is 3.1. </s> index is 38 ; petal length is 1.3 ; sepal width is 3.0.	uniform_false
136 has different length as 103 </s> index is 136 ; petal length is 5.6 ; sepal length is 6.3. </s> index is 103 ; petal length is 5.6 ; sepal length is 6.3.	uniform_false
54 has different width as 133 </s> index is 54 ; petal width is 1.5 ; sepal width is 2.8. </s> index is 133 ; petal width is 1.5 ; sepal width is 2.8.	uniform_false
12 has higher sepal than 109 </s> index is 12 ; petal length is 1.4 ; sepal width is 3.0. </s> index is 109 ; petal length is 6.1 ; sepal width is 3.6.	uniform_false
