58 has lower sepal than 83 </s> index is 58 ; petal width is 1.3 ; sepal length is 6.6. </s> index is 83 ; petal width is 1.6 ; sepal length is 6.0.	contradicting
88 has higher length than 15 </s> index is 88 ; petal length is 4.1 ; sepal length is 5.6. </s> index is 15 ; petal length is 1.5 ; sepal length is 5.7.	contradicting
110 has higher length than 52 </s> index is 110 ; petal length is 5.1 ; sepal length is 6.5. </s> index is 52 ; petal length is 4.9 ; sepal length is 6.9.	contradicting
14 has lower length than 34 </s> index is 14 ; petal length is 1.2 ; sepal length is 5.8. </s> index is 34 ; petal length is 1.5 ; sepal length is 4.9.	contradicting
4 has lower sepal than 52 </s> index is 4 ; petal length is 1.4 ; sepal width is 3.6. </s> index is 52 ; petal length is 4.9 ; sepal width is 3.1.	contradicting
142 has higher sepal than 76 </s> index is 142 ; petal length is 5.1 ; sepal width is 2.7. </s> index is 76 ; petal length is 4.8 ; sepal width is 2.8.	contradicting
84 has the same sepal as 68 </s> index is 84 ; petal length is 4.5 ; sepal width is 3.0. </s> index is 68 ; petal length is 4.5 ; sepal width is 2.2.	contradicting
6 has lower sepal than 57 </s> index is 6 ; sepal length is 4.6 ; sepal width is 3.4. </s> index is 57 ; sepal length is 4.9 ; sepal width is 2.4.	contradicting
113 has higher width than 6 </s> index is 113 ; petal width is 2.0 ; sepal width is 2.5. </s> index is 6 ; petal width is 0.3 ; sepal width is 3.4.	contradicting
123 has higher sepal than 96 </s> index is 123 ; sepal length is 6.3 ; sepal width is 2.7. </s> index is 96 ; sepal length is 5.7 ; sepal width is 2.9.	contradicting
0 has lower width than 57 </s> index is 0 ; petal width is 0.2 ; sepal width is 3.5. </s> index is 57 ; petal width is 1.0 ; sepal width is 2.4.	contradicting
46 has the same sepal as 11 </s> index is 46 ; petal width is 0.2 ; sepal length is 5.1. </s> index is 11 ; petal width is 0.2 ; sepal length is 4.8.	contradicting
85 has the same length as 66 </s> index is 85 ; petal length is 4.5 ; sepal length is 6.0. </s> index is 66 ; petal length is 4.5 ; sepal length is 5.6.	contradicting
11 has the same sepal as 29 </s> index is 11 ; petal length is 1.6 ; sepal width is 3.4. </s> index is 29 ; petal length is 1.6 ; sepal width is 3.2.	contradicting
141 has lower length than 132 </s> index is 141 ; petal length is 5.1 ; sepal length is 6.9. </s> index is 132 ; petal length is 5.6 ; sepal length is 6.4.	contradicting
105 has higher petal than 136 </s> index is 105 ; petal length is 6.6 ; petal width is 2.1. </s> index is 136 ; petal length is 5.6 ; petal width is 2.4.	contradicting
108 has lower sepal than 110 </s> index is 108 ; petal width is 1.8 ; sepal length is 6.7. </s> index is 110 ; petal width is 2.0 ; sepal length is 6.5.	contradicting
144 has higher sepal than 120 </s> index is 144 ; petal width is 2.5 ; sepal length is 6.7. </s> index is 120 ; petal width is 2.3 ; sepal length is 6.9.	contradicting
26 has higher length than 31 </s> index is 26 ; petal length is 1.6 ; sepal length is 5.0. </s> index is 31 ; petal length is 1.5 ; sepal length is 5.4.	contradicting
136 has lower petal than 117 </s> index is 136 ; petal length is 5.6 ; petal width is 2.4. </s> index is 117 ; petal length is 6.7 ; petal width is 2.2.	contradicting
138 has higher length than 54 </s> index is 138 ; petal length is 4.8 ; sepal length is 6.0. </s> index is 54 ; petal length is 4.6 ; sepal length is 6.5.	contradicting
81 has higher sepal than 6 </s> index is 81 ; sepal length is 5.5 ; sepal width is 2.4. </s> index is 6 ; sepal length is 4.6 ; sepal width is 3.4.	contradicting
119 has higher sepal than 23 </s> index is 119 ; petal length is 5.0 ; sepal width is 2.2. </s> index is 23 ; petal length is 1.7 ; sepal width is 3.3.	contradicting
137 has higher sepal than 65 </s> index is 137 ; petal width is 1.8 ; sepal length is 6.4. </s> index is 65 ; petal width is 1.4 ; sepal length is 6.7.	contradicting
57 has the same width as 93 </s> index is 57 ; petal width is 1.0 ; sepal width is 2.4. </s> index is 93 ; petal width is 1.0 ; sepal width is 2.3.	contradicting
143 has higher width than 22 </s> index is 143 ; petal width is 2.3 ; sepal width is 3.2. </s> index is 22 ; petal width is 0.2 ; sepal width is 3.6.	contradicting
28 has the same sepal as 12 </s> index is 28 ; petal length is 1.4 ; sepal width is 3.4. </s> index is 12 ; petal length is 1.4 ; sepal width is 3.0.	contradicting
47 has the same width as 46 </s> index is 47 ; petal width is 0.2 ; sepal width is 3.2. </s> index is 46 ; petal width is 0.2 ; sepal width is 3.8.	contradicting
108 has higher petal than 110 </s> index is 108 ; petal length is 5.8 ; petal width is 1.8. </s> index is 110 ; petal length is 5.1 ; petal width is 2.0.	contradicting
93 has higher length than 33 </s> index is 93 ; petal length is 3.3 ; sepal length is 5.0. </s> index is 33 ; petal length is 1.4 ; sepal length is 5.5.	contradicting
100 has the same sepal as 125 </s> index is 100 ; petal length is 6.0 ; sepal width is 3.3. </s> index is 125 ; petal length is 6.0 ; sepal width is 3.2.	contradicting
17 has the same sepal as 4 </s> index is 17 ; petal length is 1.4 ; sepal width is 3.5. </s> index is 4 ; petal length is 1.4 ; sepal width is 3.6.	contradicting
120 has higher width than 7 </s> index is 120 ; petal width is 2.3 ; sepal width is 3.2. </s> index is 7 ; petal width is 0.2 ; sepal width is 3.4.	contradicting
5 has the same sepal as 20 </s> index is 5 ; sepal length is 5.4 ; sepal width is 3.9. </s> index is 20 ; sepal length is 5.4 ; sepal width is 3.4.	contradicting
133 has higher sepal than 23 </s> index is 133 ; sepal length is 6.3 ; sepal width is 2.8. </s> index is 23 ; sepal length is 5.1 ; sepal width is 3.3.	contradicting
76 has higher sepal than 12 </s> index is 76 ; petal length is 4.8 ; sepal width is 2.8. </s> index is 12 ; petal length is 1.4 ; sepal width is 3.0.	contradicting
65 has lower length than 101 </s> index is 65 ; petal length is 4.4 ; sepal length is 6.7. </s> index is 101 ; petal length is 5.1 ; sepal length is 5.8.	contradicting
112 has higher sepal than 26 </s> index is 112 ; petal length is 5.5 ; sepal width is 3.0. </s> index is 26 ; petal length is 1.6 ; sepal width is 3.4.	contradicting
31 has higher length than 33 </s> index is 31 ; petal length is 1.5 ; sepal length is 5.4. </s> index is 33 ; petal length is 1.4 ; sepal length is 5.5.	contradicting
39 has the same width as 48 </s> index is 39 ; petal width is 0.2 ; sepal width is 3.4. </s> index is 48 ; petal width is 0.2 ; sepal width is 3.7.	contradicting
50 has lower sepal than 103 </s> index is 50 ; petal width is 1.4 ; sepal length is 7.0. </s> index is 103 ; petal width is 1.8 ; sepal length is 6.3.	contradicting
140 has higher width than 110 </s> index is 140 ; petal width is 2.4 ; sepal width is 3.1. </s> index is 110 ; petal width is 2.0 ; sepal width is 3.2.	contradicting
50 has higher sepal than 49 </s> index is 50 ; sepal length is 7.0 ; sepal width is 3.2. </s> index is 49 ; sepal length is 5.0 ; sepal width is 3.3.	contradicting
52 has lower length than 136 </s> index is 52 ; petal length is 4.9 ; sepal length is 6.9. </s> index is 136 ; petal length is 5.6 ; sepal length is 6.3.	contradicting
12 has lower sepal than 106 </s> index is 12 ; sepal length is 4.8 ; sepal width is 3.0. </s> index is 106 ; sepal length is 4.9 ; sepal width is 2.5.	contradicting
35 has lower width than 142 </s> index is 35 ; petal width is 0.2 ; sepal width is 3.2. </s> index is 142 ; petal width is 1.9 ; sepal width is 2.7.	contradicting
96 has the same width as 89 </s> index is 96 ; petal width is 1.3 ; sepal width is 2.9. </s> index is 89 ; petal width is 1.3 ; sepal width is 2.5.	contradicting
97 has higher sepal than 45 </s> index is 97 ; petal length is 4.3 ; sepal width is 2.9. </s> index is 45 ; petal length is 1.4 ; sepal width is 3.0.	contradicting
29 has lower width than 84 </s> index is 29 ; petal width is 0.2 ; sepal width is 3.2. </s> index is 84 ; petal width is 1.5 ; sepal width is 3.0.	contradicting
75 has lower length than 147 </s> index is 75 ; petal length is 4.4 ; sepal length is 6.6. </s> index is 147 ; petal length is 5.2 ; sepal length is 6.5.	contradicting
1 has the same width as 29 </s> index is 1 ; petal width is 0.2 ; sepal width is 3.0. </s> index is 29 ; petal width is 0.2 ; sepal width is 3.2.	contradicting
124 has the same petal as 120 </s> index is 124 ; petal length is 5.7 ; petal width is 2.1. </s> index is 120 ; petal length is 5.7 ; petal width is 2.3.	contradicting
126 has lower length than 83 </s> index is 126 ; petal length is 4.8 ; sepal length is 6.2. </s> index is 83 ; petal length is 5.1 ; sepal length is 6.0.	contradicting
9 has higher petal than 38 </s> index is 9 ; petal length is 1.5 ; petal width is 0.1. </s> index is 38 ; petal length is 1.3 ; petal width is 0.2.	contradicting
60 has the same sepal as 49 </s> index is 60 ; sepal length is 5.0 ; sepal width is 2.0. </s> index is 49 ; sepal length is 5.0 ; sepal width is 3.3.	contradicting
33 has lower width than 146 </s> index is 33 ; petal width is 0.2 ; sepal width is 4.2. </s> index is 146 ; petal width is 1.9 ; sepal width is 2.5.	contradicting
19 has lower sepal than 110 </s> index is 19 ; sepal length is 5.1 ; sepal width is 3.8. </s> index is 110 ; sepal length is 6.5 ; sepal width is 3.2.	contradicting
21 has lower sepal than 99 </s> index is 21 ; petal length is 1.5 ; sepal width is 3.7. </s> index is 99 ; petal length is 4.1 ; sepal width is 2.8.	contradicting
100 has higher length than 120 </s> index is 100 ; petal length is 6.0 ; sepal length is 6.3. </s> index is 120 ; petal length is 5.7 ; sepal length is 6.9.	contradicting
78 has higher sepal than 20 </s> index is 78 ; sepal length is 6.0 ; sepal width is 2.9. </s> index is 20 ; sepal length is 5.4 ; sepal width is 3.4.	contradicting
142 has higher length than 71 </s> index is 142 ; petal length is 5.1 ; sepal length is 5.8. </s> index is 71 ; petal length is 4.0 ; sepal length is 6.1.	contradicting
124 has higher width than 28 </s> index is 124 ; petal width is 2.1 ; sepal width is 3.3. </s> index is 28 ; petal width is 0.2 ; sepal width is 3.4.	contradicting
54 has lower length than 119 </s> index is 54 ; petal length is 4.6 ; sepal length is 6.5. </s> index is 119 ; petal length is 5.0 ; sepal length is 6.0.	contradicting
134 has lower sepal than 85 </s> index is 134 ; petal width is 1.4 ; sepal length is 6.1. </s> index is 85 ; petal width is 1.6 ; sepal length is 6.0.	contradicting
133 has the same sepal as 146 </s> index is 133 ; sepal length is 6.3 ; sepal width is 2.8. </s> index is 146 ; sepal length is 6.3 ; sepal width is 2.5.	contradicting
2 has lower sepal than 119 </s> index is 2 ; petal length is 1.3 ; sepal width is 3.2. </s> index is 119 ; petal length is 5.0 ; sepal width is 2.2.	contradicting
54 has higher sepal than 65 </s> index is 54 ; petal width is 1.5 ; sepal length is 6.5. </s> index is 65 ; petal width is 1.4 ; sepal length is 6.7.	contradicting
58 has higher sepal than 5 </s> index is 58 ; petal length is 4.6 ; sepal width is 2.9. </s> index is 5 ; petal length is 1.7 ; sepal width is 3.9.	contradicting
18 has lower sepal than 118 </s> index is 18 ; petal length is 1.7 ; sepal width is 3.8. </s> index is 118 ; petal length is 6.9 ; sepal width is 2.6.	contradicting
51 has the same length as 106 </s> index is 51 ; petal length is 4.5 ; sepal length is 6.4. </s> index is 106 ; petal length is 4.5 ; sepal length is 4.9.	contradicting
98 has higher sepal than 6 </s> index is 98 ; petal length is 3.0 ; sepal width is 2.5. </s> index is 6 ; petal length is 1.4 ; sepal width is 3.4.	contradicting
66 has the same sepal as 61 </s> index is 66 ; petal width is 1.5 ; sepal length is 5.6. </s> index is 61 ; petal width is 1.5 ; sepal length is 5.9.	contradicting
83 has the same petal as 141 </s> index is 83 ; petal length is 5.1 ; petal width is 1.6. </s> index is 141 ; petal length is 5.1 ; petal width is 2.3.	contradicting
146 has lower petal than 116 </s> index is 146 ; petal length is 5.0 ; petal width is 1.9. </s> index is 116 ; petal length is 5.5 ; petal width is 1.8.	contradicting
60 has higher sepal than 14 </s> index is 60 ; petal width is 1.0 ; sepal length is 5.0. </s> index is 14 ; petal width is 0.2 ; sepal length is 5.8.	contradicting
28 has lower sepal than 61 </s> index is 28 ; petal length is 1.4 ; sepal width is 3.4. </s> index is 61 ; petal length is 4.2 ; sepal width is 3.0.	contradicting
30 has the same sepal as 11 </s> index is 30 ; petal length is 1.6 ; sepal width is 3.1. </s> index is 11 ; petal length is 1.6 ; sepal width is 3.4.	contradicting
92 has the same length as 62 </s> index is 92 ; petal length is 4.0 ; sepal length is 5.8. </s> index is 62 ; petal length is 4.0 ; sepal length is 6.0.	contradicting
24 has lower sepal than 80 </s> index is 24 ; sepal length is 4.8 ; sepal width is 3.4. </s> index is 80 ; sepal length is 5.5 ; sepal width is 2.4.	contradicting
18 has lower width than 111 </s> index is 18 ; petal width is 0.3 ; sepal width is 3.8. </s> index is 111 ; petal width is 1.9 ; sepal width is 2.7.	contradicting
62 has lower sepal than 113 </s> index is 62 ; petal width is 1.0 ; sepal length is 6.0. </s> index is 113 ; petal width is 2.0 ; sepal length is 5.7.	contradicting
100 has higher sepal than 102 </s> index is 100 ; petal width is 2.5 ; sepal length is 6.3. </s> index is 102 ; petal width is 2.1 ; sepal length is 7.1.	contradicting
89 has higher width than 36 </s> index is 89 ; petal width is 1.3 ; sepal width is 2.5. </s> index is 36 ; petal width is 0.2 ; sepal width is 3.5.	contradicting
146 has higher sepal than 52 </s> index is 146 ; petal width is 1.9 ; sepal length is 6.3. </s> index is 52 ; petal width is 1.5 ; sepal length is 6.9.	contradicting
36 has lower petal than 32 </s> index is 36 ; petal length is 1.3 ; petal width is 0.2. </s> index is 32 ; petal length is 1.5 ; petal width is 0.1.	contradicting
130 has higher petal than 121 </s> index is 130 ; petal length is 6.1 ; petal width is 1.9. </s> index is 121 ; petal length is 4.9 ; petal width is 2.0.	contradicting
141 has the same petal as 110 </s> index is 141 ; petal length is 5.1 ; petal width is 2.3. </s> index is 110 ; petal length is 5.1 ; petal width is 2.0.	contradicting
83 has the same sepal as 78 </s> index is 83 ; sepal length is 6.0 ; sepal width is 2.7. </s> index is 78 ; sepal length is 6.0 ; sepal width is 2.9.	contradicting
94 has the same sepal as 53 </s> index is 94 ; petal width is 1.3 ; sepal length is 5.6. </s> index is 53 ; petal width is 1.3 ; sepal length is 5.5.	contradicting
17 has the same sepal as 45 </s> index is 17 ; petal width is 0.3 ; sepal length is 5.1. </s> index is 45 ; petal width is 0.3 ; sepal length is 4.8.	contradicting
84 has higher sepal than 99 </s> index is 84 ; petal width is 1.5 ; sepal length is 5.4. </s> index is 99 ; petal width is 1.3 ; sepal length is 5.7.	contradicting
130 has higher petal than 100 </s> index is 130 ; petal length is 6.1 ; petal width is 1.9. </s> index is 100 ; petal length is 6.0 ; petal width is 2.5.	contradicting
61 has higher sepal than 24 </s> index is 61 ; sepal length is 5.9 ; sepal width is 3.0. </s> index is 24 ; sepal length is 4.8 ; sepal width is 3.4.	contradicting
122 has higher sepal than 145 </s> index is 122 ; petal length is 6.7 ; sepal width is 2.8. </s> index is 145 ; petal length is 5.2 ; sepal width is 3.0.	contradicting
74 has lower sepal than 108 </s> index is 74 ; petal length is 4.3 ; sepal width is 2.9. </s> index is 108 ; petal length is 5.8 ; sepal width is 2.5.	contradicting
118 has higher width than 30 </s> index is 118 ; petal width is 2.3 ; sepal width is 2.6. </s> index is 30 ; petal width is 0.2 ; sepal width is 3.1.	contradicting
1 has the same sepal as 37 </s> index is 1 ; sepal length is 4.9 ; sepal width is 3.0. </s> index is 37 ; sepal length is 4.9 ; sepal width is 3.1.	contradicting
16 has lower sepal than 138 </s> index is 16 ; sepal length is 5.4 ; sepal width is 3.9. </s> index is 138 ; sepal length is 6.0 ; sepal width is 3.0.	contradicting
7 has the same sepal as 40 </s> index is 7 ; sepal length is 5.0 ; sepal width is 3.4. </s> index is 40 ; sepal length is 5.0 ; sepal width is 3.5.	contradicting
3 has higher sepal than 37 </s> index is 3 ; petal width is 0.2 ; sepal length is 4.6. </s> index is 37 ; petal width is 0.1 ; sepal length is 4.9.	contradicting
