Alex Berenguer has the same measurement as Mohamed Salah </s> name is Alex Berenguer ; height is 175 ; weight is 73. </s> name is Mohamed Salah ; height is 175 ; weight is 71.	contradicting
Ross Barkley has the same measurement as Ngonda Muzinga </s> name is Ross Barkley ; weight is 76 ; rating is 6.8004545454545475. </s> name is Ngonda Muzinga ; weight is 76 ; rating is 6.774285714285715.	contradicting
Raheem Sterling has the same position as Roberto Pereyra </s> name is Raheem Sterling ; playedpositions is -FW-MC-ML-MR- ; positiontext is Forward. </s> name is Roberto Pereyra ; playedpositions is -FW-MC-ML-MR- ; positiontext is Midfielder.	contradicting
Mehmet Zeki Çelik has the same measurement as Scott McTominay </s> name is Mehmet Zeki Çelik ; age is 24 ; rating is 7.014615384615383. </s> name is Scott McTominay ; age is 24 ; rating is 6.923793103448275.	contradicting
Dodi Lukébakio has lower measurement than Gylfi Sigurdsson </s> name is Dodi Lukébakio ; age is 23 ; height is 187. </s> name is Gylfi Sigurdsson ; age is 31 ; height is 186.	contradicting
Moussa Diaby has higher game than Bernardo Silva </s> name is Moussa Diaby ; shotspergame is 1.6551724137931034 ; aerialwonpergame is 0.1724137931034483. </s> name is Bernardo Silva ; shotspergame is 1.1666666666666667 ; aerialwonpergame is 0.4583333333333333.	contradicting
Harvey Barnes has the same measurement as Lautaro Martínez </s> name is Harvey Barnes ; age is 23 ; rating is 6.975599999999999. </s> name is Lautaro Martínez ; age is 23 ; rating is 7.1597058823529425.	contradicting
Luis Suárez has the same measurement as Theodor Gebre Selassie </s> name is Luis Suárez ; age is 34 ; rating is 7.133928571428571. </s> name is Theodor Gebre Selassie ; age is 34 ; rating is 6.705806451612903.	contradicting
Erik Durm has lower game than Orel Mangala </s> name is Erik Durm ; shotspergame is 1.0526315789473684 ; aerialwonpergame is 1.0526315789473684. </s> name is Orel Mangala ; shotspergame is 1.0833333333333333 ; aerialwonpergame is 0.4166666666666667.	contradicting
Robin Olsen has the same game as Ahmed Hegazi </s> name is Robin Olsen ; shotspergame is 0.0 ; aerialwonpergame is 0.2857142857142857. </s> name is Ahmed Hegazi ; shotspergame is 0.0 ; aerialwonpergame is 5.0.	contradicting
Yuri Berchiche has the same region as Dani Olmo </s> name is Yuri Berchiche ; regioncode is es ; teamregionname is Spain. </s> name is Dani Olmo ; regioncode is es ; teamregionname is Germany.	contradicting
Federico Ceccherini has the same region as Jorginho </s> name is Federico Ceccherini ; regioncode is it ; teamregionname is Italy. </s> name is Jorginho ; regioncode is it ; teamregionname is England.	contradicting
Steve Mounie has the same region as Damien Da Silva </s> name is Steve Mounie ; tournamentregionid is 74 ; regioncode is bj. </s> name is Damien Da Silva ; tournamentregionid is 74 ; regioncode is fr.	contradicting
Brais Méndez has the same game as André Hahn </s> name is Brais Méndez ; shotspergame is 1.5 ; aerialwonpergame is 1.0666666666666667. </s> name is André Hahn ; shotspergame is 1.5 ; aerialwonpergame is 2.269230769230769.	contradicting
Alexis Saelemaekers has higher measurement than Antonee Robinson </s> name is Alexis Saelemaekers ; weight is 72 ; rating is 6.665172413793104. </s> name is Antonee Robinson ; weight is 70 ; rating is 6.829629629629626.	contradicting
Trent Alexander-Arnold has higher game than Thomas Mangani </s> name is Trent Alexander-Arnold ; shotspergame is 1.3870967741935485 ; aerialwonpergame is 0.25806451612903225. </s> name is Thomas Mangani ; shotspergame is 0.71875 ; aerialwonpergame is 0.71875.	contradicting
David García has the same name as Raúl García </s> name is David García ; lastname is García ; teamname is Osasuna. </s> name is Raúl García ; lastname is García ; teamname is Real Valladolid.	contradicting
Christian Eriksen has the same measurement as Yassine Benzia </s> name is Christian Eriksen ; weight is 76 ; rating is 6.711304347826087. </s> name is Yassine Benzia ; weight is 76 ; rating is 6.657142857142857.	contradicting
Héctor Bellerín has the same measurement as Ngonda Muzinga </s> name is Héctor Bellerín ; age is 26 ; weight is 74. </s> name is Ngonda Muzinga ; age is 26 ; weight is 76.	contradicting
Ademola Lookman has the same position as Gonçalo Guedes </s> name is Ademola Lookman ; playedpositions is -AMC-AML-AMR-FW- ; positiontext is Forward. </s> name is Gonçalo Guedes ; playedpositions is -AMC-AML-AMR-FW- ; positiontext is Midfielder.	contradicting
Seko Fofana has the same name as Youssouf Fofana </s> name is Seko Fofana ; lastname is Fofana ; teamname is Lens. </s> name is Youssouf Fofana ; lastname is Fofana ; teamname is Monaco.	contradicting
Grischa Prömel has lower measurement than Karl Toko Ekambi </s> name is Grischa Prömel ; height is 184 ; weight is 81. </s> name is Karl Toko Ekambi ; height is 185 ; weight is 74.	contradicting
Gabriel Magalhães has lower card than Wendell </s> name is Gabriel Magalhães ; yellowcard is 2.0 ; redcard is 1.0. </s> name is Wendell ; yellowcard is 3.0 ; redcard is 0.0.	contradicting
Guido Rodríguez has the same region as Sergi Gómez </s> name is Guido Rodríguez ; tournamentregionid is 206 ; regioncode is ar. </s> name is Sergi Gómez ; tournamentregionid is 206 ; regioncode is es.	contradicting
Luiz Felipe has lower game than Nolito </s> name is Luiz Felipe ; shotspergame is 0.4 ; aerialwonpergame is 1.2. </s> name is Nolito ; shotspergame is 1.625 ; aerialwonpergame is 0.40625.	contradicting
Fabio has the same region as Arthur </s> name is Fabio ; regioncode is br ; teamregionname is France. </s> name is Arthur ; regioncode is br ; teamregionname is Italy.	contradicting
Ludovic Blas has higher game than Rober Correa </s> name is Ludovic Blas ; shotspergame is 1.8181818181818181 ; aerialwonpergame is 0.3939393939393939. </s> name is Rober Correa ; shotspergame is 0.09090909090909091 ; aerialwonpergame is 3.272727272727273.	contradicting
Marcelo has higher measurement than Karl Darlow </s> name is Marcelo ; height is 191 ; weight is 85. </s> name is Karl Darlow ; height is 190 ; weight is 88.	contradicting
Lucas Hernández has the same measurement as Carlos Clerc </s> name is Lucas Hernández ; height is 182 ; weight is 76. </s> name is Carlos Clerc ; height is 182 ; weight is 72.	contradicting
Jordan Henderson has the same position as Pape Sarr </s> name is Jordan Henderson ; positiontext is Midfielder ; playedpositionsshort is D(C),M(CLR). </s> name is Pape Sarr ; positiontext is Midfielder ; playedpositionsshort is M(C).	contradicting
Ngonda Muzinga has lower measurement than Conor Hourihane </s> name is Ngonda Muzinga ; height is 172 ; weight is 76. </s> name is Conor Hourihane ; height is 180 ; weight is 62.	contradicting
Ron-Robert Zieler has the same measurement as Oliver McBurnie </s> name is Ron-Robert Zieler ; height is 188 ; weight is 81. </s> name is Oliver McBurnie ; height is 188 ; weight is 79.	contradicting
Brendan Chardonnet has higher measurement than Pape Abou Cissé </s> name is Brendan Chardonnet ; age is 26 ; rating is 6.927666666666664. </s> name is Pape Abou Cissé ; age is 25 ; rating is 7.018461538461538.	contradicting
Anthony Caci has the same measurement as Federico Ceccherini </s> name is Anthony Caci ; height is 186 ; weight is 74. </s> name is Federico Ceccherini ; height is 186 ; weight is 72.	contradicting
Farid Boulaya has the same measurement as Jannik Vestergaard </s> name is Farid Boulaya ; age is 28 ; rating is 7.238709677419354. </s> name is Jannik Vestergaard ; age is 28 ; rating is 6.9808.	contradicting
Diogo Jota has the same position as Daniel Podence </s> name is Diogo Jota ; playedpositions is -AMC-AML-AMR-FW- ; positiontext is Forward. </s> name is Daniel Podence ; playedpositions is -AMC-AML-AMR-FW- ; positiontext is Midfielder.	contradicting
Stuart Dallas has the same measurement as Fabio </s> name is Stuart Dallas ; age is 30 ; rating is 6.849117647058826. </s> name is Fabio ; age is 30 ; rating is 6.678571428571429.	contradicting
Federico Dimarco has higher card than Jordan Amavi </s> name is Federico Dimarco ; yellowcard is 5.0 ; redcard is 0.0. </s> name is Jordan Amavi ; yellowcard is 3.0 ; redcard is 1.0.	contradicting
Fred has higher card than Pedro </s> name is Fred ; yellowcard is 5.0 ; redcard is 0.0. </s> name is Pedro ; yellowcard is 3.0 ; redcard is 1.0.	contradicting
Santi Mina has the same measurement as Marco Asensio </s> name is Santi Mina ; age is 25 ; rating is 6.732333333333332. </s> name is Marco Asensio ; age is 25 ; rating is 6.709354838709678.	contradicting
Robert Andrich has lower measurement than Marcel Sabitzer </s> name is Robert Andrich ; age is 26 ; weight is 83. </s> name is Marcel Sabitzer ; age is 27 ; weight is 76.	contradicting
Gonçalo Guedes has higher game than Tomas Soucek </s> name is Gonçalo Guedes ; shotspergame is 1.6666666666666667 ; aerialwonpergame is 0.2222222222222222. </s> name is Tomas Soucek ; shotspergame is 1.588235294117647 ; aerialwonpergame is 6.0.	contradicting
Maxi Gómez has the same measurement as Andoni Gorosabel </s> name is Maxi Gómez ; age is 24 ; weight is 91. </s> name is Andoni Gorosabel ; age is 24 ; weight is 73.	contradicting
Maximilian Mittelstädt has lower measurement than Manu Trigueros </s> name is Maximilian Mittelstädt ; age is 24 ; height is 180. </s> name is Manu Trigueros ; age is 29 ; height is 178.	contradicting
Kike García has higher measurement than Damien Da Silva </s> name is Kike García ; height is 186 ; weight is 79. </s> name is Damien Da Silva ; height is 184 ; weight is 82.	contradicting
John McGinn has the same measurement as Brendan Chardonnet </s> name is John McGinn ; age is 26 ; weight is 68. </s> name is Brendan Chardonnet ; age is 26 ; weight is 74.	contradicting
Lucas Hernández has the same family name as Theo Hernández </s> name is Lucas Hernández ; lastname is Hernández ; name is Lucas Hernández. </s> name is Theo Hernández ; lastname is Hernández ; name is Theo Hernández.	contradicting
Raphael Guerreiro has the same measurement as Aaron Cresswell </s> name is Raphael Guerreiro ; height is 170 ; weight is 71. </s> name is Aaron Cresswell ; height is 170 ; weight is 66.	contradicting
Ante Rebic has lower measurement than José Mari </s> name is Ante Rebic ; age is 27 ; rating is 6.846666666666665. </s> name is José Mari ; age is 33 ; rating is 6.6684210526315795.	contradicting
Emiliano Martínez has the same family name as Lautaro Martínez </s> name is Emiliano Martínez ; lastname is Martínez ; name is Emiliano Martínez. </s> name is Lautaro Martínez ; lastname is Martínez ; name is Lautaro Martínez.	contradicting
Duje Caleta-Car has the same measurement as Bas Dost </s> name is Duje Caleta-Car ; weight is 89 ; rating is 6.716666666666668. </s> name is Bas Dost ; weight is 89 ; rating is 7.077500000000001.	contradicting
Renato Steffen has the same region as Bas Dost </s> name is Renato Steffen ; tournamentregionid is 81 ; regioncode is ch. </s> name is Bas Dost ; tournamentregionid is 81 ; regioncode is nl.	contradicting
Leonardo Bonucci has higher card than Dimitri Payet </s> name is Leonardo Bonucci ; yellowcard is 4.0 ; redcard is 0.0. </s> name is Dimitri Payet ; yellowcard is 3.0 ; redcard is 2.0.	contradicting
Illan Meslier has higher measurement than Moise Kean </s> name is Illan Meslier ; weight is 74 ; rating is 6.88969696969697. </s> name is Moise Kean ; weight is 67 ; rating is 6.965416666666667.	contradicting
Ludovic Ajorque has lower measurement than Guido Carrillo </s> name is Ludovic Ajorque ; age is 27 ; weight is 92. </s> name is Guido Carrillo ; age is 29 ; weight is 87.	contradicting
Ben Mee has the same measurement as Chris Smalling </s> name is Ben Mee ; age is 31 ; weight is 74. </s> name is Chris Smalling ; age is 31 ; weight is 81.	contradicting
Joshua Sargent has the same measurement as Ferran Torres </s> name is Joshua Sargent ; age is 21 ; weight is 79. </s> name is Ferran Torres ; age is 21 ; weight is 77.	contradicting
David García has the same family name as Rubén García </s> name is David García ; lastname is García ; name is David García. </s> name is Rubén García ; lastname is García ; name is Rubén García.	contradicting
Dejan Kulusevski has lower measurement than Lionel Messi </s> name is Dejan Kulusevski ; age is 21 ; height is 186. </s> name is Lionel Messi ; age is 33 ; height is 170.	contradicting
Bartosz Bereszynski has higher measurement than Yildirim Mert Çetin </s> name is Bartosz Bereszynski ; age is 28 ; rating is 6.713571428571428. </s> name is Yildirim Mert Çetin ; age is 24 ; rating is 6.734999999999999.	contradicting
Pablo Martinez has the same region as Kingsley Coman </s> name is Pablo Martinez ; regioncode is fr ; teamregionname is France. </s> name is Kingsley Coman ; regioncode is fr ; teamregionname is Germany.	contradicting
Romain Saïss has the same position as André-Frank Zambo Anguissa </s> name is Romain Saïss ; positiontext is Midfielder ; playedpositionsshort is D(C),DMC. </s> name is André-Frank Zambo Anguissa ; positiontext is Midfielder ; playedpositionsshort is DMC.	contradicting
Dedryck Boyata has lower measurement than Rob Holding </s> name is Dedryck Boyata ; height is 188 ; weight is 84. </s> name is Rob Holding ; height is 189 ; weight is 75.	contradicting
Ludovic Blas has lower measurement than Ron-Robert Zieler </s> name is Ludovic Blas ; weight is 70 ; rating is 6.999090909090907. </s> name is Ron-Robert Zieler ; weight is 81 ; rating is 6.66.	contradicting
Rúben Dias has higher measurement than Musa Barrow </s> name is Rúben Dias ; height is 186 ; weight is 76. </s> name is Musa Barrow ; height is 183 ; weight is 77.	contradicting
Leandro Barreiro Martins has lower measurement than Ibrahima Sissoko </s> name is Leandro Barreiro Martins ; age is 21 ; rating is 6.803846153846154. </s> name is Ibrahima Sissoko ; age is 23 ; rating is 6.689117647058822.	contradicting
Nicolas Viola has lower measurement than Ömer Toprak </s> name is Nicolas Viola ; weight is 76 ; rating is 6.7413333333333325. </s> name is Ömer Toprak ; weight is 83 ; rating is 6.673750000000001.	contradicting
Gianluca Caprari has the same middle name as Gianluca Scamacca </s> name is Gianluca Caprari ; firstname is Gianluca ; lastname is Caprari. </s> name is Gianluca Scamacca ; firstname is Gianluca ; lastname is Scamacca.	contradicting
Álvaro González has the same position as Trent Alexander-Arnold </s> name is Álvaro González ; positiontext is Defender ; playedpositionsshort is D(C). </s> name is Trent Alexander-Arnold ; positiontext is Defender ; playedpositionsshort is D(R),M(R).	contradicting
Pierre-Emile Højbjerg has the same measurement as Jonas Hector </s> name is Pierre-Emile Højbjerg ; height is 185 ; weight is 84. </s> name is Jonas Hector ; height is 185 ; weight is 75.	contradicting
Danilo has lower measurement than Hans Hateboer </s> name is Danilo ; height is 184 ; weight is 78. </s> name is Hans Hateboer ; height is 185 ; weight is 72.	contradicting
Mattia Zaccagni has higher measurement than Matthew Cash </s> name is Mattia Zaccagni ; age is 25 ; rating is 6.914687499999999. </s> name is Matthew Cash ; age is 23 ; rating is 6.95153846153846.	contradicting
Benjamin Mendy has the same measurement as Joel Pohjanpalo </s> name is Benjamin Mendy ; age is 26 ; height is 185. </s> name is Joel Pohjanpalo ; age is 26 ; height is 186.	contradicting
Suso has higher game than Franck Honorat </s> name is Suso ; shotspergame is 1.3333333333333333 ; aerialwonpergame is 0.13333333333333333. </s> name is Franck Honorat ; shotspergame is 1.0909090909090908 ; aerialwonpergame is 0.6060606060606061.	contradicting
Thomas Lemar has the same middle name as Thomas Meunier </s> name is Thomas Lemar ; firstname is Thomas ; lastname is Lemar. </s> name is Thomas Meunier ; firstname is Thomas ; lastname is Meunier.	contradicting
Baptiste Santamaría has the same region as Axel Witsel </s> name is Baptiste Santamaría ; tournamentregionid is 81 ; regioncode is fr. </s> name is Axel Witsel ; tournamentregionid is 81 ; regioncode is be.	contradicting
Daniel Parejo has the same forename as Daniel Congré </s> name is Daniel Parejo ; firstname is Daniel ; name is Daniel Parejo. </s> name is Daniel Congré ; firstname is Daniel ; name is Daniel Congré.	contradicting
Idrissa Gueye has higher measurement than Berat Djimsiti </s> name is Idrissa Gueye ; age is 31 ; height is 174. </s> name is Berat Djimsiti ; age is 28 ; height is 190.	contradicting
Alexis Sánchez has higher measurement than Florian Sotoca </s> name is Alexis Sánchez ; age is 32 ; height is 169. </s> name is Florian Sotoca ; age is 30 ; height is 187.	contradicting
Josip Stanisic has lower measurement than Edinson Cavani </s> name is Josip Stanisic ; age is 21 ; height is 186. </s> name is Edinson Cavani ; age is 34 ; height is 184.	contradicting
Daniele Rugani has higher measurement than Alexander Isak </s> name is Daniele Rugani ; weight is 84 ; rating is 6.77. </s> name is Alexander Isak ; weight is 70 ; rating is 7.006666666666669.	contradicting
Rubén García has the same position as David McGoldrick </s> name is Rubén García ; playedpositions is -AMC-AML-AMR-FW- ; positiontext is Midfielder. </s> name is David McGoldrick ; playedpositions is -AMC-AML-AMR-FW- ; positiontext is Forward.	contradicting
Andrea Ranocchia has the same forename as Andrea Consigli </s> name is Andrea Ranocchia ; firstname is Andrea ; name is Andrea Ranocchia. </s> name is Andrea Consigli ; firstname is Andrea ; name is Andrea Consigli.	contradicting
Edmond Tapsoba has lower measurement than Sergio Reguilón </s> name is Edmond Tapsoba ; age is 22 ; height is 192. </s> name is Sergio Reguilón ; age is 24 ; height is 178.	contradicting
Kalvin Phillips has the same name as Nathaniel Phillips </s> name is Kalvin Phillips ; lastname is Phillips ; teamname is Leeds. </s> name is Nathaniel Phillips ; lastname is Phillips ; teamname is Liverpool.	contradicting
Dayot Upamecano has the same region as Frédéric Guilbert </s> name is Dayot Upamecano ; regioncode is fr ; teamregionname is Germany. </s> name is Frédéric Guilbert ; regioncode is fr ; teamregionname is France.	contradicting
Eder Militão has lower game than Joaquín Correa </s> name is Eder Militão ; shotspergame is 0.9 ; aerialwonpergame is 2.6. </s> name is Joaquín Correa ; shotspergame is 1.96 ; aerialwonpergame is 0.48.	contradicting
Leonardo Bonucci has higher measurement than Vlad Chiriches </s> name is Leonardo Bonucci ; age is 34 ; rating is 6.701199999999999. </s> name is Vlad Chiriches ; age is 31 ; rating is 6.877.	contradicting
Andrea Ranocchia has the same forename as Andrea Belotti </s> name is Andrea Ranocchia ; firstname is Andrea ; name is Andrea Ranocchia. </s> name is Andrea Belotti ; firstname is Andrea ; name is Andrea Belotti.	contradicting
Angeliño has the same region as Mikel Merino </s> name is Angeliño ; regioncode is es ; teamregionname is Germany. </s> name is Mikel Merino ; regioncode is es ; teamregionname is Spain.	contradicting
Jonas Hofmann has the same position as Zinedine Ferhat </s> name is Jonas Hofmann ; positiontext is Midfielder ; playedpositionsshort is M(CLR). </s> name is Zinedine Ferhat ; positiontext is Midfielder ; playedpositionsshort is AM(LR).	contradicting
Daichi Kamada has higher card than Matthieu Udol </s> name is Daichi Kamada ; yellowcard is 3.0 ; redcard is 0.0. </s> name is Matthieu Udol ; yellowcard is 1.0 ; redcard is 1.0.	contradicting
Memphis Depay has higher card than Federico Chiesa </s> name is Memphis Depay ; yellowcard is 4.0 ; redcard is 0.0. </s> name is Federico Chiesa ; yellowcard is 1.0 ; redcard is 1.0.	contradicting
Gabriel Jesus has the same measurement as Edu Expósito </s> name is Gabriel Jesus ; age is 24 ; rating is 7.0752. </s> name is Edu Expósito ; age is 24 ; rating is 6.722500000000001.	contradicting
Youssouf Sabaly has higher measurement than Roland Sallai </s> name is Youssouf Sabaly ; age is 28 ; weight is 67. </s> name is Roland Sallai ; age is 23 ; weight is 76.	contradicting
Rolando Mandragora has lower card than Rafael Czichos </s> name is Rolando Mandragora ; yellowcard is 2.0 ; redcard is 1.0. </s> name is Rafael Czichos ; yellowcard is 7.0 ; redcard is 0.0.	contradicting
Marshall Munetsi has the same card as Uros Racic </s> name is Marshall Munetsi ; yellowcard is 6.0 ; redcard is 1.0. </s> name is Uros Racic ; yellowcard is 6.0 ; redcard is 0.0.	contradicting
Alphonso Davies has lower card than Berat Djimsiti </s> name is Alphonso Davies ; yellowcard is 1.0 ; redcard is 1.0. </s> name is Berat Djimsiti ; yellowcard is 7.0 ; redcard is 0.0.	contradicting
Koray Günter has the same measurement as Harrison Reed </s> name is Koray Günter ; age is 26 ; height is 184. </s> name is Harrison Reed ; age is 26 ; height is 181.	contradicting
Tanguy Ndombele has lower measurement than Jimmy Dunne </s> name is Tanguy Ndombele ; height is 181 ; weight is 76. </s> name is Jimmy Dunne ; height is 183 ; weight is 75.	contradicting
