Dejan Kulusevski has different tournament as Giovanni Di Lorenzo </s> name is Dejan Kulusevski ; tournamentregionid is 108 ; tournamentregionname is Italy. </s> name is Giovanni Di Lorenzo ; tournamentregionid is 108 ; tournamentregionname is Italy.	uniform_false
Maximilian Arnold has different tournament as Jeffrey Gouweleeuw </s> name is Maximilian Arnold ; tournamentregionid is 81 ; tournamentname is Bundesliga. </s> name is Jeffrey Gouweleeuw ; tournamentregionid is 81 ; tournamentname is Bundesliga.	uniform_false
Karl Darlow has lower measurement than Federico Chiesa </s> name is Karl Darlow ; age is 30 ; weight is 88. </s> name is Federico Chiesa ; age is 23 ; weight is 70.	uniform_false
Ander Herrera has different tournament as Yusuf Yazici </s> name is Ander Herrera ; tournamentregioncode is fr ; tournamentname is Ligue 1. </s> name is Yusuf Yazici ; tournamentregioncode is fr ; tournamentname is Ligue 1.	uniform_false
Baptiste Reynet has different region as Leandro Paredes </s> name is Baptiste Reynet ; tournamentregionid is 74 ; teamregionname is France. </s> name is Leandro Paredes ; tournamentregionid is 74 ; teamregionname is France.	uniform_false
Marcel Sabitzer has different tournament as Joel Pohjanpalo </s> name is Marcel Sabitzer ; tournamentid is 3 ; tournamentname is Bundesliga. </s> name is Joel Pohjanpalo ; tournamentid is 3 ; tournamentname is Bundesliga.	uniform_false
Thomas Meunier has different tournament as Mats Hummels </s> name is Thomas Meunier ; tournamentregionid is 81 ; tournamentshortname is GB. </s> name is Mats Hummels ; tournamentregionid is 81 ; tournamentshortname is GB.	uniform_false
Marçal has different tournament as Denis Bouanga </s> name is Marçal ; tournamentregioncode is fr ; tournamentregionname is France. </s> name is Denis Bouanga ; tournamentregioncode is fr ; tournamentregionname is France.	uniform_false
Edu Expósito has different region as Mikel Oyarzabal </s> name is Edu Expósito ; regioncode is es ; teamregionname is Spain. </s> name is Mikel Oyarzabal ; regioncode is es ; teamregionname is Spain.	uniform_false
Rúben Dias has different position as Nayef Aguerd </s> name is Rúben Dias ; positiontext is Defender ; playedpositionsshort is D(C). </s> name is Nayef Aguerd ; positiontext is Defender ; playedpositionsshort is D(C).	uniform_false
Dani Olmo has higher card than Andreaw Gravillon </s> name is Dani Olmo ; yellowcard is 1.0 ; redcard is 0.0. </s> name is Andreaw Gravillon ; yellowcard is 3.0 ; redcard is 1.0.	uniform_false
Kieran Tierney has different match as Marco Reus </s> name is Kieran Tierney ; manofthematch is 0 ; ismanofthematch is False. </s> name is Marco Reus ; manofthematch is 0 ; ismanofthematch is False.	uniform_false
Rubén Sobrino has different region as Ander Capa </s> name is Rubén Sobrino ; tournamentregionid is 206 ; regioncode is es. </s> name is Ander Capa ; tournamentregionid is 206 ; regioncode is es.	uniform_false
Jeffrey Gouweleeuw has different position as Dedryck Boyata </s> name is Jeffrey Gouweleeuw ; playedpositions is -DC- ; positiontext is Defender. </s> name is Dedryck Boyata ; playedpositions is -DC- ; positiontext is Defender.	uniform_false
Silas Wamangituka has different measurement as Juan Miranda </s> name is Silas Wamangituka ; age is 21 ; weight is 79. </s> name is Juan Miranda ; age is 21 ; weight is 79.	uniform_false
Luke Shaw has higher measurement than Koen Casteels </s> name is Luke Shaw ; age is 25 ; weight is 75. </s> name is Koen Casteels ; age is 28 ; weight is 78.	uniform_false
Trézéguet has higher measurement than Edmond Tapsoba </s> name is Trézéguet ; height is 180 ; weight is 71. </s> name is Edmond Tapsoba ; height is 192 ; weight is 80.	uniform_false
Sergio Rico has different tournament as Valentin Rongier </s> name is Sergio Rico ; tournamentregionname is France ; tournamentname is Ligue 1. </s> name is Valentin Rongier ; tournamentregionname is France ; tournamentname is Ligue 1.	uniform_false
Gianluca Caprari has higher measurement than Pavao Pervan </s> name is Gianluca Caprari ; weight is 72 ; rating is 6.760370370370369. </s> name is Pavao Pervan ; weight is 88 ; rating is 7.36.	uniform_false
Jamal Musiala has different region as Florian Hübner </s> name is Jamal Musiala ; regioncode is de ; teamregionname is Germany. </s> name is Florian Hübner ; regioncode is de ; teamregionname is Germany.	uniform_false
Yusuf Yazici has different tournament as Memphis Depay </s> name is Yusuf Yazici ; tournamentregionid is 74 ; tournamentregioncode is fr. </s> name is Memphis Depay ; tournamentregionid is 74 ; tournamentregioncode is fr.	uniform_false
Ilkay Gündogan has different measurement as Benjamin André </s> name is Ilkay Gündogan ; age is 30 ; height is 180. </s> name is Benjamin André ; age is 30 ; height is 180.	uniform_false
Pablo has different position as Issa Diop </s> name is Pablo ; positiontext is Defender ; playedpositionsshort is D(C). </s> name is Issa Diop ; positiontext is Defender ; playedpositionsshort is D(C).	uniform_false
Mohamed Salah has different tournament as Tanguy Ndombele </s> name is Mohamed Salah ; tournamentid is 2 ; tournamentregionid is 252. </s> name is Tanguy Ndombele ; tournamentid is 2 ; tournamentregionid is 252.	uniform_false
Ola Aina has different tournament as Terence Kongolo </s> name is Ola Aina ; tournamentregioncode is gb-eng ; tournamentshortname is EPL. </s> name is Terence Kongolo ; tournamentregioncode is gb-eng ; tournamentshortname is EPL.	uniform_false
Danilo has higher card than Granit Xhaka </s> name is Danilo ; yellowcard is 5.0 ; redcard is 0.0. </s> name is Granit Xhaka ; yellowcard is 7.0 ; redcard is 1.0.	uniform_false
Jérémy Pied has lower measurement than Nathan Aké </s> name is Jérémy Pied ; age is 32 ; rating is 6.784000000000001. </s> name is Nathan Aké ; age is 26 ; rating is 6.64125.	uniform_false
Marcel Sabitzer has different measurement as Jean-Paul Boëtius </s> name is Marcel Sabitzer ; height is 178 ; weight is 76. </s> name is Jean-Paul Boëtius ; height is 178 ; weight is 76.	uniform_false
Japhet Tanganga has different measurement as Ronaël Pierre-Gabriel </s> name is Japhet Tanganga ; age is 22 ; weight is 76. </s> name is Ronaël Pierre-Gabriel ; age is 22 ; weight is 76.	uniform_false
Simon Kjaer has different tournament as Junior Messias </s> name is Simon Kjaer ; tournamentregionid is 108 ; tournamentregioncode is it. </s> name is Junior Messias ; tournamentregionid is 108 ; tournamentregioncode is it.	uniform_false
Nahitan Nández has different tournament as Luiz Felipe </s> name is Nahitan Nández ; tournamentregionid is 108 ; tournamentname is Serie A. </s> name is Luiz Felipe ; tournamentregionid is 108 ; tournamentname is Serie A.	uniform_false
Fred has different tournament as N'Golo Kanté </s> name is Fred ; tournamentregioncode is gb-eng ; tournamentshortname is EPL. </s> name is N'Golo Kanté ; tournamentregioncode is gb-eng ; tournamentshortname is EPL.	uniform_false
Simy has different region as Fabián Ruiz </s> name is Simy ; tournamentregioncode is it ; teamregionname is Italy. </s> name is Fabián Ruiz ; tournamentregioncode is it ; teamregionname is Italy.	uniform_false
Simone Verdi has different tournament as Adam Marusic </s> name is Simone Verdi ; tournamentregioncode is it ; tournamentname is Serie A. </s> name is Adam Marusic ; tournamentregioncode is it ; tournamentname is Serie A.	uniform_false
Duje Caleta-Car has different tournament as Moise Kean </s> name is Duje Caleta-Car ; tournamentregionid is 74 ; tournamentregionname is France. </s> name is Moise Kean ; tournamentregionid is 74 ; tournamentregionname is France.	uniform_false
Matthew Cash has lower game than Javi Galán </s> name is Matthew Cash ; shotspergame is 0.3076923076923077 ; aerialwonpergame is 1.2692307692307692. </s> name is Javi Galán ; shotspergame is 0.17647058823529413 ; aerialwonpergame is 0.4117647058823529.	uniform_false
Maximilian Eggestein has different season as Daniel Caligiuri </s> name is Maximilian Eggestein ; seasonid is 8279 ; seasonname is 2020/2021. </s> name is Daniel Caligiuri ; seasonid is 8279 ; seasonname is 2020/2021.	uniform_false
Juan Pérez has different game as Gianluigi Buffon </s> name is Juan Pérez ; shotspergame is 0.0 ; aerialwonpergame is 0.0. </s> name is Gianluigi Buffon ; shotspergame is 0.0 ; aerialwonpergame is 0.0.	uniform_false
Daniel Cárdenas has different game as Alfred Gomis </s> name is Daniel Cárdenas ; shotspergame is 0.0 ; aerialwonpergame is 0.2. </s> name is Alfred Gomis ; shotspergame is 0.0 ; aerialwonpergame is 0.2.	uniform_false
Roberto Soriano has different tournament as Theo Hernández </s> name is Roberto Soriano ; tournamentname is Serie A ; tournamentshortname is ISA. </s> name is Theo Hernández ; tournamentname is Serie A ; tournamentshortname is ISA.	uniform_false
Mateo Kovacic has higher measurement than Edinson Cavani </s> name is Mateo Kovacic ; age is 27 ; height is 178. </s> name is Edinson Cavani ; age is 34 ; height is 184.	uniform_false
Diadie Samassékou has higher measurement than Aymeric Laporte </s> name is Diadie Samassékou ; height is 177 ; weight is 68. </s> name is Aymeric Laporte ; height is 191 ; weight is 86.	uniform_false
Lucas Boyé has different tournament as Jesús Navas </s> name is Lucas Boyé ; tournamentid is 4 ; tournamentshortname is SLL. </s> name is Jesús Navas ; tournamentid is 4 ; tournamentshortname is SLL.	uniform_false
Luiz Araújo has higher measurement than Davide Zappacosta </s> name is Luiz Araújo ; age is 24 ; height is 175. </s> name is Davide Zappacosta ; age is 28 ; height is 185.	uniform_false
Serge Gnabry has different playedposition as Ousmane Dembélé </s> name is Serge Gnabry ; playedpositions is -AMC-AML-AMR-FW- ; playedpositionsshort is AM(CLR),FW. </s> name is Ousmane Dembélé ; playedpositions is -AMC-AML-AMR-FW- ; playedpositionsshort is AM(CLR),FW.	uniform_false
Jonathan Gradit has different tournament as Mauro Icardi </s> name is Jonathan Gradit ; tournamentregioncode is fr ; tournamentregionname is France. </s> name is Mauro Icardi ; tournamentregioncode is fr ; tournamentregionname is France.	uniform_false
Marcos Llorente has different region as José Luis Morales </s> name is Marcos Llorente ; tournamentregionid is 206 ; regioncode is es. </s> name is José Luis Morales ; tournamentregionid is 206 ; regioncode is es.	uniform_false
Harry Maguire has different region as James Maddison </s> name is Harry Maguire ; tournamentregionid is 252 ; regioncode is gb-eng. </s> name is James Maddison ; tournamentregionid is 252 ; regioncode is gb-eng.	uniform_false
Rolando Mandragora has higher measurement than Yussuf Poulsen </s> name is Rolando Mandragora ; age is 23 ; height is 183. </s> name is Yussuf Poulsen ; age is 26 ; height is 192.	uniform_false
Damien Da Silva has lower measurement than Alberto Perea </s> name is Damien Da Silva ; age is 32 ; height is 184. </s> name is Alberto Perea ; age is 30 ; height is 177.	uniform_false
William Saliba has higher game than Boubacar Kamara </s> name is William Saliba ; shotspergame is 0.29411764705882354 ; aerialwonpergame is 1.8235294117647058. </s> name is Boubacar Kamara ; shotspergame is 0.5625 ; aerialwonpergame is 1.96875.	uniform_false
Toby Alderweireld has different tournament as Hugo Lloris </s> name is Toby Alderweireld ; tournamentid is 2 ; tournamentregionname is England. </s> name is Hugo Lloris ; tournamentid is 2 ; tournamentregionname is England.	uniform_false
Clément Grenier has different region as Layvin Kurzawa </s> name is Clément Grenier ; tournamentregioncode is fr ; teamregionname is France. </s> name is Layvin Kurzawa ; tournamentregioncode is fr ; teamregionname is France.	uniform_false
Paul Baysse has different team as Otávio </s> name is Paul Baysse ; teamid is 315 ; teamregionname is France. </s> name is Otávio ; teamid is 315 ; teamregionname is France.	uniform_false
Laurent Abergel has different tournament as Gelson Martins </s> name is Laurent Abergel ; tournamentregionid is 74 ; tournamentregioncode is fr. </s> name is Gelson Martins ; tournamentregionid is 74 ; tournamentregioncode is fr.	uniform_false
Álex Moreno has different region as Daniel Carvajal </s> name is Álex Moreno ; tournamentregionname is Spain ; regioncode is es. </s> name is Daniel Carvajal ; tournamentregionname is Spain ; regioncode is es.	uniform_false
Jason Denayer has different measurement as Hirving Lozano </s> name is Jason Denayer ; age is 25 ; weight is 70. </s> name is Hirving Lozano ; age is 25 ; weight is 70.	uniform_false
Razvan Marin has different measurement as Frédéric Guilbert </s> name is Razvan Marin ; height is 178 ; weight is 70. </s> name is Frédéric Guilbert ; height is 178 ; weight is 70.	uniform_false
Romain Hamouma has different tournament as Ibrahima Sissoko </s> name is Romain Hamouma ; tournamentid is 22 ; tournamentregionname is France. </s> name is Ibrahima Sissoko ; tournamentid is 22 ; tournamentregionname is France.	uniform_false
Baptiste Reynet has different tournament as Álvaro González </s> name is Baptiste Reynet ; tournamentid is 22 ; tournamentregionid is 74. </s> name is Álvaro González ; tournamentid is 22 ; tournamentregionid is 74.	uniform_false
Hiroki Sakai has different region as Raphinha </s> name is Hiroki Sakai ; tournamentregioncode is fr ; teamregionname is France. </s> name is Raphinha ; tournamentregioncode is fr ; teamregionname is France.	uniform_false
Stefan Bell has different card as Cédric Brunner </s> name is Stefan Bell ; yellowcard is 5.0 ; redcard is 0.0. </s> name is Cédric Brunner ; yellowcard is 5.0 ; redcard is 0.0.	uniform_false
Allan has different team as João Virgínia </s> name is Allan ; teamid is 31 ; teamregionname is England. </s> name is João Virgínia ; teamid is 31 ; teamregionname is England.	uniform_false
Rober Correa has different region as Juan Miranda </s> name is Rober Correa ; tournamentregionname is Spain ; regioncode is es. </s> name is Juan Miranda ; tournamentregionname is Spain ; regioncode is es.	uniform_false
Florian Wirtz has different season as Joel Pohjanpalo </s> name is Florian Wirtz ; seasonid is 8279 ; seasonname is 2020/2021. </s> name is Joel Pohjanpalo ; seasonid is 8279 ; seasonname is 2020/2021.	uniform_false
Andrej Kramaric has lower measurement than Jéremy Doku </s> name is Andrej Kramaric ; age is 29 ; rating is 7.126400000000002. </s> name is Jéremy Doku ; age is 18 ; rating is 7.059259259259259.	uniform_false
Ola Aina has higher measurement than Ozan Kabak </s> name is Ola Aina ; weight is 82 ; rating is 6.647. </s> name is Ozan Kabak ; weight is 86 ; rating is 6.715555555555557.	uniform_false
Che Adams has different tournament as Jarrod Bowen </s> name is Che Adams ; tournamentregioncode is gb-eng ; tournamentregionname is England. </s> name is Jarrod Bowen ; tournamentregioncode is gb-eng ; tournamentregionname is England.	uniform_false
André Silva has different tournament as Diadie Samassékou </s> name is André Silva ; tournamentid is 3 ; tournamentregionname is Germany. </s> name is Diadie Samassékou ; tournamentid is 3 ; tournamentregionname is Germany.	uniform_false
Yves Bissouma has lower card than Nadiem Amiri </s> name is Yves Bissouma ; yellowcard is 6.0 ; redcard is 1.0. </s> name is Nadiem Amiri ; yellowcard is 4.0 ; redcard is 0.0.	uniform_false
Giorgio Chiellini has different playedposition as Diego Carlos </s> name is Giorgio Chiellini ; playedpositions is -DC- ; playedpositionsshort is D(C). </s> name is Diego Carlos ; playedpositions is -DC- ; playedpositionsshort is D(C).	uniform_false
Gerard Piqué has lower game than Matt Targett </s> name is Gerard Piqué ; shotspergame is 0.375 ; aerialwonpergame is 3.25. </s> name is Matt Targett ; shotspergame is 0.15151515151515152 ; aerialwonpergame is 2.0.	uniform_false
Ismaël Bennacer has different measurement as Federico Chiesa </s> name is Ismaël Bennacer ; height is 175 ; weight is 70. </s> name is Federico Chiesa ; height is 175 ; weight is 70.	uniform_false
Hatem Ben Arfa has different region as Steven Nzonzi </s> name is Hatem Ben Arfa ; regioncode is fr ; teamregionname is France. </s> name is Steven Nzonzi ; regioncode is fr ; teamregionname is France.	uniform_false
Morgan Sanson has different tournament as Adil Aouchiche </s> name is Morgan Sanson ; tournamentregioncode is fr ; tournamentregionname is France. </s> name is Adil Aouchiche ; tournamentregioncode is fr ; tournamentregionname is France.	uniform_false
Romain Faivre has different tournament as Jonathan Clauss </s> name is Romain Faivre ; tournamentregionname is France ; tournamentname is Ligue 1. </s> name is Jonathan Clauss ; tournamentregionname is France ; tournamentname is Ligue 1.	uniform_false
Charlie Taylor has different region as Leandro Trossard </s> name is Charlie Taylor ; tournamentregionname is England ; teamregionname is England. </s> name is Leandro Trossard ; tournamentregionname is England ; teamregionname is England.	uniform_false
Roberto Pereyra has different tournament as Tolgay Arslan </s> name is Roberto Pereyra ; tournamentid is 5 ; tournamentname is Serie A. </s> name is Tolgay Arslan ; tournamentid is 5 ; tournamentname is Serie A.	uniform_false
Raphinha has different tournament as Romain Philippoteaux </s> name is Raphinha ; tournamentid is 22 ; tournamentregionid is 74. </s> name is Romain Philippoteaux ; tournamentid is 22 ; tournamentregionid is 74.	uniform_false
Kevin De Bruyne has different tournament as Tyrick Mitchell </s> name is Kevin De Bruyne ; tournamentname is Premier League ; tournamentshortname is EPL. </s> name is Tyrick Mitchell ; tournamentname is Premier League ; tournamentshortname is EPL.	uniform_false
Pierre-Emile Højbjerg has different measurement as Renato Tapia </s> name is Pierre-Emile Højbjerg ; age is 25 ; height is 185. </s> name is Renato Tapia ; age is 25 ; height is 185.	uniform_false
Jonathan Bamba has different team as Yusuf Yazici </s> name is Jonathan Bamba ; teamid is 607 ; teamname is Lille. </s> name is Yusuf Yazici ; teamid is 607 ; teamname is Lille.	uniform_false
Lautaro Martínez has higher measurement than Pierre-Emile Højbjerg </s> name is Lautaro Martínez ; height is 174 ; weight is 72. </s> name is Pierre-Emile Højbjerg ; height is 185 ; weight is 84.	uniform_false
Matthieu Udol has different region as Kenny Lala </s> name is Matthieu Udol ; tournamentregionid is 74 ; regioncode is fr. </s> name is Kenny Lala ; tournamentregionid is 74 ; regioncode is fr.	uniform_false
Thomas Foket has different match as Bartosz Bereszynski </s> name is Thomas Foket ; manofthematch is 0 ; ismanofthematch is False. </s> name is Bartosz Bereszynski ; manofthematch is 0 ; ismanofthematch is False.	uniform_false
Harry Maguire has lower measurement than Bryan Gil </s> name is Harry Maguire ; age is 28 ; weight is 100. </s> name is Bryan Gil ; age is 20 ; weight is 60.	uniform_false
Mattia Perin has different tournament as Matteo Politano </s> name is Mattia Perin ; tournamentregionname is Italy ; tournamentname is Serie A. </s> name is Matteo Politano ; tournamentregionname is Italy ; tournamentname is Serie A.	uniform_false
Ronaël Pierre-Gabriel has different region as Amine Gouiri </s> name is Ronaël Pierre-Gabriel ; tournamentregionid is 74 ; regioncode is fr. </s> name is Amine Gouiri ; tournamentregionid is 74 ; regioncode is fr.	uniform_false
Jamie Vardy has different team as Timothy Castagne </s> name is Jamie Vardy ; teamname is Leicester ; teamregionname is England. </s> name is Timothy Castagne ; teamname is Leicester ; teamregionname is England.	uniform_false
Andrea Belotti has different tournament as Joaquín Correa </s> name is Andrea Belotti ; tournamentname is Serie A ; tournamentshortname is ISA. </s> name is Joaquín Correa ; tournamentname is Serie A ; tournamentshortname is ISA.	uniform_false
Florian Sotoca has different match as Stefan Savic </s> name is Florian Sotoca ; manofthematch is 2 ; ismanofthematch is False. </s> name is Stefan Savic ; manofthematch is 2 ; ismanofthematch is False.	uniform_false
Djibril Sow has different team as Erik Durm </s> name is Djibril Sow ; teamid is 45 ; teamregionname is Germany. </s> name is Erik Durm ; teamid is 45 ; teamregionname is Germany.	uniform_false
Ricardo Pereira has different tournament as Ben Chilwell </s> name is Ricardo Pereira ; tournamentname is Premier League ; tournamentshortname is EPL. </s> name is Ben Chilwell ; tournamentname is Premier League ; tournamentshortname is EPL.	uniform_false
Samuel Kalu has different tournament as Martin Terrier </s> name is Samuel Kalu ; tournamentname is Ligue 1 ; tournamentshortname is FL1. </s> name is Martin Terrier ; tournamentname is Ligue 1 ; tournamentshortname is FL1.	uniform_false
Tom Cairney has different measurement as Joel Pohjanpalo </s> name is Tom Cairney ; height is 186 ; weight is 84. </s> name is Joel Pohjanpalo ; height is 186 ; weight is 84.	uniform_false
Marco Verratti has different season as Tinotenda Kadewere </s> name is Marco Verratti ; seasonid is 8185 ; seasonname is 2020/2021. </s> name is Tinotenda Kadewere ; seasonid is 8185 ; seasonname is 2020/2021.	uniform_false
Matteo Politano has higher measurement than Domenico Criscito </s> name is Matteo Politano ; age is 27 ; height is 171. </s> name is Domenico Criscito ; age is 34 ; height is 183.	uniform_false
Julian Chabot has different tournament as Giorgio Chiellini </s> name is Julian Chabot ; tournamentid is 5 ; tournamentshortname is ISA. </s> name is Giorgio Chiellini ; tournamentid is 5 ; tournamentshortname is ISA.	uniform_false
Jordan Amavi has higher measurement than Thomas Mangani </s> name is Jordan Amavi ; age is 27 ; height is 176. </s> name is Thomas Mangani ; age is 34 ; height is 183.	uniform_false
Giulian Biancone has higher measurement than Benoit Badiashile </s> name is Giulian Biancone ; height is 187 ; weight is 0. </s> name is Benoit Badiashile ; height is 194 ; weight is 75.	uniform_false
