Adam has more than 11 apps </s> firstname is Adam ; apps is 32 ; lastname is Marusic. </s> firstname is Adam ; apps is 11 ; lastname is Ounas.	uniform_true
Rodríguez Ledesma has t isopta </s> lastname is Rodríguez Ledesma ; isopta is True ; firstname is Pedro. </s> lastname is Rodríguez Ledesma ; isopta is True ; firstname is Pedro.	uniform_true
Djibril has 10454 playerid </s> firstname is Djibril ; playerid is 10454 ; lastname is Sidibé. </s> firstname is Djibril ; playerid is 10454 ; lastname is Sidibé.	uniform_true
Thomas has more than 74.94145199063233 passsuccess </s> firstname is Thomas ; passsuccess is 81.11111111111111 ; lastname is Meunier. </s> firstname is Thomas ; passsuccess is 74.94145199063233 ; lastname is Müller.	uniform_true
Simon has Simon Kjaer name </s> firstname is Simon ; name is Simon Kjaer ; lastname is Kjaer. </s> firstname is Simon ; name is Simon Kjaer ; lastname is Kjaer.	uniform_true
Gómez has less than 186 height </s> lastname is Gómez ; height is 185 ; firstname is Sergi. </s> lastname is Gómez ; height is 186 ; firstname is Maximiliano.	uniform_true
Suárez has more than 0 goal </s> lastname is Suárez ; goal is 19 ; firstname is Luis. </s> lastname is Suárez ; goal is 0 ; firstname is Denis.	uniform_true
Christian has Eriksen lastname </s> firstname is Christian ; lastname is Eriksen ; lastname is Eriksen. </s> firstname is Christian ; lastname is Eriksen ; lastname is Eriksen.	uniform_true
Draxler has France tournamentregionname </s> lastname is Draxler ; tournamentregionname is France ; firstname is Julian. </s> lastname is Draxler ; tournamentregionname is France ; firstname is Julian.	uniform_true
Draxler has 0.18181818181818182 aerialwonpergame </s> lastname is Draxler ; aerialwonpergame is 0.18181818181818182 ; firstname is Julian. </s> lastname is Draxler ; aerialwonpergame is 0.18181818181818182 ; firstname is Julian.	uniform_true
Holding has t isopta </s> lastname is Holding ; isopta is True ; firstname is Rob. </s> lastname is Holding ; isopta is True ; firstname is Rob.	uniform_true
Ermin has 81 tournamentregionid </s> firstname is Ermin ; tournamentregionid is 81 ; lastname is Bicakcic. </s> firstname is Ermin ; tournamentregionid is 81 ; lastname is Bicakcic.	uniform_true
Laporte has less than 2 subon </s> lastname is Laporte ; subon is 0 ; firstname is Julien. </s> lastname is Laporte ; subon is 2 ; firstname is Aymeric.	uniform_true
Boga has t isactive </s> lastname is Boga ; isactive is True ; firstname is Jeremie. </s> lastname is Boga ; isactive is True ; firstname is Jeremie.	uniform_true
Julian has Germany tournamentregionname </s> firstname is Julian ; tournamentregionname is Germany ; lastname is Baumgartlinger. </s> firstname is Julian ; tournamentregionname is Germany ; lastname is Baumgartlinger.	uniform_true
Filip has Filip Kostic name </s> firstname is Filip ; name is Filip Kostic ; lastname is Kostic. </s> firstname is Filip ; name is Filip Kostic ; lastname is Kostic.	uniform_true
Joël has 211 teamid </s> firstname is Joël ; teamid is 211 ; lastname is Veltman. </s> firstname is Joël ; teamid is 211 ; lastname is Veltman.	uniform_true
Centonze has 79.02559867877787 passsuccess </s> lastname is Centonze ; passsuccess is 79.02559867877787 ; firstname is Fabien. </s> lastname is Centonze ; passsuccess is 79.02559867877787 ; firstname is Fabien.	uniform_true
Lucas has more than 0 assisttotal </s> firstname is Lucas ; assisttotal is 2 ; lastname is Olaza. </s> firstname is Lucas ; assisttotal is 0 ; lastname is Tousart.	uniform_true
García has less than 5 goal </s> lastname is García ; goal is 1 ; firstname is David. </s> lastname is García ; goal is 5 ; firstname is Raúl.	uniform_true
Hofmann has M(CLR) playedpositionsshort </s> lastname is Hofmann ; playedpositionsshort is M(CLR) ; firstname is Jonas. </s> lastname is Hofmann ; playedpositionsshort is M(CLR) ; firstname is Jonas.	uniform_true
James has less than 0.2727272727272727 aerialwonpergame </s> firstname is James ; aerialwonpergame is 0.07407407407407407 ; lastname is Maddison. </s> firstname is James ; aerialwonpergame is 0.2727272727272727 ; lastname is Rodríguez.	uniform_true
Zouma has f ismanofthematch </s> lastname is Zouma ; ismanofthematch is False ; firstname is Kurt. </s> lastname is Zouma ; ismanofthematch is False ; firstname is Kurt.	uniform_true
Maripán has 507 ranking </s> lastname is Maripán ; ranking is 507 ; firstname is Guillermo. </s> lastname is Maripán ; ranking is 507 ; firstname is Guillermo.	uniform_true
García has less than 3 subon </s> lastname is García ; subon is 0 ; firstname is David. </s> lastname is García ; subon is 3 ; firstname is Rubén.	uniform_true
Álvarez has Yeray firstname </s> lastname is Álvarez ; firstname is Yeray ; firstname is Yeray. </s> lastname is Álvarez ; firstname is Yeray ; firstname is Yeray.	uniform_true
Foket has FL1 tournamentshortname </s> lastname is Foket ; tournamentshortname is FL1 ; firstname is Thomas. </s> lastname is Foket ; tournamentshortname is FL1 ; firstname is Thomas.	uniform_true
Tinotenda has France teamregionname </s> firstname is Tinotenda ; teamregionname is France ; lastname is Kadewere. </s> firstname is Tinotenda ; teamregionname is France ; lastname is Kadewere.	uniform_true
Sarr has more than 1 yellowcard </s> lastname is Sarr ; yellowcard is 4.0 ; firstname is Pape. </s> lastname is Sarr ; yellowcard is 1.0 ; firstname is Bouna.	uniform_true
Martínez has -FW- playedpositions </s> lastname is Martínez ; playedpositions is -FW- ; firstname is Lautaro. </s> lastname is Martínez ; playedpositions is -FW- ; firstname is Lautaro.	uniform_true
Diallo has less than 25 age </s> lastname is Diallo ; age is 22 ; firstname is Ibrahima. </s> lastname is Diallo ; age is 25 ; firstname is Habib.	uniform_true
Simone has it regioncode </s> firstname is Simone ; regioncode is it ; lastname is Bastoni. </s> firstname is Simone ; regioncode is it ; lastname is Edera.	uniform_true
García has -DC-DL-ML- playedpositions </s> lastname is García ; playedpositions is -DC-DL-ML- ; firstname is Raúl. </s> lastname is García ; playedpositions is -DC-DL-ML- ; firstname is Raúl.	uniform_true
Wissa has -AML- playedpositions </s> lastname is Wissa ; playedpositions is -AML- ; firstname is Yoane. </s> lastname is Wissa ; playedpositions is -AML- ; firstname is Yoane.	uniform_true
Hernández has more than 1 manofthematch </s> lastname is Hernández ; manofthematch is 2 ; firstname is Theo. </s> lastname is Hernández ; manofthematch is 1 ; firstname is Aridane.	uniform_true
Wood has 0 redcard </s> lastname is Wood ; redcard is 0.0 ; firstname is Chris. </s> lastname is Wood ; redcard is 0.0 ; firstname is Chris.	uniform_true
Dias Belloli has less than 72.39583333333334 passsuccess </s> lastname is Dias Belloli ; passsuccess is 68.90756302521008 ; firstname is Raphael. </s> lastname is Dias Belloli ; passsuccess is 72.39583333333334 ; firstname is Raphael.	uniform_true
Fofana has more than 20 age </s> lastname is Fofana ; age is 22 ; firstname is Youssouf. </s> lastname is Fofana ; age is 20 ; firstname is Wesley.	uniform_true
González has more than 0 subon </s> lastname is González ; subon is 9 ; firstname is Pedro. </s> lastname is González ; subon is 0 ; firstname is Álvaro.	uniform_true
Wood has t isactive </s> lastname is Wood ; isactive is True ; firstname is Chris. </s> lastname is Wood ; isactive is True ; firstname is Chris.	uniform_true
Pérez has less than 76.42679900744417 passsuccess </s> lastname is Pérez ; passsuccess is 20.0 ; firstname is Juan. </s> lastname is Pérez ; passsuccess is 76.42679900744417 ; firstname is Ayoze.	uniform_true
Federico has less than 9 subon </s> firstname is Federico ; subon is 4 ; lastname is Dimarco. </s> firstname is Federico ; subon is 9 ; lastname is Valverde.	uniform_true
Pervan has GB tournamentshortname </s> lastname is Pervan ; tournamentshortname is GB ; firstname is Pavao. </s> lastname is Pervan ; tournamentshortname is GB ; firstname is Pavao.	uniform_true
Herrera has more than 0 shotspergame </s> lastname is Herrera ; shotspergame is 0.6071428571428571 ; firstname is Ander. </s> lastname is Herrera ; shotspergame is 0.0 ; firstname is Sergio.	uniform_true
Alejandro has less than t isactive </s> firstname is Alejandro ; isactive is False ; lastname is Gómez. </s> firstname is Alejandro ; isactive is True ; lastname is Berenguer Remiro.	uniform_true
Sánchez has less than t isactive </s> lastname is Sánchez ; isactive is False ; firstname is Manuel. </s> lastname is Sánchez ; isactive is True ; firstname is Alexis.	uniform_true
Thomas has more than 6.636500000000001 rating </s> firstname is Thomas ; rating is 6.72 ; lastname is Foket. </s> firstname is Thomas ; rating is 6.636500000000001 ; lastname is Meunier.	uniform_true
Ashley has 0.47058823529411764 shotspergame </s> firstname is Ashley ; shotspergame is 0.47058823529411764 ; lastname is Westwood. </s> firstname is Ashley ; shotspergame is 0.47058823529411764 ; lastname is Westwood.	uniform_true
Federico has Valverde lastname </s> firstname is Federico ; lastname is Valverde ; lastname is Valverde. </s> firstname is Federico ; lastname is Valverde ; lastname is Valverde.	uniform_true
Traoré has less than 2 assisttotal </s> lastname is Traoré ; assisttotal is 1 ; firstname is Hamari. </s> lastname is Traoré ; assisttotal is 2 ; firstname is Adama.	uniform_true
Diallo has less than 1.5862068965517242 shotspergame </s> lastname is Diallo ; shotspergame is 0.2 ; firstname is Abdou. </s> lastname is Diallo ; shotspergame is 1.5862068965517242 ; firstname is Habib.	uniform_true
Stefan has less than 31 apps </s> firstname is Stefan ; apps is 30 ; lastname is Lainer. </s> firstname is Stefan ; apps is 31 ; lastname is de Vrij.	uniform_true
Gerard has Spain tournamentregionname </s> firstname is Gerard ; tournamentregionname is Spain ; lastname is Moreno. </s> firstname is Gerard ; tournamentregionname is Spain ; lastname is Moreno.	uniform_true
Pembele has 2 subon </s> lastname is Pembele ; subon is 2 ; firstname is Timothee. </s> lastname is Pembele ; subon is 2 ; firstname is Timothee.	uniform_true
Wass has 55 teamid </s> lastname is Wass ; teamid is 55 ; firstname is Daniel. </s> lastname is Wass ; teamid is 55 ; firstname is Daniel.	uniform_true
Nicolas has more than 2 assisttotal </s> firstname is Nicolas ; assisttotal is 3 ; lastname is Viola. </s> firstname is Nicolas ; assisttotal is 2 ; lastname is Höfler.	uniform_true
Lamptey has 891 minsplayed </s> lastname is Lamptey ; minsplayed is 891 ; firstname is Tariq. </s> lastname is Lamptey ; minsplayed is 891 ; firstname is Tariq.	uniform_true
Guimarães Rodriguez Moura has 8185 seasonid </s> lastname is Guimarães Rodriguez Moura ; seasonid is 8185 ; firstname is Bruno. </s> lastname is Guimarães Rodriguez Moura ; seasonid is 8185 ; firstname is Bruno.	uniform_true
Georgios has Serie A tournamentname </s> firstname is Georgios ; tournamentname is Serie A ; lastname is Kyriakopoulos. </s> firstname is Georgios ; tournamentname is Serie A ; lastname is Kyriakopoulos.	uniform_true
Kevin has less than 7.557083333333334 rating </s> firstname is Kevin ; rating is 7.124374999999999 ; lastname is Volland. </s> firstname is Kevin ; rating is 7.557083333333334 ; lastname is De Bruyne.	uniform_true
Rodríguez has more than 75 weight </s> lastname is Rodríguez ; weight is 78 ; firstname is Guido. </s> lastname is Rodríguez ; weight is 75 ; firstname is James.	uniform_true
Christopher has Bundesliga tournamentname </s> firstname is Christopher ; tournamentname is Bundesliga ; lastname is Lenz. </s> firstname is Christopher ; tournamentname is Bundesliga ; lastname is Lenz.	uniform_true
Lowton has 30 apps </s> lastname is Lowton ; apps is 30 ; firstname is Matthew. </s> lastname is Lowton ; apps is 30 ; firstname is Matthew.	uniform_true
Raúl has Raúl firstname </s> firstname is Raúl ; firstname is Raúl ; lastname is García. </s> firstname is Raúl ; firstname is Raúl ; lastname is García.	uniform_true
Giovanni has less than 8 subon </s> firstname is Giovanni ; subon is 0 ; lastname is Di Lorenzo. </s> firstname is Giovanni ; subon is 8 ; lastname is Reyna.	uniform_true
Luis has Spain teamregionname </s> firstname is Luis ; teamregionname is Spain ; lastname is Milla. </s> firstname is Luis ; teamregionname is Spain ; lastname is Suárez.	uniform_true
Ivan has it tournamentregioncode </s> firstname is Ivan ; tournamentregioncode is it ; lastname is Ilic. </s> firstname is Ivan ; tournamentregioncode is it ; lastname is Perisic.	uniform_true
Gómez has less than 1 assisttotal </s> lastname is Gómez ; assisttotal is 0 ; firstname is Sergi. </s> lastname is Gómez ; assisttotal is 1 ; firstname is Alejandro.	uniform_true
Conor has t isopta </s> firstname is Conor ; isopta is True ; lastname is Hourihane. </s> firstname is Conor ; isopta is True ; lastname is Hourihane.	uniform_true
González has less than 5 subon </s> lastname is González ; subon is 0 ; firstname is Álvaro. </s> lastname is González ; subon is 5 ; firstname is Nicolás.	uniform_true
Hernández has less than 83.76487053883834 passsuccess </s> lastname is Hernández ; passsuccess is 77.92792792792793 ; firstname is Aridane. </s> lastname is Hernández ; passsuccess is 83.76487053883834 ; firstname is Theo.	uniform_true
Mattia has more than 63 weight </s> firstname is Mattia ; weight is 80 ; lastname is Bani. </s> firstname is Mattia ; weight is 63 ; lastname is Zaccagni.	uniform_true
Sergio has 4 tournamentid </s> firstname is Sergio ; tournamentid is 4 ; lastname is Herrera. </s> firstname is Sergio ; tournamentid is 4 ; lastname is Herrera.	uniform_true
da Costa has Bundesliga tournamentname </s> lastname is da Costa ; tournamentname is Bundesliga ; firstname is Danny. </s> lastname is da Costa ; tournamentname is Bundesliga ; firstname is Danny.	uniform_true
Jorge Luiz has Premier League tournamentname </s> firstname is Jorge Luiz ; tournamentname is Premier League ; lastname is Frello Filho. </s> firstname is Jorge Luiz ; tournamentname is Premier League ; lastname is Frello Filho.	uniform_true
Darnell has 8228 seasonid </s> firstname is Darnell ; seasonid is 8228 ; lastname is Furlong. </s> firstname is Darnell ; seasonid is 8228 ; lastname is Furlong.	uniform_true
Bastoni has it tournamentregioncode </s> lastname is Bastoni ; tournamentregioncode is it ; firstname is Simone. </s> lastname is Bastoni ; tournamentregioncode is it ; firstname is Alessandro.	uniform_true
Shelvey has 0 manofthematch </s> lastname is Shelvey ; manofthematch is 0 ; firstname is Jonjo. </s> lastname is Shelvey ; manofthematch is 0 ; firstname is Jonjo.	uniform_true
Kimmich has D(CR),DMC playedpositionsshort </s> lastname is Kimmich ; playedpositionsshort is D(CR),DMC ; firstname is Joshua. </s> lastname is Kimmich ; playedpositionsshort is D(CR),DMC ; firstname is Joshua.	uniform_true
Leandro has more than 1295 minsplayed </s> firstname is Leandro ; minsplayed is 2103 ; lastname is Barreiro Martins. </s> firstname is Leandro ; minsplayed is 1295 ; lastname is Paredes.	uniform_true
Sergio has 4 tournamentid </s> firstname is Sergio ; tournamentid is 4 ; lastname is Canales. </s> firstname is Sergio ; tournamentid is 4 ; lastname is Ramos.	uniform_true
González has less than 1 manofthematch </s> lastname is González ; manofthematch is 0 ; firstname is Álvaro. </s> lastname is González ; manofthematch is 1 ; firstname is Nicolás.	uniform_true
Fabián has 1 yellowcard </s> firstname is Fabián ; yellowcard is 1.0 ; lastname is Ruiz. </s> firstname is Fabián ; yellowcard is 1.0 ; lastname is Ruiz.	uniform_true
Christian has less than 35 age </s> firstname is Christian ; age is 29 ; lastname is Eriksen. </s> firstname is Christian ; age is 35 ; lastname is Fuchs.	uniform_true
David has less than 8 subon </s> firstname is David ; subon is 2 ; lastname is Alaba. </s> firstname is David ; subon is 8 ; lastname is Ferreiro.	uniform_true
Brassier has France teamregionname </s> lastname is Brassier ; teamregionname is France ; firstname is Lilian. </s> lastname is Brassier ; teamregionname is France ; firstname is Lilian.	uniform_true
Nicolás has 6 goal </s> firstname is Nicolás ; goal is 6 ; lastname is González. </s> firstname is Nicolás ; goal is 6 ; lastname is González.	uniform_true
Alderweireld has 0 manofthematch </s> lastname is Alderweireld ; manofthematch is 0 ; firstname is Toby. </s> lastname is Alderweireld ; manofthematch is 0 ; firstname is Toby.	uniform_true
Rodrigues de Oliveira has 0.4444444444444444 shotspergame </s> lastname is Rodrigues de Oliveira ; shotspergame is 0.4444444444444444 ; firstname is Paulo André. </s> lastname is Rodrigues de Oliveira ; shotspergame is 0.4444444444444444 ; firstname is Paulo André.	uniform_true
Lucas has 92508 playerid </s> firstname is Lucas ; playerid is 92508 ; lastname is Rodrigues Moura da Silva. </s> firstname is Lucas ; playerid is 92508 ; lastname is Rodrigues Moura da Silva.	uniform_true
Witsel has Bundesliga tournamentname </s> lastname is Witsel ; tournamentname is Bundesliga ; firstname is Axel. </s> lastname is Witsel ; tournamentname is Bundesliga ; firstname is Axel.	uniform_true
Martín-Bejarano Serrano has 0 manofthematch </s> lastname is Martín-Bejarano Serrano ; manofthematch is 0 ; firstname is José María. </s> lastname is Martín-Bejarano Serrano ; manofthematch is 0 ; firstname is José María.	uniform_true
Lucas has less than 1 redcard </s> firstname is Lucas ; redcard is 0.0 ; lastname is Vázquez. </s> firstname is Lucas ; redcard is 1.0 ; lastname is Digne.	uniform_true
Doherty has 769 ranking </s> lastname is Doherty ; ranking is 769 ; firstname is Matt. </s> lastname is Doherty ; ranking is 769 ; firstname is Matt.	uniform_true
Partey has less than 2 assisttotal </s> lastname is Partey ; assisttotal is 0 ; firstname is Thomas. </s> lastname is Partey ; assisttotal is 2 ; firstname is Thomas.	uniform_true
Emerson Aparecido has br regioncode </s> firstname is Emerson Aparecido ; regioncode is br ; lastname is Leite de Souza Junior. </s> firstname is Emerson Aparecido ; regioncode is br ; lastname is Leite de Souza Junior.	uniform_true
Christopher has Midfielder positiontext </s> firstname is Christopher ; positiontext is Midfielder ; lastname is Nkunku. </s> firstname is Christopher ; positiontext is Midfielder ; lastname is Nkunku.	uniform_true
Haidara has less than 82.30616302186878 passsuccess </s> lastname is Haidara ; passsuccess is 80.19271948608136 ; firstname is Amadou. </s> lastname is Haidara ; passsuccess is 82.30616302186878 ; firstname is Massadio.	uniform_true
Ounas has 24 age </s> lastname is Ounas ; age is 24 ; firstname is Adam. </s> lastname is Ounas ; age is 24 ; firstname is Adam.	uniform_true
David has more than 173 height </s> firstname is David ; height is 183 ; lastname is Ospina. </s> firstname is David ; height is 173 ; lastname is Silva.	uniform_true
