Jack Harrison has lower measurement than Gareth Bale </s> name is Jack Harrison ; age is 24 ; weight is 70. </s> name is Gareth Bale ; age is 31 ; weight is 81.	uniform_true
Alexandre Oukidja has higher measurement than Alessandro Bastoni </s> name is Alexandre Oukidja ; age is 32 ; weight is 79. </s> name is Alessandro Bastoni ; age is 22 ; weight is 75.	uniform_true
Djené Dakonam has higher card than Ignatius Ganago </s> name is Djené Dakonam ; yellowcard is 6.0 ; redcard is 2.0. </s> name is Ignatius Ganago ; yellowcard is 0.0 ; redcard is 0.0.	uniform_true
Aritz Elustondo has lower measurement than Alex Sandro </s> name is Aritz Elustondo ; weight is 71 ; rating is 6.679473684210526. </s> name is Alex Sandro ; weight is 80 ; rating is 7.029545454545455.	uniform_true
Ante Budimir has the same position as Alexander Isak </s> name is Ante Budimir ; playedpositions is -FW- ; positiontext is Forward. </s> name is Alexander Isak ; playedpositions is -FW- ; positiontext is Forward.	uniform_true
Steven Nzonzi has higher measurement than Memphis Depay </s> name is Steven Nzonzi ; age is 32 ; height is 196. </s> name is Memphis Depay ; age is 27 ; height is 176.	uniform_true
Kyle Walker has lower measurement than Ben Mee </s> name is Kyle Walker ; age is 30 ; weight is 70. </s> name is Ben Mee ; age is 31 ; weight is 74.	uniform_true
Adrien Tameze has the same match as Vincent Pajot </s> name is Adrien Tameze ; manofthematch is 1 ; ismanofthematch is False. </s> name is Vincent Pajot ; manofthematch is 1 ; ismanofthematch is False.	uniform_true
Joël Veltman has the same tournament as Jack Harrison </s> name is Joël Veltman ; tournamentregioncode is gb-eng ; tournamentshortname is EPL. </s> name is Jack Harrison ; tournamentregioncode is gb-eng ; tournamentshortname is EPL.	uniform_true
Victor Chust has the same tournament as Saúl Ñíguez </s> name is Victor Chust ; tournamentregioncode is es ; tournamentshortname is SLL. </s> name is Saúl Ñíguez ; tournamentregioncode is es ; tournamentshortname is SLL.	uniform_true
Pablo Maffeo has the same position as Stefan Lainer </s> name is Pablo Maffeo ; playedpositions is -DR-MR- ; positiontext is Defender. </s> name is Stefan Lainer ; playedpositions is -DR-MR- ; positiontext is Defender.	uniform_true
Daniele Rugani has the same playedposition as Mattia Bani </s> name is Daniele Rugani ; playedpositions is -DC- ; playedpositionsshort is D(C). </s> name is Mattia Bani ; playedpositions is -DC- ; playedpositionsshort is D(C).	uniform_true
Rubén Sobrino has the same tournament as Álex Moreno </s> name is Rubén Sobrino ; tournamentregionname is Spain ; tournamentname is LaLiga. </s> name is Álex Moreno ; tournamentregionname is Spain ; tournamentname is LaLiga.	uniform_true
Conor Gallagher has lower measurement than Gonzalo Verdú </s> name is Conor Gallagher ; age is 21 ; weight is 0. </s> name is Gonzalo Verdú ; age is 32 ; weight is 80.	uniform_true
Sergi Gómez has the same region as Javier Ontiveros </s> name is Sergi Gómez ; regioncode is es ; teamregionname is Spain. </s> name is Javier Ontiveros ; regioncode is es ; teamregionname is Spain.	uniform_true
Tobias Sippel has lower measurement than Raúl García </s> name is Tobias Sippel ; age is 33 ; height is 183. </s> name is Raúl García ; age is 34 ; height is 184.	uniform_true
Caoimhin Kelleher has the same game as Fikayo Tomori </s> name is Caoimhin Kelleher ; shotspergame is 0.0 ; aerialwonpergame is 0.0. </s> name is Fikayo Tomori ; shotspergame is 0.0 ; aerialwonpergame is 0.0.	uniform_true
Issa Diop has the same playedposition as Harold Moukoudi </s> name is Issa Diop ; playedpositions is -DC- ; playedpositionsshort is D(C). </s> name is Harold Moukoudi ; playedpositions is -DC- ; playedpositionsshort is D(C).	uniform_true
Sasa Kalajdzic has lower card than Juan Cuadrado </s> name is Sasa Kalajdzic ; yellowcard is 1.0 ; redcard is 0.0. </s> name is Juan Cuadrado ; yellowcard is 8.0 ; redcard is 1.0.	uniform_true
Kelechi Iheanacho has the same tournament as Marcus Rashford </s> name is Kelechi Iheanacho ; tournamentid is 2 ; tournamentshortname is EPL. </s> name is Marcus Rashford ; tournamentid is 2 ; tournamentshortname is EPL.	uniform_true
Robert Sánchez has higher measurement than Sergio Barcia </s> name is Robert Sánchez ; age is 23 ; height is 197. </s> name is Sergio Barcia ; age is 20 ; height is 0.	uniform_true
Ezri Konsa has the same playedposition as Aritz Elustondo </s> name is Ezri Konsa ; playedpositions is -DC-DR- ; playedpositionsshort is D(CR). </s> name is Aritz Elustondo ; playedpositions is -DC-DR- ; playedpositionsshort is D(CR).	uniform_true
Etienne Capoue has the same tournament as Kieran Trippier </s> name is Etienne Capoue ; tournamentid is 4 ; tournamentshortname is SLL. </s> name is Kieran Trippier ; tournamentid is 4 ; tournamentshortname is SLL.	uniform_true
Jonathan Bamba has the same tournament as Thomas Delaine </s> name is Jonathan Bamba ; tournamentregionid is 74 ; tournamentname is Ligue 1. </s> name is Thomas Delaine ; tournamentregionid is 74 ; tournamentname is Ligue 1.	uniform_true
Ruben Vargas has lower measurement than Anwar El Ghazi </s> name is Ruben Vargas ; weight is 67 ; rating is 6.671785714285717. </s> name is Anwar El Ghazi ; weight is 90 ; rating is 6.798695652173912.	uniform_true
Gylfi Sigurdsson has the same tournament as Ezri Konsa </s> name is Gylfi Sigurdsson ; tournamentregionname is England ; tournamentshortname is EPL. </s> name is Ezri Konsa ; tournamentregionname is England ; tournamentshortname is EPL.	uniform_true
Hans Hateboer has the same measurement as Joakim Nilsson </s> name is Hans Hateboer ; age is 27 ; height is 185. </s> name is Joakim Nilsson ; age is 27 ; height is 185.	uniform_true
Sam Johnstone has higher measurement than Antonio Sanabria </s> name is Sam Johnstone ; age is 28 ; height is 193. </s> name is Antonio Sanabria ; age is 25 ; height is 180.	uniform_true
Matthijs de Ligt has the same team as Alex Sandro </s> name is Matthijs de Ligt ; teamname is Juventus ; teamregionname is Italy. </s> name is Alex Sandro ; teamname is Juventus ; teamregionname is Italy.	uniform_true
Amos Pieper has higher measurement than Conor Townsend </s> name is Amos Pieper ; weight is 86 ; rating is 6.908888888888888. </s> name is Conor Townsend ; weight is 62 ; rating is 6.758095238095238.	uniform_true
Javi Galán has the same region as Bryan Gil </s> name is Javi Galán ; regioncode is es ; teamregionname is Spain. </s> name is Bryan Gil ; regioncode is es ; teamregionname is Spain.	uniform_true
Mohamed Simakan has higher measurement than Joakim Nilsson </s> name is Mohamed Simakan ; height is 187 ; weight is 82. </s> name is Joakim Nilsson ; height is 185 ; weight is 78.	uniform_true
Sébastien Corchia has the same region as Mike Maignan </s> name is Sébastien Corchia ; tournamentregionname is France ; regioncode is fr. </s> name is Mike Maignan ; tournamentregionname is France ; regioncode is fr.	uniform_true
Tammy Abraham has higher game than Kalidou Koulibaly </s> name is Tammy Abraham ; shotspergame is 1.4545454545454546 ; aerialwonpergame is 1.7727272727272727. </s> name is Kalidou Koulibaly ; shotspergame is 0.4230769230769231 ; aerialwonpergame is 1.5384615384615385.	uniform_true
Antonio Rüdiger has the same tournament as Joseph Willock </s> name is Antonio Rüdiger ; tournamentregionid is 252 ; tournamentregioncode is gb-eng. </s> name is Joseph Willock ; tournamentregionid is 252 ; tournamentregioncode is gb-eng.	uniform_true
Yvan Neyou has the same season as Romain Faivre </s> name is Yvan Neyou ; seasonid is 8185 ; seasonname is 2020/2021. </s> name is Romain Faivre ; seasonid is 8185 ; seasonname is 2020/2021.	uniform_true
Jeremiah St. Juste has higher measurement than Youssouf Sabaly </s> name is Jeremiah St. Juste ; height is 184 ; weight is 74. </s> name is Youssouf Sabaly ; height is 173 ; weight is 67.	uniform_true
Grischa Prömel has the same measurement as Kevin Mbabu </s> name is Grischa Prömel ; age is 26 ; height is 184. </s> name is Kevin Mbabu ; age is 26 ; height is 184.	uniform_true
Massadio Haidara has higher measurement than Boulaye Dia </s> name is Massadio Haidara ; age is 28 ; rating is 6.966666666666665. </s> name is Boulaye Dia ; age is 24 ; rating is 6.885757575757576.	uniform_true
Axel Disasi has the same position as Florian Lejeune </s> name is Axel Disasi ; positiontext is Defender ; playedpositionsshort is D(C). </s> name is Florian Lejeune ; positiontext is Defender ; playedpositionsshort is D(C).	uniform_true
Graziano Pellè has the same tournament as Stefan de Vrij </s> name is Graziano Pellè ; tournamentid is 5 ; tournamentregionid is 108. </s> name is Stefan de Vrij ; tournamentid is 5 ; tournamentregionid is 108.	uniform_true
João Cancelo has lower game than Jean-Philippe Mateta </s> name is João Cancelo ; shotspergame is 1.24 ; aerialwonpergame is 1.16. </s> name is Jean-Philippe Mateta ; shotspergame is 1.9333333333333333 ; aerialwonpergame is 1.8.	uniform_true
Gylfi Sigurdsson has the same team as Dominic Calvert-Lewin </s> name is Gylfi Sigurdsson ; teamid is 31 ; teamregionname is England. </s> name is Dominic Calvert-Lewin ; teamid is 31 ; teamregionname is England.	uniform_true
Loic Bade has the same tournament as Junior Sambia </s> name is Loic Bade ; tournamentregionname is France ; tournamentname is Ligue 1. </s> name is Junior Sambia ; tournamentregionname is France ; tournamentname is Ligue 1.	uniform_true
Joël Veltman has the same card as Idrissa Gueye </s> name is Joël Veltman ; yellowcard is 3.0 ; redcard is 0.0. </s> name is Idrissa Gueye ; yellowcard is 3.0 ; redcard is 0.0.	uniform_true
Matthew Lowton has the same region as Son Heung-Min </s> name is Matthew Lowton ; tournamentregioncode is gb-eng ; teamregionname is England. </s> name is Son Heung-Min ; tournamentregioncode is gb-eng ; teamregionname is England.	uniform_true
Josip Ilicic has higher measurement than David García </s> name is Josip Ilicic ; age is 33 ; weight is 79. </s> name is David García ; age is 27 ; weight is 72.	uniform_true
Nabil Fekir has the same tournament as Aritz Elustondo </s> name is Nabil Fekir ; tournamentid is 4 ; tournamentregionid is 206. </s> name is Aritz Elustondo ; tournamentid is 4 ; tournamentregionid is 206.	uniform_true
Domenico Criscito has higher measurement than Jeffrey Gouweleeuw </s> name is Domenico Criscito ; age is 34 ; rating is 6.709545454545454. </s> name is Jeffrey Gouweleeuw ; age is 29 ; rating is 6.691379310344829.	uniform_true
Xavier Chavalerin has the same tournament as Romain Hamouma </s> name is Xavier Chavalerin ; tournamentregionid is 74 ; tournamentregionname is France. </s> name is Romain Hamouma ; tournamentregionid is 74 ; tournamentregionname is France.	uniform_true
Robin Knoche has the same tournament as Dedryck Boyata </s> name is Robin Knoche ; tournamentid is 3 ; tournamentname is Bundesliga. </s> name is Dedryck Boyata ; tournamentid is 3 ; tournamentname is Bundesliga.	uniform_true
Paulo Otávio has higher measurement than Yangel Herrera </s> name is Paulo Otávio ; age is 26 ; rating is 6.9315. </s> name is Yangel Herrera ; age is 23 ; rating is 6.815806451612901.	uniform_true
Dominic Calvert-Lewin has the same tournament as Thomas Partey </s> name is Dominic Calvert-Lewin ; tournamentid is 2 ; tournamentname is Premier League. </s> name is Thomas Partey ; tournamentid is 2 ; tournamentname is Premier League.	uniform_true
César Azpilicueta has the same team as Marcos Alonso </s> name is César Azpilicueta ; teamid is 15 ; teamname is Chelsea. </s> name is Marcos Alonso ; teamid is 15 ; teamname is Chelsea.	uniform_true
Ronaël Pierre-Gabriel has the same tournament as Yusuf Yazici </s> name is Ronaël Pierre-Gabriel ; tournamentregioncode is fr ; tournamentshortname is FL1. </s> name is Yusuf Yazici ; tournamentregioncode is fr ; tournamentshortname is FL1.	uniform_true
Marcos Acuña has the same region as Yassine Bounou </s> name is Marcos Acuña ; tournamentregionid is 206 ; teamregionname is Spain. </s> name is Yassine Bounou ; tournamentregionid is 206 ; teamregionname is Spain.	uniform_true
Alessio Cragno has the same region as Simone Edera </s> name is Alessio Cragno ; tournamentregionid is 108 ; regioncode is it. </s> name is Simone Edera ; tournamentregionid is 108 ; regioncode is it.	uniform_true
Dusan Vlahovic has the same region as Sergej Milinkovic-Savic </s> name is Dusan Vlahovic ; regioncode is rs ; teamregionname is Italy. </s> name is Sergej Milinkovic-Savic ; regioncode is rs ; teamregionname is Italy.	uniform_true
Felix Passlack has the same team as Marco Reus </s> name is Felix Passlack ; teamid is 44 ; teamname is Borussia Dortmund. </s> name is Marco Reus ; teamid is 44 ; teamname is Borussia Dortmund.	uniform_true
Jamie Vardy has the same region as Tyrick Mitchell </s> name is Jamie Vardy ; tournamentregionname is England ; regioncode is gb-eng. </s> name is Tyrick Mitchell ; tournamentregionname is England ; regioncode is gb-eng.	uniform_true
Mason Greenwood has the same tournament as Eric Dier </s> name is Mason Greenwood ; tournamentregionid is 252 ; tournamentregionname is England. </s> name is Eric Dier ; tournamentregionid is 252 ; tournamentregionname is England.	uniform_true
Ola Aina has the same season as Allan </s> name is Ola Aina ; seasonid is 8228 ; seasonname is 2020/2021. </s> name is Allan ; seasonid is 8228 ; seasonname is 2020/2021.	uniform_true
Danny da Costa has higher measurement than Federico Valverde </s> name is Danny da Costa ; height is 187 ; weight is 85. </s> name is Federico Valverde ; height is 182 ; weight is 78.	uniform_true
Houssem Aouar has the same match as Daniel Carvajal </s> name is Houssem Aouar ; manofthematch is 0 ; ismanofthematch is False. </s> name is Daniel Carvajal ; manofthematch is 0 ; ismanofthematch is False.	uniform_true
Illan Meslier has the same tournament as Rúben Neves </s> name is Illan Meslier ; tournamentregionname is England ; tournamentname is Premier League. </s> name is Rúben Neves ; tournamentregionname is England ; tournamentname is Premier League.	uniform_true
Gelson Martins has lower measurement than Memphis Depay </s> name is Gelson Martins ; age is 25 ; rating is 6.911500000000001. </s> name is Memphis Depay ; age is 27 ; rating is 7.513714285714288.	uniform_true
David McGoldrick has lower measurement than Ante Budimir </s> name is David McGoldrick ; height is 183 ; weight is 74. </s> name is Ante Budimir ; height is 190 ; weight is 75.	uniform_true
Nehuén Paz has the same region as Zlatan Ibrahimovic </s> name is Nehuén Paz ; tournamentregionid is 108 ; teamregionname is Italy. </s> name is Zlatan Ibrahimovic ; tournamentregionid is 108 ; teamregionname is Italy.	uniform_true
Juan Iglesias has the same region as David García </s> name is Juan Iglesias ; tournamentregionid is 206 ; regioncode is es. </s> name is David García ; tournamentregionid is 206 ; regioncode is es.	uniform_true
Dayot Upamecano has higher measurement than Djibril Sow </s> name is Dayot Upamecano ; weight is 90 ; rating is 6.910769230769231. </s> name is Djibril Sow ; weight is 77 ; rating is 6.841923076923077.	uniform_true
Rolando Mandragora has the same tournament as Arthur </s> name is Rolando Mandragora ; tournamentid is 5 ; tournamentregionname is Italy. </s> name is Arthur ; tournamentid is 5 ; tournamentregionname is Italy.	uniform_true
Hakim Ziyech has the same tournament as Pablo Marí </s> name is Hakim Ziyech ; tournamentid is 2 ; tournamentregionname is England. </s> name is Pablo Marí ; tournamentid is 2 ; tournamentregionname is England.	uniform_true
Joel Matip has the same tournament as Kelechi Iheanacho </s> name is Joel Matip ; tournamentregionname is England ; tournamentshortname is EPL. </s> name is Kelechi Iheanacho ; tournamentregionname is England ; tournamentshortname is EPL.	uniform_true
Fikayo Tomori has the same measurement as Manuel Locatelli </s> name is Fikayo Tomori ; age is 23 ; height is 185. </s> name is Manuel Locatelli ; age is 23 ; height is 185.	uniform_true
Reece James has higher measurement than Diadie Samassékou </s> name is Reece James ; height is 182 ; weight is 82. </s> name is Diadie Samassékou ; height is 177 ; weight is 68.	uniform_true
Chris Basham has the same region as Emile Smith Rowe </s> name is Chris Basham ; tournamentregionid is 252 ; teamregionname is England. </s> name is Emile Smith Rowe ; tournamentregionid is 252 ; teamregionname is England.	uniform_true
Leon Goretzka has the same team as Robert Lewandowski </s> name is Leon Goretzka ; teamid is 37 ; teamname is Bayern. </s> name is Robert Lewandowski ; teamid is 37 ; teamname is Bayern.	uniform_true
Guido Rodríguez has the same tournament as Manu Trigueros </s> name is Guido Rodríguez ; tournamentid is 4 ; tournamentregionname is Spain. </s> name is Manu Trigueros ; tournamentid is 4 ; tournamentregionname is Spain.	uniform_true
Paul Pogba has the same tournament as Oliver McBurnie </s> name is Paul Pogba ; tournamentregionid is 252 ; tournamentname is Premier League. </s> name is Oliver McBurnie ; tournamentregionid is 252 ; tournamentname is Premier League.	uniform_true
Sergej Milinkovic-Savic has the same tournament as Victor Osimhen </s> name is Sergej Milinkovic-Savic ; tournamentregioncode is it ; tournamentregionname is Italy. </s> name is Victor Osimhen ; tournamentregioncode is it ; tournamentregionname is Italy.	uniform_true
Declan Rice has higher measurement than João Félix </s> name is Declan Rice ; weight is 76 ; rating is 7.020689655172412. </s> name is João Félix ; weight is 70 ; rating is 6.784814814814816.	uniform_true
Caoimhin Kelleher has the same match as Fikayo Tomori </s> name is Caoimhin Kelleher ; manofthematch is 0 ; ismanofthematch is False. </s> name is Fikayo Tomori ; manofthematch is 0 ; ismanofthematch is False.	uniform_true
Vincent Pajot has the same season as Hiroki Sakai </s> name is Vincent Pajot ; seasonid is 8185 ; seasonname is 2020/2021. </s> name is Hiroki Sakai ; seasonid is 8185 ; seasonname is 2020/2021.	uniform_true
Hamed Traore has the same tournament as Arkadiusz Reca </s> name is Hamed Traore ; tournamentid is 5 ; tournamentregioncode is it. </s> name is Arkadiusz Reca ; tournamentid is 5 ; tournamentregioncode is it.	uniform_true
Aarón Escandell has the same tournament as Federico Valverde </s> name is Aarón Escandell ; tournamentregionid is 206 ; tournamentregioncode is es. </s> name is Federico Valverde ; tournamentregionid is 206 ; tournamentregioncode is es.	uniform_true
Rayan Aït-Nouri has the same measurement as Dani Ceballos </s> name is Rayan Aït-Nouri ; height is 179 ; weight is 70. </s> name is Dani Ceballos ; height is 179 ; weight is 70.	uniform_true
Jamal Musiala has lower measurement than Christopher Nkunku </s> name is Jamal Musiala ; age is 18 ; rating is 6.739583333333333. </s> name is Christopher Nkunku ; age is 23 ; rating is 7.276538461538461.	uniform_true
Leroy Sané has the same card as Roberto Firmino </s> name is Leroy Sané ; yellowcard is 2.0 ; redcard is 0.0. </s> name is Roberto Firmino ; yellowcard is 2.0 ; redcard is 0.0.	uniform_true
Yvan Neyou has the same region as Dimitry Bertaud </s> name is Yvan Neyou ; tournamentregionname is France ; teamregionname is France. </s> name is Dimitry Bertaud ; tournamentregionname is France ; teamregionname is France.	uniform_true
Hiroki Sakai has higher card than Lukasz Skorupski </s> name is Hiroki Sakai ; yellowcard is 6.0 ; redcard is 1.0. </s> name is Lukasz Skorupski ; yellowcard is 1.0 ; redcard is 0.0.	uniform_true
Anaitz Arbilla has the same tournament as Denis Suárez </s> name is Anaitz Arbilla ; tournamentname is LaLiga ; tournamentshortname is SLL. </s> name is Denis Suárez ; tournamentname is LaLiga ; tournamentshortname is SLL.	uniform_true
Darnell Furlong has the same tournament as Granit Xhaka </s> name is Darnell Furlong ; tournamentregioncode is gb-eng ; tournamentshortname is EPL. </s> name is Granit Xhaka ; tournamentregioncode is gb-eng ; tournamentshortname is EPL.	uniform_true
Alfonso Espino has the same tournament as Rafa Mir </s> name is Alfonso Espino ; tournamentregioncode is es ; tournamentregionname is Spain. </s> name is Rafa Mir ; tournamentregioncode is es ; tournamentregionname is Spain.	uniform_true
Thomas Mangani has the same tournament as Bruno Ecuele Manga </s> name is Thomas Mangani ; tournamentregionid is 74 ; tournamentregionname is France. </s> name is Bruno Ecuele Manga ; tournamentregionid is 74 ; tournamentregionname is France.	uniform_true
Tariq Lamptey has the same region as Alphonse Areola </s> name is Tariq Lamptey ; tournamentregionname is England ; teamregionname is England. </s> name is Alphonse Areola ; tournamentregionname is England ; teamregionname is England.	uniform_true
Yunis Abdelhamid has lower card than Djené Dakonam </s> name is Yunis Abdelhamid ; yellowcard is 4.0 ; redcard is 0.0. </s> name is Djené Dakonam ; yellowcard is 6.0 ; redcard is 2.0.	uniform_true
Giorgio Chiellini has the same measurement as Paul Baysse </s> name is Giorgio Chiellini ; height is 187 ; weight is 85. </s> name is Paul Baysse ; height is 187 ; weight is 85.	uniform_true
Mats Hummels has the same tournament as Lennart Grill </s> name is Mats Hummels ; tournamentid is 3 ; tournamentregioncode is de. </s> name is Lennart Grill ; tournamentid is 3 ; tournamentregioncode is de.	uniform_true
Patrik Schick has the same team as Leon Bailey </s> name is Patrik Schick ; teamname is Leverkusen ; teamregionname is Germany. </s> name is Leon Bailey ; teamname is Leverkusen ; teamregionname is Germany.	uniform_true
Nicolò Barella has the same season as Aaron Ramsey </s> name is Nicolò Barella ; seasonid is 8330 ; seasonname is 2020/2021. </s> name is Aaron Ramsey ; seasonid is 8330 ; seasonname is 2020/2021.	uniform_true
