Fofana has the same tournament as Fofana </s> lastname is Fofana ; firstname is Wesley ; teamname is Saint-Etienne ; tournamentregioncode is fr ; tournamentname is Ligue 1. </s> lastname is Fofana ; firstname is Wesley ; teamname is Saint-Etienne ; tournamentregioncode is fr ; tournamentname is Ligue 1.	uniform_true
Benjamin has lower measurement than Benjamin </s> firstname is Benjamin ; lastname is Mendy ; teamname is Man City ; age is 26 ; rating is 6.658181818181819. </s> firstname is Benjamin ; lastname is Bourigeaud ; teamname is Rennes ; age is 27 ; rating is 6.807058823529411.	uniform_true
Dubois has the same tournament as Dubois </s> lastname is Dubois ; firstname is Léo ; teamname is Lyon ; tournamentid is 22 ; tournamentshortname is FL1. </s> lastname is Dubois ; firstname is Léo ; teamname is Lyon ; tournamentid is 22 ; tournamentshortname is FL1.	uniform_true
Adam has the same measurement as Adam </s> firstname is Adam ; lastname is Webster ; teamname is Brighton ; age is 26 ; height is 191. </s> firstname is Adam ; lastname is Webster ; teamname is Brighton ; age is 26 ; height is 191.	uniform_true
Ángel has higher measurement than Ángel </s> firstname is Ángel ; lastname is Correa ; teamname is Atletico ; age is 26 ; height is 171. </s> firstname is Ángel ; lastname is Jiménez ; teamname is Granada ; age is 18 ; height is 0.	uniform_true
Sarr has the same tournament as Sarr </s> lastname is Sarr ; firstname is Pape ; teamname is Metz ; tournamentregionid is 74 ; tournamentshortname is FL1. </s> lastname is Sarr ; firstname is Pape ; teamname is Metz ; tournamentregionid is 74 ; tournamentshortname is FL1.	uniform_true
Gianluca has the same region as Gianluca </s> firstname is Gianluca ; lastname is Pegolo ; teamname is Sassuolo ; regioncode is it ; teamregionname is Italy. </s> firstname is Gianluca ; lastname is Caprari ; teamname is Benevento ; regioncode is it ; teamregionname is Italy.	uniform_true
Moses has the same measure as Moses </s> firstname is Moses ; lastname is Simon ; teamname is Nantes ; ranking is 913 ; weight is 66. </s> firstname is Moses ; lastname is Simon ; teamname is Nantes ; ranking is 913 ; weight is 66.	uniform_true
Gómez has the same team as Gómez </s> lastname is Gómez ; firstname is Sergi ; teamname is Sevilla ; teamname is Sevilla ; teamregionname is Spain. </s> lastname is Gómez ; firstname is Alejandro ; teamname is Sevilla ; teamname is Sevilla ; teamregionname is Spain.	uniform_true
Wilfried Stephane has the same measurement as Wilfried Stephane </s> firstname is Wilfried Stephane ; lastname is Singo ; teamname is Torino ; age is 20 ; weight is 79. </s> firstname is Wilfried Stephane ; lastname is Singo ; teamname is Torino ; age is 20 ; weight is 79.	uniform_true
González has lower measurement than González </s> lastname is González ; firstname is Nicolás ; teamname is Stuttgart ; height is 180 ; weight is 72. </s> lastname is González ; firstname is Álvaro ; teamname is Marseille ; height is 182 ; weight is 75.	uniform_true
Henderson has the same forename as Henderson </s> lastname is Henderson ; firstname is Jordan ; teamname is Liverpool ; firstname is Jordan ; name is Jordan Henderson. </s> lastname is Henderson ; firstname is Jordan ; teamname is Liverpool ; firstname is Jordan ; name is Jordan Henderson.	uniform_true
Guillermo has the same id as Guillermo </s> firstname is Guillermo ; lastname is Maripán ; teamname is Monaco ; playerid is 121417 ; teamid is 248. </s> firstname is Guillermo ; lastname is Maripán ; teamname is Monaco ; playerid is 121417 ; teamid is 248.	uniform_true
Lukébakio has the same measurement as Lukébakio </s> lastname is Lukébakio ; firstname is Dodi ; teamname is Hertha Berlin ; age is 23 ; weight is 77. </s> lastname is Lukébakio ; firstname is Dodi ; teamname is Hertha Berlin ; age is 23 ; weight is 77.	uniform_true
Claude Maurice has the same tournament as Claude Maurice </s> lastname is Claude Maurice ; firstname is Alexis ; teamname is Nice ; tournamentregioncode is fr ; tournamentname is Ligue 1. </s> lastname is Claude Maurice ; firstname is Alexis ; teamname is Nice ; tournamentregioncode is fr ; tournamentname is Ligue 1.	uniform_true
Milan has the same tournament as Milan </s> firstname is Milan ; lastname is Badelj ; teamname is Genoa ; tournamentregionid is 108 ; tournamentshortname is ISA. </s> firstname is Milan ; lastname is Skriniar ; teamname is Inter ; tournamentregionid is 108 ; tournamentshortname is ISA.	uniform_true
Dries has the same tournament as Dries </s> firstname is Dries ; lastname is Mertens ; teamname is Napoli ; tournamentregioncode is it ; tournamentshortname is ISA. </s> firstname is Dries ; lastname is Mertens ; teamname is Napoli ; tournamentregioncode is it ; tournamentshortname is ISA.	uniform_true
Marc Oliver has the same match as Marc Oliver </s> firstname is Marc Oliver ; lastname is Kempf ; teamname is Stuttgart ; manofthematch is 1 ; ismanofthematch is False. </s> firstname is Marc Oliver ; lastname is Kempf ; teamname is Stuttgart ; manofthematch is 1 ; ismanofthematch is False.	uniform_true
Laporte has lower card than Laporte </s> lastname is Laporte ; firstname is Aymeric ; teamname is Man City ; yellowcard is 1.0 ; redcard is 0.0. </s> lastname is Laporte ; firstname is Julien ; teamname is Lorient ; yellowcard is 5.0 ; redcard is 1.0.	uniform_true
Romain has higher measurement than Romain </s> firstname is Romain ; lastname is Saïss ; teamname is Wolves ; weight is 80 ; rating is 6.9068000000000005. </s> firstname is Romain ; lastname is Hamouma ; teamname is Saint-Etienne ; weight is 76 ; rating is 6.647777777777777.	uniform_true
Tomori has the same region as Tomori </s> lastname is Tomori ; firstname is Fikayo ; teamname is AC Milan ; tournamentregioncode is it ; teamregionname is Italy. </s> lastname is Tomori ; firstname is Fikayo ; teamname is AC Milan ; tournamentregioncode is it ; teamregionname is Italy.	uniform_true
Maximilian has the same measure as Maximilian </s> firstname is Maximilian ; lastname is Eggestein ; teamname is Werder Bremen ; index is 717 ; weight is 75. </s> firstname is Maximilian ; lastname is Eggestein ; teamname is Werder Bremen ; index is 717 ; weight is 75.	uniform_true
Kurzawa has the same measurement as Kurzawa </s> lastname is Kurzawa ; firstname is Layvin ; teamname is PSG ; index is 538 ; age is 28. </s> lastname is Kurzawa ; firstname is Layvin ; teamname is PSG ; index is 538 ; age is 28.	uniform_true
Leandro has the same tournament as Leandro </s> firstname is Leandro ; lastname is Paredes ; teamname is PSG ; tournamentid is 22 ; tournamentregionid is 74. </s> firstname is Leandro ; lastname is Paredes ; teamname is PSG ; tournamentid is 22 ; tournamentregionid is 74.	uniform_true
Lucas has higher measurement than Lucas </s> firstname is Lucas ; lastname is Olaza ; teamname is Celta Vigo ; age is 26 ; rating is 6.715. </s> firstname is Lucas ; lastname is Tousart ; teamname is Hertha Berlin ; age is 24 ; rating is 6.7075000000000005.	uniform_true
Lingard has the same card as Lingard </s> lastname is Lingard ; firstname is Jesse ; teamname is West Ham ; yellowcard is 2.0 ; redcard is 0.0. </s> lastname is Lingard ; firstname is Jesse ; teamname is West Ham ; yellowcard is 2.0 ; redcard is 0.0.	uniform_true
Florian has higher measurement than Florian </s> firstname is Florian ; lastname is Hübner ; teamname is Union Berlin ; age is 30 ; height is 193. </s> firstname is Florian ; lastname is Wirtz ; teamname is Leverkusen ; age is 18 ; height is 175.	uniform_true
Alexander has the same position as Alexander </s> firstname is Alexander ; lastname is Sørloth ; teamname is RBL ; playedpositions is -FW- ; positiontext is Forward. </s> firstname is Alexander ; lastname is Isak ; teamname is Real Sociedad ; playedpositions is -FW- ; positiontext is Forward.	uniform_true
Vlahovic has the same rate as Vlahovic </s> lastname is Vlahovic ; firstname is Dusan ; teamname is Fiorentina ; index is 407 ; rating is 6.874848484848484. </s> lastname is Vlahovic ; firstname is Dusan ; teamname is Fiorentina ; index is 407 ; rating is 6.874848484848484.	uniform_true
Florian has higher card than Florian </s> firstname is Florian ; lastname is Grillitsch ; teamname is Hoffenheim ; yellowcard is 4.0 ; redcard is 1.0. </s> firstname is Florian ; lastname is Wirtz ; teamname is Leverkusen ; yellowcard is 1.0 ; redcard is 0.0.	uniform_true
Ben Yedder has the same middle name as Ben Yedder </s> lastname is Ben Yedder ; firstname is Wissam ; teamname is Monaco ; firstname is Wissam ; lastname is Ben Yedder. </s> lastname is Ben Yedder ; firstname is Wissam ; teamname is Monaco ; firstname is Wissam ; lastname is Ben Yedder.	uniform_true
Welbeck has the same measurement as Welbeck </s> lastname is Welbeck ; firstname is Danny ; teamname is Brighton ; height is 185 ; weight is 73. </s> lastname is Welbeck ; firstname is Danny ; teamname is Brighton ; height is 185 ; weight is 73.	uniform_true
Lorenzo has the same tournament as Lorenzo </s> firstname is Lorenzo ; lastname is Tonelli ; teamname is Sampdoria ; tournamentid is 5 ; tournamentname is Serie A. </s> firstname is Lorenzo ; lastname is Tonelli ; teamname is Sampdoria ; tournamentid is 5 ; tournamentname is Serie A.	uniform_true
Victor has the same rate as Victor </s> firstname is Victor ; lastname is Osimhen ; teamname is Napoli ; index is 199 ; rating is 7.0205. </s> firstname is Victor ; lastname is Osimhen ; teamname is Napoli ; index is 199 ; rating is 7.0205.	uniform_true
Álvaro has the same tournament as Álvaro </s> firstname is Álvaro ; lastname is Morata ; teamname is Juventus ; tournamentid is 5 ; tournamentname is Serie A. </s> firstname is Álvaro ; lastname is Morata ; teamname is Juventus ; tournamentid is 5 ; tournamentname is Serie A.	uniform_true
Gómez has the same name as Gómez </s> lastname is Gómez ; firstname is Sergi ; teamname is Sevilla ; lastname is Gómez ; teamname is Sevilla. </s> lastname is Gómez ; firstname is Sergi ; teamname is Sevilla ; lastname is Gómez ; teamname is Sevilla.	uniform_true
Akanji has the same measurement as Akanji </s> lastname is Akanji ; firstname is Manuel ; teamname is Borussia Dortmund ; index is 386 ; age is 25. </s> lastname is Akanji ; firstname is Manuel ; teamname is Borussia Dortmund ; index is 386 ; age is 25.	uniform_true
Saúl has the same playedposition as Saúl </s> firstname is Saúl ; lastname is Ñíguez ; teamname is Atletico ; playedpositions is -DC-DL-MC-ML-MR- ; playedpositionsshort is D(CL),M(CLR). </s> firstname is Saúl ; lastname is Ñíguez ; teamname is Atletico ; playedpositions is -DC-DL-MC-ML-MR- ; playedpositionsshort is D(CL),M(CLR).	uniform_true
En-Nesyri has the same middle name as En-Nesyri </s> lastname is En-Nesyri ; firstname is Youssef ; teamname is Sevilla ; firstname is Youssef ; lastname is En-Nesyri. </s> lastname is En-Nesyri ; firstname is Youssef ; teamname is Sevilla ; firstname is Youssef ; lastname is En-Nesyri.	uniform_true
Marçal de Oliveira has the same team as Marçal de Oliveira </s> lastname is Marçal de Oliveira ; firstname is Fernando ; teamname is Lyon ; teamid is 228 ; teamregionname is France. </s> lastname is Marçal de Oliveira ; firstname is Fernando ; teamname is Lyon ; teamid is 228 ; teamregionname is France.	uniform_true
Tousart has the same region as Tousart </s> lastname is Tousart ; firstname is Lucas ; teamname is Hertha Berlin ; tournamentregionid is 81 ; regioncode is fr. </s> lastname is Tousart ; firstname is Lucas ; teamname is Hertha Berlin ; tournamentregionid is 81 ; regioncode is fr.	uniform_true
Messi has the same family name as Messi </s> lastname is Messi ; firstname is Lionel ; teamname is Barcelona ; lastname is Messi ; name is Lionel Messi. </s> lastname is Messi ; firstname is Lionel ; teamname is Barcelona ; lastname is Messi ; name is Lionel Messi.	uniform_true
Wesley has the same tournament as Wesley </s> firstname is Wesley ; lastname is Fofana ; teamname is Saint-Etienne ; tournamentid is 22 ; tournamentregionid is 74. </s> firstname is Wesley ; lastname is Fofana ; teamname is Saint-Etienne ; tournamentid is 22 ; tournamentregionid is 74.	uniform_true
Nathan has the same rate as Nathan </s> firstname is Nathan ; lastname is Aké ; teamname is Man City ; ranking is 983 ; rating is 6.64125. </s> firstname is Nathan ; lastname is Aké ; teamname is Man City ; ranking is 983 ; rating is 6.64125.	uniform_true
Pascal has the same measure as Pascal </s> firstname is Pascal ; lastname is Struijk ; teamname is Leeds ; index is 587 ; weight is 0. </s> firstname is Pascal ; lastname is Struijk ; teamname is Leeds ; index is 587 ; weight is 0.	uniform_true
Gian Marco has the same tournament as Gian Marco </s> firstname is Gian Marco ; lastname is Ferrari ; teamname is Sassuolo ; tournamentregioncode is it ; tournamentshortname is ISA. </s> firstname is Gian Marco ; lastname is Ferrari ; teamname is Sassuolo ; tournamentregioncode is it ; tournamentshortname is ISA.	uniform_true
Santos Júnior has the same family name as Santos Júnior </s> lastname is Santos Júnior ; firstname is Neymar da Silva ; teamname is PSG ; lastname is Santos Júnior ; name is Neymar. </s> lastname is Santos Júnior ; firstname is Neymar da Silva ; teamname is PSG ; lastname is Santos Júnior ; name is Neymar.	uniform_true
Badia has the same tournament as Badia </s> lastname is Badia ; firstname is Edgar ; teamname is Elche ; tournamentregioncode is es ; tournamentregionname is Spain. </s> lastname is Badia ; firstname is Edgar ; teamname is Elche ; tournamentregioncode is es ; tournamentregionname is Spain.	uniform_true
Thuram has the same card as Thuram </s> lastname is Thuram ; firstname is Marcus ; teamname is Borussia M.Gladbach ; yellowcard is 3.0 ; redcard is 1.0. </s> lastname is Thuram ; firstname is Marcus ; teamname is Borussia M.Gladbach ; yellowcard is 3.0 ; redcard is 1.0.	uniform_true
Rubén has the same region as Rubén </s> firstname is Rubén ; lastname is Duarte ; teamname is Deportivo Alaves ; tournamentregionid is 206 ; regioncode is es. </s> firstname is Rubén ; lastname is Duarte ; teamname is Deportivo Alaves ; tournamentregionid is 206 ; regioncode is es.	uniform_true
Julian has the same rate as Julian </s> firstname is Julian ; lastname is Baumgartlinger ; teamname is Leverkusen ; ranking is 463 ; rating is 6.839999999999998. </s> firstname is Julian ; lastname is Baumgartlinger ; teamname is Leverkusen ; ranking is 463 ; rating is 6.839999999999998.	uniform_true
Gómez has lower card than Gómez </s> lastname is Gómez ; firstname is Sergi ; teamname is Sevilla ; yellowcard is 2.0 ; redcard is 0.0. </s> lastname is Gómez ; firstname is Maximiliano ; teamname is Valencia ; yellowcard is 6.0 ; redcard is 1.0.	uniform_true
Forsberg has the same tournament as Forsberg </s> lastname is Forsberg ; firstname is Emil ; teamname is RBL ; tournamentid is 3 ; tournamentshortname is GB. </s> lastname is Forsberg ; firstname is Emil ; teamname is RBL ; tournamentid is 3 ; tournamentshortname is GB.	uniform_true
Ranocchia has the same tournament as Ranocchia </s> lastname is Ranocchia ; firstname is Andrea ; teamname is Inter ; tournamentregionid is 108 ; tournamentregionname is Italy. </s> lastname is Ranocchia ; firstname is Andrea ; teamname is Inter ; tournamentregionid is 108 ; tournamentregionname is Italy.	uniform_true
Gianluca has the same match as Gianluca </s> firstname is Gianluca ; lastname is Scamacca ; teamname is Genoa ; manofthematch is 3 ; ismanofthematch is False. </s> firstname is Gianluca ; lastname is Scamacca ; teamname is Genoa ; manofthematch is 3 ; ismanofthematch is False.	uniform_true
Correa has higher measurement than Correa </s> lastname is Correa ; firstname is Joaquín ; teamname is Lazio ; weight is 75 ; rating is 6.9811999999999985. </s> lastname is Correa ; firstname is Ángel ; teamname is Atletico ; weight is 70 ; rating is 6.8808823529411764.	uniform_true
Ollie has the same tournament as Ollie </s> firstname is Ollie ; lastname is Watkins ; teamname is Aston Villa ; tournamentregionid is 252 ; tournamentshortname is EPL. </s> firstname is Ollie ; lastname is Watkins ; teamname is Aston Villa ; tournamentregionid is 252 ; tournamentshortname is EPL.	uniform_true
Giovanni has the same measurement as Giovanni </s> firstname is Giovanni ; lastname is Reyna ; teamname is Borussia Dortmund ; age is 18 ; weight is 79. </s> firstname is Giovanni ; lastname is Reyna ; teamname is Borussia Dortmund ; age is 18 ; weight is 79.	uniform_true
Nico has higher measurement than Nico </s> firstname is Nico ; lastname is Elvedi ; teamname is Borussia M.Gladbach ; age is 24 ; rating is 7.073846153846152. </s> firstname is Nico ; lastname is Schlotterbeck ; teamname is Union Berlin ; age is 21 ; rating is 6.827692307692307.	uniform_true
Reyna has the same measurement as Reyna </s> lastname is Reyna ; firstname is Giovanni ; teamname is Borussia Dortmund ; index is 418 ; age is 18. </s> lastname is Reyna ; firstname is Giovanni ; teamname is Borussia Dortmund ; index is 418 ; age is 18.	uniform_true
Traoré has the same tournament as Traoré </s> lastname is Traoré ; firstname is Adama ; teamname is Wolves ; tournamentregionid is 252 ; tournamentname is Premier League. </s> lastname is Traoré ; firstname is Adama ; teamname is Wolves ; tournamentregionid is 252 ; tournamentname is Premier League.	uniform_true
Apolinário de Lira has the same game as Apolinário de Lira </s> lastname is Apolinário de Lira ; firstname is Joelinton Cássio ; teamname is Newcastle ; shotspergame is 1.3928571428571428 ; aerialwonpergame is 2.892857142857143. </s> lastname is Apolinário de Lira ; firstname is Joelinton Cássio ; teamname is Newcastle ; shotspergame is 1.3928571428571428 ; aerialwonpergame is 2.892857142857143.	uniform_true
Faes has the same region as Faes </s> lastname is Faes ; firstname is Wout ; teamname is Reims ; tournamentregionid is 74 ; regioncode is be. </s> lastname is Faes ; firstname is Wout ; teamname is Reims ; tournamentregionid is 74 ; regioncode is be.	uniform_true
Jonathan has higher measurement than Jonathan </s> firstname is Jonathan ; lastname is Bamba ; teamname is Lille ; weight is 72 ; rating is 7.12057142857143. </s> firstname is Jonathan ; lastname is Ikoné ; teamname is Lille ; weight is 67 ; rating is 6.6826470588235285.	uniform_true
Vladimír has the same tournament as Vladimír </s> firstname is Vladimír ; lastname is Darida ; teamname is Hertha Berlin ; tournamentregioncode is de ; tournamentname is Bundesliga. </s> firstname is Vladimír ; lastname is Darida ; teamname is Hertha Berlin ; tournamentregioncode is de ; tournamentname is Bundesliga.	uniform_true
Matt has the same measurement as Matt </s> firstname is Matt ; lastname is Targett ; teamname is Aston Villa ; age is 25 ; weight is 70. </s> firstname is Matt ; lastname is Targett ; teamname is Aston Villa ; age is 25 ; weight is 70.	uniform_true
Fofana has lower card than Fofana </s> lastname is Fofana ; firstname is Wesley ; teamname is Leicester ; yellowcard is 6.0 ; redcard is 0.0. </s> lastname is Fofana ; firstname is Youssouf ; teamname is Monaco ; yellowcard is 8.0 ; redcard is 1.0.	uniform_true
Diallo has lower measurement than Diallo </s> lastname is Diallo ; firstname is Ibrahima ; teamname is Brest ; height is 179 ; weight is 68. </s> lastname is Diallo ; firstname is Abdou ; teamname is PSG ; height is 187 ; weight is 79.	uniform_true
Álvarez has the same match as Álvarez </s> lastname is Álvarez ; firstname is Yeray ; teamname is Athletic Bilbao ; manofthematch is 0 ; ismanofthematch is False. </s> lastname is Álvarez ; firstname is Yeray ; teamname is Athletic Bilbao ; manofthematch is 0 ; ismanofthematch is False.	uniform_true
Andreaw has the same season as Andreaw </s> firstname is Andreaw ; lastname is Gravillon ; teamname is Lorient ; seasonid is 8185 ; seasonname is 2020/2021. </s> firstname is Andreaw ; lastname is Gravillon ; teamname is Lorient ; seasonid is 8185 ; seasonname is 2020/2021.	uniform_true
Dominic has the same tournament as Dominic </s> firstname is Dominic ; lastname is Calvert-Lewin ; teamname is Everton ; tournamentregionid is 252 ; tournamentname is Premier League. </s> firstname is Dominic ; lastname is Calvert-Lewin ; teamname is Everton ; tournamentregionid is 252 ; tournamentname is Premier League.	uniform_true
Andy has the same tournament as Andy </s> firstname is Andy ; lastname is Delort ; teamname is Montpellier ; tournamentregioncode is fr ; tournamentregionname is France. </s> firstname is Andy ; lastname is Delort ; teamname is Montpellier ; tournamentregioncode is fr ; tournamentregionname is France.	uniform_true
Darwin has the same rate as Darwin </s> firstname is Darwin ; lastname is Machís ; teamname is Granada ; index is 761 ; rating is 6.716428571428571. </s> firstname is Darwin ; lastname is Machís ; teamname is Granada ; index is 761 ; rating is 6.716428571428571.	uniform_true
Raphael has the same measurement as Raphael </s> firstname is Raphael ; lastname is Dias Belloli ; teamname is Rennes ; age is 24 ; height is 176. </s> firstname is Raphael ; lastname is Dias Belloli ; teamname is Rennes ; age is 24 ; height is 176.	uniform_true
Thomas has lower measurement than Thomas </s> firstname is Thomas ; lastname is Delaney ; teamname is Borussia Dortmund ; age is 29 ; rating is 6.770588235294117. </s> firstname is Thomas ; lastname is Müller ; teamname is Bayern ; age is 31 ; rating is 7.5020689655172434.	uniform_true
Gaetan has the same position as Gaetan </s> firstname is Gaetan ; lastname is Laborde ; teamname is Montpellier ; ranking is 77 ; positiontext is Forward. </s> firstname is Gaetan ; lastname is Laborde ; teamname is Montpellier ; ranking is 77 ; positiontext is Forward.	uniform_true
Baku has the same playedposition as Baku </s> lastname is Baku ; firstname is Ridle ; teamname is Wolfsburg ; playedpositions is -DR-MC-MR- ; playedpositionsshort is D(R),M(CR). </s> lastname is Baku ; firstname is Ridle ; teamname is Wolfsburg ; playedpositions is -DR-MC-MR- ; playedpositionsshort is D(R),M(CR).	uniform_true
Pied has the same tournament as Pied </s> lastname is Pied ; firstname is Jérémy ; teamname is Lille ; tournamentid is 22 ; tournamentregionid is 74. </s> lastname is Pied ; firstname is Jérémy ; teamname is Lille ; tournamentid is 22 ; tournamentregionid is 74.	uniform_true
Lucas has the same tournament as Lucas </s> firstname is Lucas ; lastname is Vázquez ; teamname is Real Madrid ; tournamentname is LaLiga ; tournamentshortname is SLL. </s> firstname is Lucas ; lastname is Olaza ; teamname is Real Valladolid ; tournamentname is LaLiga ; tournamentshortname is SLL.	uniform_true
Donnarumma has the same measurement as Donnarumma </s> lastname is Donnarumma ; firstname is Gianluigi ; teamname is AC Milan ; weight is 90 ; rating is 6.7748484848484845. </s> lastname is Donnarumma ; firstname is Gianluigi ; teamname is AC Milan ; weight is 90 ; rating is 6.7748484848484845.	uniform_true
Wood has the same measurement as Wood </s> lastname is Wood ; firstname is Chris ; teamname is Burnley ; age is 29 ; weight is 81. </s> lastname is Wood ; firstname is Chris ; teamname is Burnley ; age is 29 ; weight is 81.	uniform_true
Passlack has the same rate as Passlack </s> lastname is Passlack ; firstname is Felix ; teamname is Borussia Dortmund ; ranking is 908 ; rating is 6.668333333333334. </s> lastname is Passlack ; firstname is Felix ; teamname is Borussia Dortmund ; ranking is 908 ; rating is 6.668333333333334.	uniform_true
Mallo has the same match as Mallo </s> lastname is Mallo ; firstname is Hugo ; teamname is Celta Vigo ; manofthematch is 0 ; ismanofthematch is False. </s> lastname is Mallo ; firstname is Hugo ; teamname is Celta Vigo ; manofthematch is 0 ; ismanofthematch is False.	uniform_true
Dias Belloli has the same measurement as Dias Belloli </s> lastname is Dias Belloli ; firstname is Raphael ; teamname is Leeds ; age is 24 ; weight is 68. </s> lastname is Dias Belloli ; firstname is Raphael ; teamname is Rennes ; age is 24 ; weight is 68.	uniform_true
Baptiste has the same position as Baptiste </s> firstname is Baptiste ; lastname is Santamaría ; teamname is Angers ; positiontext is Midfielder ; playedpositionsshort is DMC. </s> firstname is Baptiste ; lastname is Santamaría ; teamname is Freiburg ; positiontext is Midfielder ; playedpositionsshort is DMC.	uniform_true
Aouchiche has the same tournament as Aouchiche </s> lastname is Aouchiche ; firstname is Adil ; teamname is Saint-Etienne ; tournamentregioncode is fr ; tournamentname is Ligue 1. </s> lastname is Aouchiche ; firstname is Adil ; teamname is Saint-Etienne ; tournamentregioncode is fr ; tournamentname is Ligue 1.	uniform_true
Robert Kenedy has the same tournament as Robert Kenedy </s> firstname is Robert Kenedy ; lastname is Nunes do Nascimento ; teamname is Granada ; tournamentregionid is 206 ; tournamentregionname is Spain. </s> firstname is Robert Kenedy ; lastname is Nunes do Nascimento ; teamname is Granada ; tournamentregionid is 206 ; tournamentregionname is Spain.	uniform_true
Koray has the same tournament as Koray </s> firstname is Koray ; lastname is Günter ; teamname is Verona ; tournamentregioncode is it ; tournamentname is Serie A. </s> firstname is Koray ; lastname is Günter ; teamname is Verona ; tournamentregioncode is it ; tournamentname is Serie A.	uniform_true
Matteo has higher measurement than Matteo </s> firstname is Matteo ; lastname is Guendouzi ; teamname is Hertha Berlin ; weight is 68 ; rating is 6.734166666666666. </s> firstname is Matteo ; lastname is Scozzarella ; teamname is Parma Calcio 1913 ; weight is 65 ; rating is 6.673333333333333.	uniform_true
Andreas has the same measurement as Andreas </s> firstname is Andreas ; lastname is Cornelius ; teamname is Parma Calcio 1913 ; age is 28 ; weight is 91. </s> firstname is Andreas ; lastname is Cornelius ; teamname is Parma Calcio 1913 ; age is 28 ; weight is 91.	uniform_true
Florian has the same tournament as Florian </s> firstname is Florian ; lastname is Wirtz ; teamname is Leverkusen ; tournamentid is 3 ; tournamentregionname is Germany. </s> firstname is Florian ; lastname is Neuhaus ; teamname is Borussia M.Gladbach ; tournamentid is 3 ; tournamentregionname is Germany.	uniform_true
Tariq has the same region as Tariq </s> firstname is Tariq ; lastname is Lamptey ; teamname is Brighton ; regioncode is gb-eng ; teamregionname is England. </s> firstname is Tariq ; lastname is Lamptey ; teamname is Brighton ; regioncode is gb-eng ; teamregionname is England.	uniform_true
Trigueros Muñoz has the same tournament as Trigueros Muñoz </s> lastname is Trigueros Muñoz ; firstname is Manuel ; teamname is Villarreal ; tournamentid is 4 ; tournamentname is LaLiga. </s> lastname is Trigueros Muñoz ; firstname is Manuel ; teamname is Villarreal ; tournamentid is 4 ; tournamentname is LaLiga.	uniform_true
Fofana has lower measurement than Fofana </s> lastname is Fofana ; firstname is Youssouf ; teamname is Monaco ; age is 22 ; weight is 0. </s> lastname is Fofana ; firstname is Seko ; teamname is Lens ; age is 25 ; weight is 74.	uniform_true
Luz Sanches has the same forename as Luz Sanches </s> lastname is Luz Sanches ; firstname is Renato Júnior ; teamname is Lille ; firstname is Renato Júnior ; name is Renato Sanches. </s> lastname is Luz Sanches ; firstname is Renato Júnior ; teamname is Lille ; firstname is Renato Júnior ; name is Renato Sanches.	uniform_true
Ilkay has the same position as Ilkay </s> firstname is Ilkay ; lastname is Gündogan ; teamname is Man City ; positiontext is Midfielder ; playedpositionsshort is M(C). </s> firstname is Ilkay ; lastname is Gündogan ; teamname is Man City ; positiontext is Midfielder ; playedpositionsshort is M(C).	uniform_true
Diego has the same tournament as Diego </s> firstname is Diego ; lastname is Demme ; teamname is Napoli ; tournamentregioncode is it ; tournamentregionname is Italy. </s> firstname is Diego ; lastname is Demme ; teamname is Napoli ; tournamentregioncode is it ; tournamentregionname is Italy.	uniform_true
Sarr has the same rate as Sarr </s> lastname is Sarr ; firstname is Pape ; teamname is Metz ; index is 408 ; ranking is 409. </s> lastname is Sarr ; firstname is Pape ; teamname is Metz ; index is 408 ; ranking is 409.	uniform_true
David has the same tournament as David </s> firstname is David ; lastname is García ; teamname is Osasuna ; tournamentid is 4 ; tournamentregionname is Spain. </s> firstname is David ; lastname is Ferreiro ; teamname is SD Huesca ; tournamentid is 4 ; tournamentregionname is Spain.	uniform_true
Kadewere has the same region as Kadewere </s> lastname is Kadewere ; firstname is Tinotenda ; teamname is Lyon ; tournamentregionname is France ; teamregionname is France. </s> lastname is Kadewere ; firstname is Tinotenda ; teamname is Lyon ; tournamentregionname is France ; teamregionname is France.	uniform_true
