Lazovic has different rate as Lazovic </s> lastname is Lazovic ; firstname is Darko ; teamname is Verona ; index is 936 ; rating is 6.658928571428572. </s> lastname is Lazovic ; firstname is Darko ; teamname is Verona ; index is 936 ; rating is 6.658928571428572.	uniform_false
Bastoni has higher measurement than Bastoni </s> lastname is Bastoni ; firstname is Simone ; teamname is Spezia ; weight is 74 ; rating is 6.8315. </s> lastname is Bastoni ; firstname is Alessandro ; teamname is Inter ; weight is 75 ; rating is 6.877666666666669.	uniform_false
Henderson has lower measurement than Henderson </s> lastname is Henderson ; firstname is Jordan ; teamname is Liverpool ; age is 30 ; rating is 6.815714285714286. </s> lastname is Henderson ; firstname is Dean ; teamname is Man Utd ; age is 24 ; rating is 6.6850000000000005.	uniform_false
Kyle has different position as Kyle </s> firstname is Kyle ; lastname is Walker-Peters ; teamname is Southampton ; positiontext is Defender ; playedpositionsshort is D(R). </s> firstname is Kyle ; lastname is Walker-Peters ; teamname is Southampton ; positiontext is Defender ; playedpositionsshort is D(R).	uniform_false
Luis has different region as Luis </s> firstname is Luis ; lastname is Milla ; teamname is Granada ; tournamentregionname is Spain ; teamregionname is Spain. </s> firstname is Luis ; lastname is Milla ; teamname is Granada ; tournamentregionname is Spain ; teamregionname is Spain.	uniform_false
Max has different rate as Max </s> firstname is Max ; lastname is Kruse ; teamname is Union Berlin ; index is 217 ; rating is 7.000000000000002. </s> firstname is Max ; lastname is Kruse ; teamname is Union Berlin ; index is 217 ; rating is 7.000000000000002.	uniform_false
Dayot has different team as Dayot </s> firstname is Dayot ; lastname is Upamecano ; teamname is RBL ; teamid is 7614 ; teamregionname is Germany. </s> firstname is Dayot ; lastname is Upamecano ; teamname is RBL ; teamid is 7614 ; teamregionname is Germany.	uniform_false
Andrea has lower game than Andrea </s> firstname is Andrea ; lastname is Carboni ; teamname is Cagliari ; shotspergame is 0.36363636363636365 ; aerialwonpergame is 0.9090909090909091. </s> firstname is Andrea ; lastname is Consigli ; teamname is Sassuolo ; shotspergame is 0.0 ; aerialwonpergame is 0.42424242424242425.	uniform_false
Gylfi has different rate as Gylfi </s> firstname is Gylfi ; lastname is Sigurdsson ; teamname is Everton ; index is 882 ; ranking is 883. </s> firstname is Gylfi ; lastname is Sigurdsson ; teamname is Everton ; index is 882 ; ranking is 883.	uniform_false
Ander has different playedposition as Ander </s> firstname is Ander ; lastname is Capa ; teamname is Athletic Bilbao ; playedpositions is -DR-MR- ; playedpositionsshort is D(R),M(R). </s> firstname is Ander ; lastname is Capa ; teamname is Athletic Bilbao ; playedpositions is -DR-MR- ; playedpositionsshort is D(R),M(R).	uniform_false
Fofana has higher game than Fofana </s> lastname is Fofana ; firstname is Youssouf ; teamname is Monaco ; shotspergame is 0.96875 ; aerialwonpergame is 0.625. </s> lastname is Fofana ; firstname is Seko ; teamname is Lens ; shotspergame is 1.2592592592592593 ; aerialwonpergame is 0.7777777777777778.	uniform_false
Friedrich has different region as Friedrich </s> lastname is Friedrich ; firstname is Marvin ; teamname is Union Berlin ; tournamentregioncode is de ; teamregionname is Germany. </s> lastname is Friedrich ; firstname is Marvin ; teamname is Union Berlin ; tournamentregioncode is de ; teamregionname is Germany.	uniform_false
Adams has higher game than Adams </s> lastname is Adams ; firstname is Tyler ; teamname is RBL ; shotspergame is 0.25925925925925924 ; aerialwonpergame is 0.7777777777777778. </s> lastname is Adams ; firstname is Che ; teamname is Southampton ; shotspergame is 1.5 ; aerialwonpergame is 1.53125.	uniform_false
Anaitz has different tournament as Anaitz </s> firstname is Anaitz ; lastname is Arbilla ; teamname is Eibar ; tournamentid is 4 ; tournamentname is LaLiga. </s> firstname is Anaitz ; lastname is Arbilla ; teamname is Eibar ; tournamentid is 4 ; tournamentname is LaLiga.	uniform_false
Jason has different measurement as Jason </s> firstname is Jason ; lastname is Denayer ; teamname is Lyon ; index is 691 ; age is 25. </s> firstname is Jason ; lastname is Denayer ; teamname is Lyon ; index is 691 ; age is 25.	uniform_false
Serge has different measurement as Serge </s> firstname is Serge ; lastname is Aurier ; teamname is Tottenham ; weight is 76 ; rating is 7.079444444444444. </s> firstname is Serge ; lastname is Aurier ; teamname is Tottenham ; weight is 76 ; rating is 7.079444444444444.	uniform_false
Diego Carlos has different game as Diego Carlos </s> firstname is Diego Carlos ; lastname is Santos Silva ; teamname is Sevilla ; shotspergame is 0.43333333333333335 ; aerialwonpergame is 1.9. </s> firstname is Diego Carlos ; lastname is Santos Silva ; teamname is Sevilla ; shotspergame is 0.43333333333333335 ; aerialwonpergame is 1.9.	uniform_false
Rubén has different measurement as Rubén </s> firstname is Rubén ; lastname is Duarte ; teamname is Deportivo Alaves ; height is 180 ; weight is 75. </s> firstname is Rubén ; lastname is Duarte ; teamname is Deportivo Alaves ; height is 180 ; weight is 75.	uniform_false
Bartley has different tournament as Bartley </s> lastname is Bartley ; firstname is Kyle ; teamname is West Brom ; tournamentregionid is 252 ; tournamentshortname is EPL. </s> lastname is Bartley ; firstname is Kyle ; teamname is West Brom ; tournamentregionid is 252 ; tournamentshortname is EPL.	uniform_false
Conor has different region as Conor </s> firstname is Conor ; lastname is Gallagher ; teamname is West Brom ; regioncode is gb-eng ; teamregionname is England. </s> firstname is Conor ; lastname is Gallagher ; teamname is West Brom ; regioncode is gb-eng ; teamregionname is England.	uniform_false
Stanisic has different measurement as Stanisic </s> lastname is Stanisic ; firstname is Josip ; teamname is Bayern ; height is 186 ; weight is 77. </s> lastname is Stanisic ; firstname is Josip ; teamname is Bayern ; height is 186 ; weight is 77.	uniform_false
Embolo has different tournament as Embolo </s> lastname is Embolo ; firstname is Breel ; teamname is Borussia M.Gladbach ; tournamentregionid is 81 ; tournamentregionname is Germany. </s> lastname is Embolo ; firstname is Breel ; teamname is Borussia M.Gladbach ; tournamentregionid is 81 ; tournamentregionname is Germany.	uniform_false
Silveira Neves Vojnovic has different measure as Silveira Neves Vojnovic </s> lastname is Silveira Neves Vojnovic ; firstname is Lyanco Evangelista ; teamname is Torino ; ranking is 708 ; weight is 85. </s> lastname is Silveira Neves Vojnovic ; firstname is Lyanco Evangelista ; teamname is Torino ; ranking is 708 ; weight is 85.	uniform_false
Guimarães Rodriguez Moura has different measure as Guimarães Rodriguez Moura </s> lastname is Guimarães Rodriguez Moura ; firstname is Bruno ; teamname is Lyon ; ranking is 634 ; weight is 74. </s> lastname is Guimarães Rodriguez Moura ; firstname is Bruno ; teamname is Lyon ; ranking is 634 ; weight is 74.	uniform_false
Youssouf has different position as Youssouf </s> firstname is Youssouf ; lastname is Sabaly ; teamname is Bordeaux ; ranking is 927 ; positiontext is Defender. </s> firstname is Youssouf ; lastname is Sabaly ; teamname is Bordeaux ; ranking is 927 ; positiontext is Defender.	uniform_false
Daniel has lower game than Daniel </s> firstname is Daniel ; lastname is Castelo Podence ; teamname is Wolves ; shotspergame is 1.391304347826087 ; aerialwonpergame is 0.30434782608695654. </s> firstname is Daniel ; lastname is Cárdenas ; teamname is Levante ; shotspergame is 0.0 ; aerialwonpergame is 0.2.	uniform_false
Mittelstädt has different tournament as Mittelstädt </s> lastname is Mittelstädt ; firstname is Maximilian ; teamname is Hertha Berlin ; tournamentregionname is Germany ; tournamentshortname is GB. </s> lastname is Mittelstädt ; firstname is Maximilian ; teamname is Hertha Berlin ; tournamentregionname is Germany ; tournamentshortname is GB.	uniform_false
Guendouzi has different tournament as Guendouzi </s> lastname is Guendouzi ; firstname is Matteo ; teamname is Hertha Berlin ; tournamentid is 3 ; tournamentregioncode is de. </s> lastname is Guendouzi ; firstname is Matteo ; teamname is Hertha Berlin ; tournamentid is 3 ; tournamentregioncode is de.	uniform_false
Reyna has different rate as Reyna </s> lastname is Reyna ; firstname is Giovanni ; teamname is Borussia Dortmund ; index is 418 ; rating is 6.8662068965517244. </s> lastname is Reyna ; firstname is Giovanni ; teamname is Borussia Dortmund ; index is 418 ; rating is 6.8662068965517244.	uniform_false
Son has different tournament as Son </s> lastname is Son ; firstname is Heung-Min ; teamname is Tottenham ; tournamentid is 2 ; tournamentshortname is EPL. </s> lastname is Son ; firstname is Heung-Min ; teamname is Tottenham ; tournamentid is 2 ; tournamentshortname is EPL.	uniform_false
David has different family name as David </s> firstname is David ; lastname is Ospina ; teamname is Napoli ; lastname is Ospina ; name is David Ospina. </s> firstname is David ; lastname is Ospina ; teamname is Napoli ; lastname is Ospina ; name is David Ospina.	uniform_false
Andreas has different rate as Andreas </s> firstname is Andreas ; lastname is Cornelius ; teamname is Parma Calcio 1913 ; index is 895 ; ranking is 896. </s> firstname is Andreas ; lastname is Cornelius ; teamname is Parma Calcio 1913 ; index is 895 ; ranking is 896.	uniform_false
Matteo has different team as Matteo </s> firstname is Matteo ; lastname is Guendouzi ; teamname is Hertha Berlin ; teamid is 47 ; teamregionname is Germany. </s> firstname is Matteo ; lastname is Guendouzi ; teamname is Hertha Berlin ; teamid is 47 ; teamregionname is Germany.	uniform_false
Navas has lower measurement than Navas </s> lastname is Navas ; firstname is Jesús ; teamname is Sevilla ; age is 35 ; rating is 6.9222580645161305. </s> lastname is Navas ; firstname is Keylor ; teamname is PSG ; age is 34 ; rating is 6.823846153846153.	uniform_false
Zielinski has different measure as Zielinski </s> lastname is Zielinski ; firstname is Piotr ; teamname is Napoli ; ranking is 133 ; weight is 75. </s> lastname is Zielinski ; firstname is Piotr ; teamname is Napoli ; ranking is 133 ; weight is 75.	uniform_false
Jonathan has different tournament as Jonathan </s> firstname is Jonathan ; lastname is Ikoné ; teamname is Lille ; tournamentregionid is 74 ; tournamentregionname is France. </s> firstname is Jonathan ; lastname is Gradit ; teamname is Lens ; tournamentregionid is 74 ; tournamentregionname is France.	uniform_false
Abdoulaye has different card as Abdoulaye </s> firstname is Abdoulaye ; lastname is Doucouré ; teamname is Everton ; yellowcard is 6.0 ; redcard is 0.0. </s> firstname is Abdoulaye ; lastname is Doucouré ; teamname is Everton ; yellowcard is 6.0 ; redcard is 0.0.	uniform_false
Caprari has different middle name as Caprari </s> lastname is Caprari ; firstname is Gianluca ; teamname is Benevento ; firstname is Gianluca ; lastname is Caprari. </s> lastname is Caprari ; firstname is Gianluca ; teamname is Benevento ; firstname is Gianluca ; lastname is Caprari.	uniform_false
Schick has different tournament as Schick </s> lastname is Schick ; firstname is Patrik ; teamname is Leverkusen ; tournamentname is Bundesliga ; tournamentshortname is GB. </s> lastname is Schick ; firstname is Patrik ; teamname is Leverkusen ; tournamentname is Bundesliga ; tournamentshortname is GB.	uniform_false
Criscito has different tournament as Criscito </s> lastname is Criscito ; firstname is Domenico ; teamname is Genoa ; tournamentregioncode is it ; tournamentshortname is ISA. </s> lastname is Criscito ; firstname is Domenico ; teamname is Genoa ; tournamentregioncode is it ; tournamentshortname is ISA.	uniform_false
David has different tournament as David </s> firstname is David ; lastname is Silva ; teamname is Real Sociedad ; tournamentid is 4 ; tournamentregionname is Spain. </s> firstname is David ; lastname is Silva ; teamname is Real Sociedad ; tournamentid is 4 ; tournamentregionname is Spain.	uniform_false
Andrich has different name as Andrich </s> lastname is Andrich ; firstname is Robert ; teamname is Union Berlin ; lastname is Andrich ; teamname is Union Berlin. </s> lastname is Andrich ; firstname is Robert ; teamname is Union Berlin ; lastname is Andrich ; teamname is Union Berlin.	uniform_false
Matt has different rate as Matt </s> firstname is Matt ; lastname is Doherty ; teamname is Tottenham ; index is 768 ; ranking is 769. </s> firstname is Matt ; lastname is Doherty ; teamname is Tottenham ; index is 768 ; ranking is 769.	uniform_false
Daniel has different position as Daniel </s> firstname is Daniel ; lastname is Castelo Podence ; teamname is Wolves ; positiontext is Midfielder ; playedpositionsshort is AM(CLR),FW. </s> firstname is Daniel ; lastname is Castelo Podence ; teamname is Wolves ; positiontext is Midfielder ; playedpositionsshort is AM(CLR),FW.	uniform_false
Albrighton has different id as Albrighton </s> lastname is Albrighton ; firstname is Marc ; teamname is Leicester ; playerid is 42147 ; teamid is 14. </s> lastname is Albrighton ; firstname is Marc ; teamname is Leicester ; playerid is 42147 ; teamid is 14.	uniform_false
Caputo has different region as Caputo </s> lastname is Caputo ; firstname is Francesco ; teamname is Sassuolo ; tournamentregionname is Italy ; regioncode is it. </s> lastname is Caputo ; firstname is Francesco ; teamname is Sassuolo ; tournamentregionname is Italy ; regioncode is it.	uniform_false
Toprak has different region as Toprak </s> lastname is Toprak ; firstname is Ömer ; teamname is Werder Bremen ; regioncode is tr ; teamregionname is Germany. </s> lastname is Toprak ; firstname is Ömer ; teamname is Werder Bremen ; regioncode is tr ; teamregionname is Germany.	uniform_false
Stefan has different tournament as Stefan </s> firstname is Stefan ; lastname is de Vrij ; teamname is Inter ; tournamentid is 5 ; tournamentshortname is ISA. </s> firstname is Stefan ; lastname is Radu ; teamname is Lazio ; tournamentid is 5 ; tournamentshortname is ISA.	uniform_false
Fidel has different card as Fidel </s> firstname is Fidel ; lastname is Chaves de la Torre ; teamname is Elche ; yellowcard is 6.0 ; redcard is 0.0. </s> firstname is Fidel ; lastname is Chaves de la Torre ; teamname is Elche ; yellowcard is 6.0 ; redcard is 0.0.	uniform_false
Chiesa has lower card than Chiesa </s> lastname is Chiesa ; firstname is Federico ; teamname is Juventus ; yellowcard is 1.0 ; redcard is 1.0. </s> lastname is Chiesa ; firstname is Federico ; teamname is Fiorentina ; yellowcard is 0.0 ; redcard is 0.0.	uniform_false
Laurent has different region as Laurent </s> firstname is Laurent ; lastname is Koscielny ; teamname is Bordeaux ; regioncode is fr ; teamregionname is France. </s> firstname is Laurent ; lastname is Koscielny ; teamname is Bordeaux ; regioncode is fr ; teamregionname is France.	uniform_false
Thomas has different measure as Thomas </s> firstname is Thomas ; lastname is Partey ; teamname is Atletico ; index is 139 ; weight is 77. </s> firstname is Thomas ; lastname is Partey ; teamname is Atletico ; index is 139 ; weight is 77.	uniform_false
Tonelli has different match as Tonelli </s> lastname is Tonelli ; firstname is Lorenzo ; teamname is Sampdoria ; manofthematch is 1 ; ismanofthematch is False. </s> lastname is Tonelli ; firstname is Lorenzo ; teamname is Sampdoria ; manofthematch is 1 ; ismanofthematch is False.	uniform_false
Baptiste has different tournament as Baptiste </s> firstname is Baptiste ; lastname is Reynet ; teamname is Nimes ; tournamentid is 22 ; tournamentshortname is FL1. </s> firstname is Baptiste ; lastname is Reynet ; teamname is Nimes ; tournamentid is 22 ; tournamentshortname is FL1.	uniform_false
Anaitz has different id as Anaitz </s> firstname is Anaitz ; lastname is Arbilla ; teamname is Eibar ; playerid is 91438 ; teamid is 824. </s> firstname is Anaitz ; lastname is Arbilla ; teamname is Eibar ; playerid is 91438 ; teamid is 824.	uniform_false
Ziyech has different playedposition as Ziyech </s> lastname is Ziyech ; firstname is Hakim ; teamname is Chelsea ; playedpositions is -MC-MR- ; playedpositionsshort is M(CR). </s> lastname is Ziyech ; firstname is Hakim ; teamname is Chelsea ; playedpositions is -MC-MR- ; playedpositionsshort is M(CR).	uniform_false
Jonny has different position as Jonny </s> firstname is Jonny ; lastname is Evans ; teamname is Leicester ; ranking is 410 ; positiontext is Defender. </s> firstname is Jonny ; lastname is Evans ; teamname is Leicester ; ranking is 410 ; positiontext is Defender.	uniform_false
Fikayo has different position as Fikayo </s> firstname is Fikayo ; lastname is Tomori ; teamname is Chelsea ; ranking is 442 ; positiontext is Defender. </s> firstname is Fikayo ; lastname is Tomori ; teamname is Chelsea ; ranking is 442 ; positiontext is Defender.	uniform_false
Dwight has different team as Dwight </s> firstname is Dwight ; lastname is McNeil ; teamname is Burnley ; teamname is Burnley ; teamregionname is England. </s> firstname is Dwight ; lastname is McNeil ; teamname is Burnley ; teamname is Burnley ; teamregionname is England.	uniform_false
Mattia has higher measurement than Mattia </s> firstname is Mattia ; lastname is Zaccagni ; teamname is Verona ; age is 25 ; height is 177. </s> firstname is Mattia ; lastname is Perin ; teamname is Genoa ; age is 28 ; height is 188.	uniform_false
Romain has different region as Romain </s> firstname is Romain ; lastname is Saïss ; teamname is Wolves ; tournamentregioncode is gb-eng ; teamregionname is England. </s> firstname is Romain ; lastname is Saïss ; teamname is Wolves ; tournamentregioncode is gb-eng ; teamregionname is England.	uniform_false
John has higher game than John </s> firstname is John ; lastname is Boye ; teamname is Metz ; shotspergame is 0.3939393939393939 ; aerialwonpergame is 1.6363636363636365. </s> firstname is John ; lastname is Brooks ; teamname is Wolfsburg ; shotspergame is 0.6206896551724138 ; aerialwonpergame is 3.0689655172413794.	uniform_false
Andreas has different name as Andreas </s> firstname is Andreas ; lastname is Cornelius ; teamname is Parma Calcio 1913 ; lastname is Cornelius ; teamname is Parma Calcio 1913. </s> firstname is Andreas ; lastname is Cornelius ; teamname is Parma Calcio 1913 ; lastname is Cornelius ; teamname is Parma Calcio 1913.	uniform_false
Jonas has different match as Jonas </s> firstname is Jonas ; lastname is Hofmann ; teamname is Borussia M.Gladbach ; manofthematch is 3 ; ismanofthematch is False. </s> firstname is Jonas ; lastname is Hofmann ; teamname is Borussia M.Gladbach ; manofthematch is 3 ; ismanofthematch is False.	uniform_false
García has different tournament as García </s> lastname is García ; firstname is David ; teamname is Osasuna ; tournamentregionname is Spain ; tournamentshortname is SLL. </s> lastname is García ; firstname is Raúl ; teamname is Real Valladolid ; tournamentregionname is Spain ; tournamentshortname is SLL.	uniform_false
Hamed has different season as Hamed </s> firstname is Hamed ; lastname is Traore ; teamname is Sassuolo ; seasonid is 8330 ; seasonname is 2020/2021. </s> firstname is Hamed ; lastname is Traore ; teamname is Sassuolo ; seasonid is 8330 ; seasonname is 2020/2021.	uniform_false
Schouten has different tournament as Schouten </s> lastname is Schouten ; firstname is Jerdy ; teamname is Bologna ; tournamentid is 5 ; tournamentname is Serie A. </s> lastname is Schouten ; firstname is Jerdy ; teamname is Bologna ; tournamentid is 5 ; tournamentname is Serie A.	uniform_false
Christian has different playedposition as Christian </s> firstname is Christian ; lastname is Eriksen ; teamname is Inter ; playedpositions is -MC-ML-MR- ; playedpositionsshort is M(CLR). </s> firstname is Christian ; lastname is Eriksen ; teamname is Inter ; playedpositions is -MC-ML-MR- ; playedpositionsshort is M(CLR).	uniform_false
Lars has different region as Lars </s> firstname is Lars ; lastname is Bender ; teamname is Leverkusen ; regioncode is de ; teamregionname is Germany. </s> firstname is Lars ; lastname is Stindl ; teamname is Borussia M.Gladbach ; regioncode is de ; teamregionname is Germany.	uniform_false
Kouyate has different rate as Kouyate </s> lastname is Kouyate ; firstname is Boubakar ; teamname is Metz ; ranking is 114 ; rating is 7.137391304347827. </s> lastname is Kouyate ; firstname is Boubakar ; teamname is Metz ; ranking is 114 ; rating is 7.137391304347827.	uniform_false
Milan has different position as Milan </s> firstname is Milan ; lastname is Badelj ; teamname is Genoa ; positiontext is Midfielder ; playedpositionsshort is M(C). </s> firstname is Milan ; lastname is Badelj ; teamname is Genoa ; positiontext is Midfielder ; playedpositionsshort is M(C).	uniform_false
Rajkovic has different rate as Rajkovic </s> lastname is Rajkovic ; firstname is Predrag ; teamname is Reims ; index is 772 ; rating is 6.7120588235294125. </s> lastname is Rajkovic ; firstname is Predrag ; teamname is Reims ; index is 772 ; rating is 6.7120588235294125.	uniform_false
Kingsley has different tournament as Kingsley </s> firstname is Kingsley ; lastname is Coman ; teamname is Bayern ; tournamentregionid is 81 ; tournamentshortname is GB. </s> firstname is Kingsley ; lastname is Coman ; teamname is Bayern ; tournamentregionid is 81 ; tournamentshortname is GB.	uniform_false
Victor has higher measurement than Victor </s> firstname is Victor ; lastname is Chust ; teamname is Real Madrid ; age is 21 ; height is 184. </s> firstname is Victor ; lastname is Osimhen ; teamname is Napoli ; age is 22 ; height is 185.	uniform_false
da Silva has lower measurement than da Silva </s> lastname is da Silva ; firstname is Thiago Emiliano ; teamname is Chelsea ; height is 183 ; weight is 79. </s> lastname is da Silva ; firstname is Fabio Pereira ; teamname is Nantes ; height is 172 ; weight is 74.	uniform_false
Thomas has lower measurement than Thomas </s> firstname is Thomas ; lastname is Müller ; teamname is Bayern ; age is 31 ; rating is 7.5020689655172434. </s> firstname is Thomas ; lastname is Partey ; teamname is Arsenal ; age is 27 ; rating is 6.705500000000001.	uniform_false
Achraf has different match as Achraf </s> firstname is Achraf ; lastname is Hakimi ; teamname is Inter ; manofthematch is 3 ; ismanofthematch is False. </s> firstname is Achraf ; lastname is Hakimi ; teamname is Inter ; manofthematch is 3 ; ismanofthematch is False.	uniform_false
Akanji has different region as Akanji </s> lastname is Akanji ; firstname is Manuel ; teamname is Borussia Dortmund ; tournamentregionname is Germany ; regioncode is ch. </s> lastname is Akanji ; firstname is Manuel ; teamname is Borussia Dortmund ; tournamentregionname is Germany ; regioncode is ch.	uniform_false
Andros has different id as Andros </s> firstname is Andros ; lastname is Townsend ; teamname is Crystal Palace ; playerid is 71522 ; teamid is 162. </s> firstname is Andros ; lastname is Townsend ; teamname is Crystal Palace ; playerid is 71522 ; teamid is 162.	uniform_false
André-Frank has different match as André-Frank </s> firstname is André-Frank ; lastname is Zambo Anguissa ; teamname is Fulham ; manofthematch is 3 ; ismanofthematch is False. </s> firstname is André-Frank ; lastname is Zambo Anguissa ; teamname is Fulham ; manofthematch is 3 ; ismanofthematch is False.	uniform_false
Marc has lower game than Marc </s> firstname is Marc ; lastname is Cucurella ; teamname is Getafe ; shotspergame is 0.7575757575757576 ; aerialwonpergame is 1.9393939393939394. </s> firstname is Marc ; lastname is Albrighton ; teamname is Leicester ; shotspergame is 0.7037037037037037 ; aerialwonpergame is 0.2962962962962963.	uniform_false
Lacroix has different region as Lacroix </s> lastname is Lacroix ; firstname is Maxence ; teamname is Wolfsburg ; tournamentregionid is 81 ; teamregionname is Germany. </s> lastname is Lacroix ; firstname is Maxence ; teamname is Wolfsburg ; tournamentregionid is 81 ; teamregionname is Germany.	uniform_false
Antonio has different middle name as Antonio </s> firstname is Antonio ; lastname is Rüdiger ; teamname is Chelsea ; firstname is Antonio ; lastname is Rüdiger. </s> firstname is Antonio ; lastname is Rüdiger ; teamname is Chelsea ; firstname is Antonio ; lastname is Rüdiger.	uniform_false
Kadewere has different tournament as Kadewere </s> lastname is Kadewere ; firstname is Tinotenda ; teamname is Lyon ; tournamentname is Ligue 1 ; tournamentshortname is FL1. </s> lastname is Kadewere ; firstname is Tinotenda ; teamname is Lyon ; tournamentname is Ligue 1 ; tournamentshortname is FL1.	uniform_false
García has higher card than García </s> lastname is García ; firstname is Rubén ; teamname is Osasuna ; yellowcard is 2.0 ; redcard is 0.0. </s> lastname is García ; firstname is Raúl ; teamname is Athletic Bilbao ; yellowcard is 5.0 ; redcard is 1.0.	uniform_false
Rubén has lower measurement than Rubén </s> firstname is Rubén ; lastname is Duarte ; teamname is Deportivo Alaves ; height is 180 ; weight is 75. </s> firstname is Rubén ; lastname is García ; teamname is Osasuna ; height is 171 ; weight is 72.	uniform_false
En-Nesyri has different region as En-Nesyri </s> lastname is En-Nesyri ; firstname is Youssef ; teamname is Sevilla ; regioncode is ma ; teamregionname is Spain. </s> lastname is En-Nesyri ; firstname is Youssef ; teamname is Sevilla ; regioncode is ma ; teamregionname is Spain.	uniform_false
Jonathan has lower measurement than Jonathan </s> firstname is Jonathan ; lastname is Calleri ; teamname is Osasuna ; age is 27 ; height is 181. </s> firstname is Jonathan ; lastname is David ; teamname is Lille ; age is 21 ; height is 177.	uniform_false
Álvaro has lower measurement than Álvaro </s> firstname is Álvaro ; lastname is Morata ; teamname is Juventus ; age is 28 ; rating is 6.882068965517241. </s> firstname is Álvaro ; lastname is Fernández ; teamname is SD Huesca ; age is 23 ; rating is 6.658888888888887.	uniform_false
Townsend has different tournament as Townsend </s> lastname is Townsend ; firstname is Andros ; teamname is Crystal Palace ; tournamentid is 2 ; tournamentregioncode is gb-eng. </s> lastname is Townsend ; firstname is Andros ; teamname is Crystal Palace ; tournamentid is 2 ; tournamentregioncode is gb-eng.	uniform_false
Diego has different tournament as Diego </s> firstname is Diego ; lastname is Godín ; teamname is Cagliari ; tournamentregionid is 108 ; tournamentregionname is Italy. </s> firstname is Diego ; lastname is Godín ; teamname is Cagliari ; tournamentregionid is 108 ; tournamentregionname is Italy.	uniform_false
Thomas has lower measurement than Thomas </s> firstname is Thomas ; lastname is Foket ; teamname is Reims ; age is 26 ; weight is 72. </s> firstname is Thomas ; lastname is Lemar ; teamname is Atletico ; age is 25 ; weight is 63.	uniform_false
Rodrigo has different game as Rodrigo </s> firstname is Rodrigo ; lastname is Hernández Cascante ; teamname is Man City ; shotspergame is 0.9666666666666667 ; aerialwonpergame is 2.5. </s> firstname is Rodrigo ; lastname is Hernández Cascante ; teamname is Man City ; shotspergame is 0.9666666666666667 ; aerialwonpergame is 2.5.	uniform_false
Lucas has lower measurement than Lucas </s> firstname is Lucas ; lastname is Torró ; teamname is Osasuna ; age is 26 ; rating is 6.856190476190475. </s> firstname is Lucas ; lastname is Tousart ; teamname is Hertha Berlin ; age is 24 ; rating is 6.7075000000000005.	uniform_false
Grillitsch has different team as Grillitsch </s> lastname is Grillitsch ; firstname is Florian ; teamname is Hoffenheim ; teamid is 1211 ; teamregionname is Germany. </s> lastname is Grillitsch ; firstname is Florian ; teamname is Hoffenheim ; teamid is 1211 ; teamregionname is Germany.	uniform_false
Kieran has different tournament as Kieran </s> firstname is Kieran ; lastname is Trippier ; teamname is Atletico ; tournamentregioncode is es ; tournamentname is LaLiga. </s> firstname is Kieran ; lastname is Trippier ; teamname is Atletico ; tournamentregioncode is es ; tournamentname is LaLiga.	uniform_false
Colley has different rate as Colley </s> lastname is Colley ; firstname is Omar ; teamname is Sampdoria ; ranking is 383 ; rating is 6.8888461538461545. </s> lastname is Colley ; firstname is Omar ; teamname is Sampdoria ; ranking is 383 ; rating is 6.8888461538461545.	uniform_false
Mohamed has different position as Mohamed </s> firstname is Mohamed ; lastname is Salah Ghaly ; teamname is Liverpool ; ranking is 193 ; positiontext is Forward. </s> firstname is Mohamed ; lastname is Salah Ghaly ; teamname is Liverpool ; ranking is 193 ; positiontext is Forward.	uniform_false
Jiménez has lower game than Jiménez </s> lastname is Jiménez ; firstname is Raúl ; teamname is Wolves ; shotspergame is 2.6 ; aerialwonpergame is 1.5. </s> lastname is Jiménez ; firstname is Ángel ; teamname is Granada ; shotspergame is 0.0 ; aerialwonpergame is 1.0.	uniform_false
Pablo has lower measurement than Pablo </s> firstname is Pablo ; lastname is Nascimento Castro ; teamname is Bordeaux ; height is 188 ; weight is 86. </s> firstname is Pablo ; lastname is Fornals ; teamname is West Ham ; height is 178 ; weight is 67.	uniform_false
