Callum has less than 70 passsuccess </s> firstname is Callum ; passsuccess is 86.3720073664825 ; lastname is Hudson-Odoi. </s> firstname is Callum ; passsuccess is 70.0 ; lastname is Wilson.	contradicting
Alexis has more than 1 redcard </s> firstname is Alexis ; redcard is 0.0 ; lastname is Flips. </s> firstname is Alexis ; redcard is 1.0 ; lastname is Saelemaekers.	contradicting
Fofana has less than 0 assisttotal </s> lastname is Fofana ; assisttotal is 3 ; firstname is Seko. </s> lastname is Fofana ; assisttotal is 0 ; firstname is Wesley.	contradicting
Lucas has es tournamentregioncode </s> firstname is Lucas ; tournamentregioncode is gb-eng ; lastname is Digne. </s> firstname is Lucas ; tournamentregioncode is es ; lastname is Torró.	contradicting
Sergio has 365 ranking </s> firstname is Sergio ; ranking is 282 ; lastname is Ramos. </s> firstname is Sergio ; ranking is 365 ; lastname is Escudero.	contradicting
Leandro has Ligue 1 tournamentname </s> firstname is Leandro ; tournamentname is Bundesliga ; lastname is Barreiro Martins. </s> firstname is Leandro ; tournamentname is Ligue 1 ; lastname is Paredes.	contradicting
Romain has more than 2644 minsplayed </s> firstname is Romain ; minsplayed is 2228 ; lastname is Saïss. </s> firstname is Romain ; minsplayed is 2644 ; lastname is Faivre.	contradicting
Bastoni has 75 weight </s> lastname is Bastoni ; weight is 74 ; firstname is Simone. </s> lastname is Bastoni ; weight is 75 ; firstname is Alessandro.	contradicting
Sergio has fr tournamentregioncode </s> firstname is Sergio ; tournamentregioncode is es ; lastname is Busquets. </s> firstname is Sergio ; tournamentregioncode is fr ; lastname is Rico.	contradicting
García has more than 2559 minsplayed </s> lastname is García ; minsplayed is 1686 ; firstname is Raúl. </s> lastname is García ; minsplayed is 2559 ; firstname is Rubén.	contradicting
Kamara has 84.14804469273743 passsuccess </s> lastname is Kamara ; passsuccess is 86.32523759239704 ; firstname is Boubacar. </s> lastname is Kamara ; passsuccess is 84.14804469273743 ; firstname is Hassane.	contradicting
Maximilian has more than 1.2 aerialwonpergame </s> firstname is Maximilian ; aerialwonpergame is 1.0 ; lastname is Mittelstädt. </s> firstname is Maximilian ; aerialwonpergame is 1.2 ; lastname is Eggestein.	contradicting
Rubén has 3 goal </s> firstname is Rubén ; goal is 1 ; lastname is Sobrino. </s> firstname is Rubén ; goal is 3 ; lastname is García.	contradicting
Adams has more than 24 age </s> lastname is Adams ; age is 22 ; firstname is Tyler. </s> lastname is Adams ; age is 24 ; firstname is Che.	contradicting
Stefan has more than 1 assisttotal </s> firstname is Stefan ; assisttotal is 0 ; lastname is de Vrij. </s> firstname is Stefan ; assisttotal is 1 ; lastname is Lainer.	contradicting
Haidara has ml regioncode </s> lastname is Haidara ; regioncode is sn ; firstname is Massadio. </s> lastname is Haidara ; regioncode is ml ; firstname is Amadou.	contradicting
Hernández has Italy tournamentregionname </s> lastname is Hernández ; tournamentregionname is Spain ; firstname is Aridane. </s> lastname is Hernández ; tournamentregionname is Italy ; firstname is Theo.	contradicting
Anthony has France tournamentregionname </s> firstname is Anthony ; tournamentregionname is England ; lastname is Martial. </s> firstname is Anthony ; tournamentregionname is France ; lastname is Caci.	contradicting
Alexander has less than 1 subon </s> firstname is Alexander ; subon is 7 ; lastname is Hack. </s> firstname is Alexander ; subon is 1 ; lastname is Djiku.	contradicting
Stefan has 530 index </s> firstname is Stefan ; index is 589 ; lastname is Ortega Moreno. </s> firstname is Stefan ; index is 530 ; lastname is Radu.	contradicting
Allan has Forward positiontext </s> firstname is Allan ; positiontext is Midfielder ; lastname is Marques Loureiro. </s> firstname is Allan ; positiontext is Forward ; lastname is Saint-Maximin.	contradicting
Thomas has fr regioncode </s> firstname is Thomas ; regioncode is dk ; lastname is Delaney. </s> firstname is Thomas ; regioncode is fr ; lastname is Mangani.	contradicting
García has less than 0 redcard </s> lastname is García ; redcard is 1.0 ; firstname is Raúl. </s> lastname is García ; redcard is 0.0 ; firstname is Raúl.	contradicting
Anthony has 1 redcard </s> firstname is Anthony ; redcard is 0.0 ; lastname is Lopes. </s> firstname is Anthony ; redcard is 1.0 ; lastname is Martial.	contradicting
David has 252 tournamentregionid </s> firstname is David ; tournamentregionid is 206 ; lastname is Ferreiro. </s> firstname is David ; tournamentregionid is 252 ; lastname is McGoldrick.	contradicting
Sánchez has Forward positiontext </s> lastname is Sánchez ; positiontext is Defender ; firstname is Manuel. </s> lastname is Sánchez ; positiontext is Forward ; firstname is Alexis.	contradicting
Stefan has 31 apps </s> firstname is Stefan ; apps is 30 ; lastname is Savic. </s> firstname is Stefan ; apps is 31 ; lastname is de Vrij.	contradicting
Florian has Spain teamregionname </s> firstname is Florian ; teamregionname is Germany ; lastname is Hübner. </s> firstname is Florian ; teamregionname is Spain ; lastname is Lejeune.	contradicting
Martínez has more than 2970 minsplayed </s> lastname is Martínez ; minsplayed is 2315 ; firstname is Lautaro. </s> lastname is Martínez ; minsplayed is 2970 ; firstname is Emiliano.	contradicting
Llorente has Spain teamregionname </s> lastname is Llorente ; teamregionname is England ; firstname is Diego. </s> lastname is Llorente ; teamregionname is Spain ; firstname is Marcos.	contradicting
Traoré has more than 1.5161290322580645 shotspergame </s> lastname is Traoré ; shotspergame is 0.14285714285714285 ; firstname is Charles. </s> lastname is Traoré ; shotspergame is 1.5161290322580645 ; firstname is Bertrand.	contradicting
Sergio has more than 31 age </s> firstname is Sergio ; age is 30 ; lastname is Canales. </s> firstname is Sergio ; age is 31 ; lastname is Escudero.	contradicting
Daniel has less than 2585 minsplayed </s> firstname is Daniel ; minsplayed is 3089 ; lastname is Congré. </s> firstname is Daniel ; minsplayed is 2585 ; lastname is Caligiuri.	contradicting
Alexandre has less than 0 manofthematch </s> firstname is Alexandre ; manofthematch is 3 ; lastname is Lacazette. </s> firstname is Alexandre ; manofthematch is 0 ; lastname is Moreno Lopera.	contradicting
García has 6.66483870967742 rating </s> lastname is García ; rating is 6.810294117647057 ; firstname is Rubén. </s> lastname is García ; rating is 6.66483870967742 ; firstname is Raúl.	contradicting
Fofana has more than 190 height </s> lastname is Fofana ; height is 183 ; firstname is Seko. </s> lastname is Fofana ; height is 190 ; firstname is Wesley.	contradicting
Gómez has 8321 seasonid </s> lastname is Gómez ; seasonid is 8330 ; firstname is Alejandro. </s> lastname is Gómez ; seasonid is 8321 ; firstname is Alejandro.	contradicting
Lucas has less than 25 age </s> firstname is Lucas ; age is 26 ; lastname is Torró. </s> firstname is Lucas ; age is 25 ; lastname is Boyé.	contradicting
García has 1686 minsplayed </s> lastname is García ; minsplayed is 2790 ; firstname is David. </s> lastname is García ; minsplayed is 1686 ; firstname is Raúl.	contradicting
Lucas has 206 tournamentregionid </s> firstname is Lucas ; tournamentregionid is 81 ; lastname is Höler. </s> firstname is Lucas ; tournamentregionid is 206 ; lastname is Olaza.	contradicting
Chris has 73380 playerid </s> firstname is Chris ; playerid is 71345 ; lastname is Smalling. </s> firstname is Chris ; playerid is 73380 ; lastname is Wood.	contradicting
Fofana has ci regioncode </s> lastname is Fofana ; regioncode is fr ; firstname is Wesley. </s> lastname is Fofana ; regioncode is ci ; firstname is Seko.	contradicting
Olaza has less than f isactive </s> lastname is Olaza ; isactive is True ; firstname is Lucas. </s> lastname is Olaza ; isactive is False ; firstname is Lucas.	contradicting
James has 2970 minsplayed </s> firstname is James ; minsplayed is 2880 ; lastname is Tarkowski. </s> firstname is James ; minsplayed is 2970 ; lastname is Ward-Prowse.	contradicting
Lucas has less than 1.0909090909090908 aerialwonpergame </s> firstname is Lucas ; aerialwonpergame is 1.2666666666666666 ; lastname is Boyé. </s> firstname is Lucas ; aerialwonpergame is 1.0909090909090908 ; lastname is Olaza.	contradicting
da Silva has Premier League tournamentname </s> lastname is da Silva ; tournamentname is Ligue 1 ; firstname is Fabio Pereira. </s> lastname is da Silva ; tournamentname is Premier League ; firstname is Thiago Emiliano.	contradicting
Christian has 31 apps </s> firstname is Christian ; apps is 23 ; lastname is Eriksen. </s> firstname is Christian ; apps is 31 ; lastname is Günter.	contradicting
Adams has more than 1.5 shotspergame </s> lastname is Adams ; shotspergame is 0.25925925925925924 ; firstname is Tyler. </s> lastname is Adams ; shotspergame is 1.5 ; firstname is Che.	contradicting
Schlotterbeck has less than 1039 minsplayed </s> lastname is Schlotterbeck ; minsplayed is 1644 ; firstname is Keven. </s> lastname is Schlotterbeck ; minsplayed is 1039 ; firstname is Nico.	contradicting
Tomori has t isactive </s> lastname is Tomori ; isactive is False ; firstname is Fikayo. </s> lastname is Tomori ; isactive is True ; firstname is Fikayo.	contradicting
Thomas has 72 weight </s> firstname is Thomas ; weight is 77 ; lastname is Partey. </s> firstname is Thomas ; weight is 72 ; lastname is Foket.	contradicting
Stefan has less than 1.2 aerialwonpergame </s> firstname is Stefan ; aerialwonpergame is 2.8333333333333335 ; lastname is Savic. </s> firstname is Stefan ; aerialwonpergame is 1.2 ; lastname is Lainer.	contradicting
Pablo has f isactive </s> firstname is Pablo ; isactive is True ; lastname is Sarabia. </s> firstname is Pablo ; isactive is False ; lastname is Nascimento Castro.	contradicting
Stefan has 28 age </s> firstname is Stefan ; age is 29 ; lastname is de Vrij. </s> firstname is Stefan ; age is 28 ; lastname is Lainer.	contradicting
Gianluigi has more than 33 apps </s> firstname is Gianluigi ; apps is 7 ; lastname is Buffon. </s> firstname is Gianluigi ; apps is 33 ; lastname is Donnarumma.	contradicting
Gómez has more than 6 yellowcard </s> lastname is Gómez ; yellowcard is 0.0 ; firstname is Alejandro. </s> lastname is Gómez ; yellowcard is 6.0 ; firstname is Maximiliano.	contradicting
Hernández has 81 weight </s> lastname is Hernández ; weight is 76 ; firstname is Lucas. </s> lastname is Hernández ; weight is 81 ; firstname is Theo.	contradicting
da Silva has more than 7.065806451612903 rating </s> lastname is da Silva ; rating is 6.678571428571429 ; firstname is Fabio Pereira. </s> lastname is da Silva ; rating is 7.065806451612903 ; firstname is Danilo Luiz.	contradicting
Correa has more than 1 redcard </s> lastname is Correa ; redcard is 0.0 ; firstname is Ángel. </s> lastname is Correa ; redcard is 1.0 ; firstname is Joaquín.	contradicting
Diallo has Defender positiontext </s> lastname is Diallo ; positiontext is Forward ; firstname is Habib. </s> lastname is Diallo ; positiontext is Defender ; firstname is Abdou.	contradicting
Pérez has 21 apps </s> lastname is Pérez ; apps is 1 ; firstname is Juan. </s> lastname is Pérez ; apps is 21 ; firstname is Ayoze.	contradicting
Romain has 84.13736713000817 passsuccess </s> firstname is Romain ; passsuccess is 79.85663082437277 ; lastname is Perraud. </s> firstname is Romain ; passsuccess is 84.13736713000817 ; lastname is Faivre.	contradicting
González has AM(C) playedpositionsshort </s> lastname is González ; playedpositionsshort is M(CLR),FW ; firstname is Nicolás. </s> lastname is González ; playedpositionsshort is AM(C) ; firstname is Pedro.	contradicting
Fofana has less than f isactive </s> lastname is Fofana ; isactive is True ; firstname is Wesley. </s> lastname is Fofana ; isactive is False ; firstname is Wesley.	contradicting
Robin has D(L),M(CL) playedpositionsshort </s> firstname is Robin ; playedpositionsshort is D(C) ; lastname is Knoche. </s> firstname is Robin ; playedpositionsshort is D(L),M(CL) ; lastname is Gosens.	contradicting
Sergio has 176 height </s> firstname is Sergio ; height is 189 ; lastname is Busquets. </s> firstname is Sergio ; height is 176 ; lastname is Canales.	contradicting
Marcos has less than 0 manofthematch </s> firstname is Marcos ; manofthematch is 3 ; lastname is Llorente. </s> firstname is Marcos ; manofthematch is 0 ; lastname is Aoas Correa.	contradicting
Hernández has less than 1358 minsplayed </s> lastname is Hernández ; minsplayed is 1938 ; firstname is Aridane. </s> lastname is Hernández ; minsplayed is 1358 ; firstname is Lucas.	contradicting
Sarr has less than 0 manofthematch </s> lastname is Sarr ; manofthematch is 1 ; firstname is Pape. </s> lastname is Sarr ; manofthematch is 0 ; firstname is Bouna.	contradicting
García has more than 6.810294117647057 rating </s> lastname is García ; rating is 6.66 ; firstname is Raúl. </s> lastname is García ; rating is 6.810294117647057 ; firstname is Rubén.	contradicting
Sergio has more than 4 yellowcard </s> firstname is Sergio ; yellowcard is 3.0 ; lastname is Ramos. </s> firstname is Sergio ; yellowcard is 4.0 ; lastname is Reguilón.	contradicting
Reine-Adélaïde has more than 2 subon </s> lastname is Reine-Adélaïde ; subon is 1 ; firstname is Jeff. </s> lastname is Reine-Adélaïde ; subon is 2 ; firstname is Jeff.	contradicting
David has less than 0.41935483870967744 shotspergame </s> firstname is David ; shotspergame is 0.8333333333333334 ; lastname is Silva. </s> firstname is David ; shotspergame is 0.41935483870967744 ; lastname is García.	contradicting
David has more than 2042 minsplayed </s> firstname is David ; minsplayed is 90 ; lastname is Button. </s> firstname is David ; minsplayed is 2042 ; lastname is McGoldrick.	contradicting
Lucas has 1 manofthematch </s> firstname is Lucas ; manofthematch is 3 ; lastname is Alario. </s> firstname is Lucas ; manofthematch is 1 ; lastname is Hernández.	contradicting
Townsend has 168 height </s> lastname is Townsend ; height is 181 ; firstname is Andros. </s> lastname is Townsend ; height is 168 ; firstname is Conor.	contradicting
Herrera has less than 1 subon </s> lastname is Herrera ; subon is 13 ; firstname is Ander. </s> lastname is Herrera ; subon is 1 ; firstname is Sergio.	contradicting
Jiménez has 4 goal </s> lastname is Jiménez ; goal is 0 ; firstname is Ángel. </s> lastname is Jiménez ; goal is 4 ; firstname is Raúl.	contradicting
Federico has 0.3333333333333333 aerialwonpergame </s> firstname is Federico ; aerialwonpergame is 3.1904761904761907 ; lastname is Ceccherini. </s> firstname is Federico ; aerialwonpergame is 0.3333333333333333 ; lastname is Chiesa.	contradicting
da Silva has more than 1 redcard </s> lastname is da Silva ; redcard is 0.0 ; firstname is Danilo Luiz. </s> lastname is da Silva ; redcard is 1.0 ; firstname is Fabio Pereira.	contradicting
Julian has 1 redcard </s> firstname is Julian ; redcard is 0.0 ; lastname is Baumgartlinger. </s> firstname is Julian ; redcard is 1.0 ; lastname is Chabot.	contradicting
Traoré has -AMR-FW- playedpositions </s> lastname is Traoré ; playedpositions is -DL-ML- ; firstname is Charles. </s> lastname is Traoré ; playedpositions is -AMR-FW- ; firstname is Bertrand.	contradicting
Stefan has less than 1 yellowcard </s> firstname is Stefan ; yellowcard is 2.0 ; lastname is Lainer. </s> firstname is Stefan ; yellowcard is 1.0 ; lastname is Ortega Moreno.	contradicting
Manuel has less than 6.8876 rating </s> firstname is Manuel ; rating is 6.96 ; lastname is Sánchez. </s> firstname is Manuel ; rating is 6.8876 ; lastname is Akanji.	contradicting
da Silva has 74 tournamentregionid </s> lastname is da Silva ; tournamentregionid is 108 ; firstname is Danilo Luiz. </s> lastname is da Silva ; tournamentregionid is 74 ; firstname is Fabio Pereira.	contradicting
Traoré has more than 6.871249999999997 rating </s> lastname is Traoré ; rating is 6.762903225806452 ; firstname is Bertrand. </s> lastname is Traoré ; rating is 6.871249999999997 ; firstname is Hamari.	contradicting
Marcos has more than 12 goal </s> firstname is Marcos ; goal is 1 ; lastname is Acuña. </s> firstname is Marcos ; goal is 12 ; lastname is Llorente.	contradicting
Gómez has 0 redcard </s> lastname is Gómez ; redcard is 1.0 ; firstname is Maximiliano. </s> lastname is Gómez ; redcard is 0.0 ; firstname is Sergi.	contradicting
Alcántara do Nascimento has 1.15 shotspergame </s> lastname is Alcántara do Nascimento ; shotspergame is 0.7368421052631579 ; firstname is Thiago. </s> lastname is Alcántara do Nascimento ; shotspergame is 1.15 ; firstname is Rafael.	contradicting
Victor has more than 8 subon </s> firstname is Victor ; subon is 1 ; lastname is Chust. </s> firstname is Victor ; subon is 8 ; lastname is Osimhen.	contradicting
Jonathan has 3 yellowcard </s> firstname is Jonathan ; yellowcard is 1.0 ; lastname is Clauss. </s> firstname is Jonathan ; yellowcard is 3.0 ; lastname is Tah.	contradicting
Sánchez has more than 2070 minsplayed </s> lastname is Sánchez ; minsplayed is 1023 ; firstname is Alexis. </s> lastname is Sánchez ; minsplayed is 2070 ; firstname is Robert.	contradicting
Mason has more than 2 assisttotal </s> firstname is Mason ; assisttotal is 0 ; lastname is Holgate. </s> firstname is Mason ; assisttotal is 2 ; lastname is Greenwood.	contradicting
Florian has 2582 minsplayed </s> firstname is Florian ; minsplayed is 526 ; lastname is Hübner. </s> firstname is Florian ; minsplayed is 2582 ; lastname is Thauvin.	contradicting
Luis has -AMC-AML-AMR-FW- playedpositions </s> firstname is Luis ; playedpositions is -DMC- ; lastname is Milla. </s> firstname is Luis ; playedpositions is -AMC-AML-AMR-FW- ; lastname is Suárez.	contradicting
Günter has D(C) playedpositionsshort </s> lastname is Günter ; playedpositionsshort is D(L),M(L) ; firstname is Christian. </s> lastname is Günter ; playedpositionsshort is D(C) ; firstname is Koray.	contradicting
Romain has 0.7037037037037037 aerialwonpergame </s> firstname is Romain ; aerialwonpergame is 3.0 ; lastname is Thomas. </s> firstname is Romain ; aerialwonpergame is 0.7037037037037037 ; lastname is Hamouma.	contradicting
Jeff has more than 2 subon </s> firstname is Jeff ; subon is 1 ; lastname is Reine-Adélaïde. </s> firstname is Jeff ; subon is 2 ; lastname is Reine-Adélaïde.	contradicting
Haidara has 28 age </s> lastname is Haidara ; age is 23 ; firstname is Amadou. </s> lastname is Haidara ; age is 28 ; firstname is Massadio.	contradicting
Lucas has 84 weight </s> firstname is Lucas ; weight is 78 ; lastname is Alario. </s> firstname is Lucas ; weight is 84 ; lastname is Ocampos.	contradicting
