Llorente has more than 83.77635197066911 passsuccess </s> lastname is Llorente ; passsuccess is 82.75862068965517 ; firstname is Diego. </s> lastname is Llorente ; passsuccess is 83.77635197066911 ; firstname is Marcos.	uniform_false
Phillips has not EPL tournamentshortname </s> lastname is Phillips ; tournamentshortname is EPL ; firstname is Nathaniel. </s> lastname is Phillips ; tournamentshortname is EPL ; firstname is Nathaniel.	uniform_false
Laurent has more than 0.7714285714285715 shotspergame </s> firstname is Laurent ; shotspergame is 0.24 ; lastname is Koscielny. </s> firstname is Laurent ; shotspergame is 0.7714285714285715 ; lastname is Abergel.	uniform_false
Zambo Anguissa has not gb-eng tournamentregioncode </s> lastname is Zambo Anguissa ; tournamentregioncode is gb-eng ; firstname is André-Frank. </s> lastname is Zambo Anguissa ; tournamentregioncode is gb-eng ; firstname is André-Frank.	uniform_false
Julian has not f ismanofthematch </s> firstname is Julian ; ismanofthematch is False ; lastname is Chabot. </s> firstname is Julian ; ismanofthematch is False ; lastname is Baumgartlinger.	uniform_false
Sergio has not 362275 playerid </s> firstname is Sergio ; playerid is 362275 ; lastname is Reguilón. </s> firstname is Sergio ; playerid is 362275 ; lastname is Reguilón.	uniform_false
Santamaría has less than 0 goal </s> lastname is Santamaría ; goal is 1 ; firstname is Baptiste. </s> lastname is Santamaría ; goal is 0 ; firstname is Baptiste.	uniform_false
Chiesa has more than 80.3225806451613 passsuccess </s> lastname is Chiesa ; passsuccess is 79.54545454545455 ; firstname is Federico. </s> lastname is Chiesa ; passsuccess is 80.3225806451613 ; firstname is Federico.	uniform_false
Milla has not 531 index </s> lastname is Milla ; index is 531 ; firstname is Luis. </s> lastname is Milla ; index is 531 ; firstname is Luis.	uniform_false
Partey has more than 1.05 aerialwonpergame </s> lastname is Partey ; aerialwonpergame is 0.6666666666666666 ; firstname is Thomas. </s> lastname is Partey ; aerialwonpergame is 1.05 ; firstname is Thomas.	uniform_false
Anthony has more than 6.762333333333332 rating </s> firstname is Anthony ; rating is 6.740857142857142 ; lastname is Lopes. </s> firstname is Anthony ; rating is 6.762333333333332 ; lastname is Caci.	uniform_false
Mwene has not 8279 seasonid </s> lastname is Mwene ; seasonid is 8279 ; firstname is Philipp. </s> lastname is Mwene ; seasonid is 8279 ; firstname is Philipp.	uniform_false
Herrera has more than 0.3870967741935484 aerialwonpergame </s> lastname is Herrera ; aerialwonpergame is 0.25 ; firstname is Ander. </s> lastname is Herrera ; aerialwonpergame is 0.3870967741935484 ; firstname is Sergio.	uniform_false
John has less than 6.9493103448275875 rating </s> firstname is John ; rating is 7.022999999999999 ; lastname is Stones. </s> firstname is John ; rating is 6.9493103448275875 ; lastname is Brooks.	uniform_false
Yunis has not t isactive </s> firstname is Yunis ; isactive is True ; lastname is Abdelhamid. </s> firstname is Yunis ; isactive is True ; lastname is Abdelhamid.	uniform_false
Nabil has not 146 ranking </s> firstname is Nabil ; ranking is 146 ; lastname is Fekir. </s> firstname is Nabil ; ranking is 146 ; lastname is Fekir.	uniform_false
Gómez has more than 186 height </s> lastname is Gómez ; height is 185 ; firstname is Sergi. </s> lastname is Gómez ; height is 186 ; firstname is Maximiliano.	uniform_false
Hassan has not Mahmoud Ahmed Ibrahim firstname </s> lastname is Hassan ; firstname is Mahmoud Ahmed Ibrahim ; firstname is Mahmoud Ahmed Ibrahim. </s> lastname is Hassan ; firstname is Mahmoud Ahmed Ibrahim ; firstname is Mahmoud Ahmed Ibrahim.	uniform_false
Cairney has not 30 age </s> lastname is Cairney ; age is 30 ; firstname is Tom. </s> lastname is Cairney ; age is 30 ; firstname is Tom.	uniform_false
James has not 0 redcard </s> firstname is James ; redcard is 0.0 ; lastname is Rodríguez. </s> firstname is James ; redcard is 0.0 ; lastname is McArthur.	uniform_false
Diop has more than 4 yellowcard </s> lastname is Diop ; yellowcard is 3.0 ; firstname is Issa. </s> lastname is Diop ; yellowcard is 4.0 ; firstname is Sofiane.	uniform_false
Liam has not Liam Cooper name </s> firstname is Liam ; name is Liam Cooper ; lastname is Cooper. </s> firstname is Liam ; name is Liam Cooper ; lastname is Cooper.	uniform_false
Tomas has not EPL tournamentshortname </s> firstname is Tomas ; tournamentshortname is EPL ; lastname is Soucek. </s> firstname is Tomas ; tournamentshortname is EPL ; lastname is Soucek.	uniform_false
Ander has not 1596 minsplayed </s> firstname is Ander ; minsplayed is 1596 ; lastname is Herrera. </s> firstname is Ander ; minsplayed is 1596 ; lastname is Herrera.	uniform_false
Partey has less than 0.6666666666666666 aerialwonpergame </s> lastname is Partey ; aerialwonpergame is 1.05 ; firstname is Thomas. </s> lastname is Partey ; aerialwonpergame is 0.6666666666666666 ; firstname is Thomas.	uniform_false
Traoré has less than 6.871249999999997 rating </s> lastname is Traoré ; rating is 7.1078787878787875 ; firstname is Adama. </s> lastname is Traoré ; rating is 6.871249999999997 ; firstname is Hamari.	uniform_false
Fabián has more than 1.3793103448275863 shotspergame </s> firstname is Fabián ; shotspergame is 0.5714285714285714 ; lastname is Balbuena. </s> firstname is Fabián ; shotspergame is 1.3793103448275863 ; lastname is Ruiz.	uniform_false
Tomiyasu has not 513 index </s> lastname is Tomiyasu ; index is 513 ; firstname is Takehiro. </s> lastname is Tomiyasu ; index is 513 ; firstname is Takehiro.	uniform_false
Andreas has more than 6.6712 rating </s> firstname is Andreas ; rating is 6.670714285714285 ; lastname is Luthe. </s> firstname is Andreas ; rating is 6.6712 ; lastname is Cornelius.	uniform_false
Sánchez has not 0 redcard </s> lastname is Sánchez ; redcard is 0.0 ; firstname is Davinson. </s> lastname is Sánchez ; redcard is 0.0 ; firstname is Manuel.	uniform_false
Darida has not 884 ranking </s> lastname is Darida ; ranking is 884 ; firstname is Vladimír. </s> lastname is Darida ; ranking is 884 ; firstname is Vladimír.	uniform_false
García has not 2 yellowcard </s> lastname is García ; yellowcard is 2.0 ; firstname is Rubén. </s> lastname is García ; yellowcard is 2.0 ; firstname is Rubén.	uniform_false
Alexis has not 108 tournamentregionid </s> firstname is Alexis ; tournamentregionid is 108 ; lastname is Sánchez. </s> firstname is Alexis ; tournamentregionid is 108 ; lastname is Saelemaekers.	uniform_false
Lucas has not 2 subon </s> firstname is Lucas ; subon is 2 ; lastname is Boyé. </s> firstname is Lucas ; subon is 2 ; lastname is Boyé.	uniform_false
Guilbert has not Frédéric firstname </s> lastname is Guilbert ; firstname is Frédéric ; firstname is Frédéric. </s> lastname is Guilbert ; firstname is Frédéric ; firstname is Frédéric.	uniform_false
Anthony has not 632 index </s> firstname is Anthony ; index is 632 ; lastname is Caci. </s> firstname is Anthony ; index is 632 ; lastname is Caci.	uniform_false
Llorente has not Spain teamregionname </s> lastname is Llorente ; teamregionname is Spain ; firstname is Marcos. </s> lastname is Llorente ; teamregionname is Spain ; firstname is Diego.	uniform_false
Stefan has not D(C) playedpositionsshort </s> firstname is Stefan ; playedpositionsshort is D(C) ; lastname is Savic. </s> firstname is Stefan ; playedpositionsshort is D(C) ; lastname is Savic.	uniform_false
Sánchez has more than 197 height </s> lastname is Sánchez ; height is 187 ; firstname is Davinson. </s> lastname is Sánchez ; height is 197 ; firstname is Robert.	uniform_false
Córdoba has not 7 goal </s> lastname is Córdoba ; goal is 7 ; firstname is Jhon. </s> lastname is Córdoba ; goal is 7 ; firstname is Jhon.	uniform_false
James has more than 1.2121212121212122 aerialwonpergame </s> firstname is James ; aerialwonpergame is 0.2727272727272727 ; lastname is Rodríguez. </s> firstname is James ; aerialwonpergame is 1.2121212121212122 ; lastname is Ward-Prowse.	uniform_false
Lucas has not 2020/2021 seasonname </s> firstname is Lucas ; seasonname is 2020/2021 ; lastname is Tolentino Coelho de Lima. </s> firstname is Lucas ; seasonname is 2020/2021 ; lastname is Vázquez.	uniform_false
Paul has more than 85 weight </s> firstname is Paul ; weight is 84 ; lastname is Pogba. </s> firstname is Paul ; weight is 85 ; lastname is Baysse.	uniform_false
Daniel has more than 1 manofthematch </s> firstname is Daniel ; manofthematch is 0 ; lastname is Carvajal. </s> firstname is Daniel ; manofthematch is 1 ; lastname is Parejo.	uniform_false
Bastoni has not 2 manofthematch </s> lastname is Bastoni ; manofthematch is 2 ; firstname is Simone. </s> lastname is Bastoni ; manofthematch is 2 ; firstname is Simone.	uniform_false
Fofana has more than 22 age </s> lastname is Fofana ; age is 20 ; firstname is Wesley. </s> lastname is Fofana ; age is 22 ; firstname is Youssouf.	uniform_false
Lucas has less than 180 height </s> firstname is Lucas ; height is 190 ; lastname is Torró. </s> firstname is Lucas ; height is 180 ; lastname is Tolentino Coelho de Lima.	uniform_false
Jan has not 76662 playerid </s> firstname is Jan ; playerid is 76662 ; lastname is Oblak. </s> firstname is Jan ; playerid is 76662 ; lastname is Oblak.	uniform_false
Bissouma has not Premier League tournamentname </s> lastname is Bissouma ; tournamentname is Premier League ; firstname is Yves. </s> lastname is Bissouma ; tournamentname is Premier League ; firstname is Yves.	uniform_false
Bernardo Mota has not EPL tournamentshortname </s> firstname is Bernardo Mota ; tournamentshortname is EPL ; lastname is Veiga de Carvalho e Silva. </s> firstname is Bernardo Mota ; tournamentshortname is EPL ; lastname is Veiga de Carvalho e Silva.	uniform_false
Sánchez has less than 0 yellowcard </s> lastname is Sánchez ; yellowcard is 1.0 ; firstname is Davinson. </s> lastname is Sánchez ; yellowcard is 0.0 ; firstname is Manuel.	uniform_false
García has more than 10 subon </s> lastname is García ; subon is 0 ; firstname is David. </s> lastname is García ; subon is 10 ; firstname is Raúl.	uniform_false
Kylian has not 7 assisttotal </s> firstname is Kylian ; assisttotal is 7 ; lastname is Mbappé. </s> firstname is Kylian ; assisttotal is 7 ; lastname is Mbappé.	uniform_false
Lucas has less than 2 yellowcard </s> firstname is Lucas ; yellowcard is 3.0 ; lastname is Hernández. </s> firstname is Lucas ; yellowcard is 2.0 ; lastname is Alario.	uniform_false
Watkins has not 2020/2021 seasonname </s> lastname is Watkins ; seasonname is 2020/2021 ; firstname is Ollie. </s> lastname is Watkins ; seasonname is 2020/2021 ; firstname is Ollie.	uniform_false
Florian has more than 6.908333333333332 rating </s> firstname is Florian ; rating is 6.722173913043479 ; lastname is Grillitsch. </s> firstname is Florian ; rating is 6.908333333333332 ; lastname is Hübner.	uniform_false
Lejeune has not 206 tournamentregionid </s> lastname is Lejeune ; tournamentregionid is 206 ; firstname is Florian. </s> lastname is Lejeune ; tournamentregionid is 206 ; firstname is Florian.	uniform_false
Traoré has more than 2409 minsplayed </s> lastname is Traoré ; minsplayed is 1695 ; firstname is Charles. </s> lastname is Traoré ; minsplayed is 2409 ; firstname is Adama.	uniform_false
Sánchez has less than 6.651739130434783 rating </s> lastname is Sánchez ; rating is 6.683529411764706 ; firstname is Davinson. </s> lastname is Sánchez ; rating is 6.651739130434783 ; firstname is Robert.	uniform_false
Marcos has not es regioncode </s> firstname is Marcos ; regioncode is es ; lastname is Llorente. </s> firstname is Marcos ; regioncode is es ; lastname is Alonso.	uniform_false
Laurent has not 6.784857142857142 rating </s> firstname is Laurent ; rating is 6.784857142857142 ; lastname is Abergel. </s> firstname is Laurent ; rating is 6.784857142857142 ; lastname is Abergel.	uniform_false
Uros has not 8321 seasonid </s> firstname is Uros ; seasonid is 8321 ; lastname is Racic. </s> firstname is Uros ; seasonid is 8321 ; lastname is Racic.	uniform_false
Benjamin has not Bayern teamname </s> firstname is Benjamin ; teamname is Bayern ; lastname is Pavard. </s> firstname is Benjamin ; teamname is Bayern ; lastname is Pavard.	uniform_false
Mendy has less than 6.658181818181819 rating </s> lastname is Mendy ; rating is 6.8415384615384625 ; firstname is Ferland. </s> lastname is Mendy ; rating is 6.658181818181819 ; firstname is Benjamin.	uniform_false
Sergio has not 0 manofthematch </s> firstname is Sergio ; manofthematch is 0 ; lastname is Rico. </s> firstname is Sergio ; manofthematch is 0 ; lastname is Canales.	uniform_false
Dias Belloli has not 26 apps </s> lastname is Dias Belloli ; apps is 26 ; firstname is Raphael. </s> lastname is Dias Belloli ; apps is 26 ; firstname is Raphael.	uniform_false
Thomas has more than 1 yellowcard </s> firstname is Thomas ; yellowcard is 0.0 ; lastname is Müller. </s> firstname is Thomas ; yellowcard is 1.0 ; lastname is Partey.	uniform_false
Daniel has less than 58 weight </s> firstname is Daniel ; weight is 73 ; lastname is Carvajal. </s> firstname is Daniel ; weight is 58 ; lastname is Castelo Podence.	uniform_false
Fofana has less than 20 age </s> lastname is Fofana ; age is 22 ; firstname is Youssouf. </s> lastname is Fofana ; age is 20 ; firstname is Wesley.	uniform_false
Baumgartlinger has not t isactive </s> lastname is Baumgartlinger ; isactive is True ; firstname is Julian. </s> lastname is Baumgartlinger ; isactive is True ; firstname is Julian.	uniform_false
Christian has less than 182 height </s> firstname is Christian ; height is 185 ; lastname is Günter. </s> firstname is Christian ; height is 182 ; lastname is Eriksen.	uniform_false
Aspas has not f ismanofthematch </s> lastname is Aspas ; ismanofthematch is False ; firstname is Iago. </s> lastname is Aspas ; ismanofthematch is False ; firstname is Iago.	uniform_false
Bentancur has not 0 goal </s> lastname is Bentancur ; goal is 0 ; firstname is Rodrigo. </s> lastname is Bentancur ; goal is 0 ; firstname is Rodrigo.	uniform_false
García has more than 6.810294117647057 rating </s> lastname is García ; rating is 6.66483870967742 ; firstname is Raúl. </s> lastname is García ; rating is 6.810294117647057 ; firstname is Rubén.	uniform_false
Lees-Melou has not 22 tournamentid </s> lastname is Lees-Melou ; tournamentid is 22 ; firstname is Pierre. </s> lastname is Lees-Melou ; tournamentid is 22 ; firstname is Pierre.	uniform_false
Lucas has not AM(CLR),FW playedpositionsshort </s> firstname is Lucas ; playedpositionsshort is AM(CLR),FW ; lastname is Höler. </s> firstname is Lucas ; playedpositionsshort is AM(CLR),FW ; lastname is Höler.	uniform_false
Rafal has not 1730 teamid </s> firstname is Rafal ; teamid is 1730 ; lastname is Gikiewicz. </s> firstname is Rafal ; teamid is 1730 ; lastname is Gikiewicz.	uniform_false
Lozano has not 1.9642857142857142 shotspergame </s> lastname is Lozano ; shotspergame is 1.9642857142857142 ; firstname is Hirving. </s> lastname is Lozano ; shotspergame is 1.9642857142857142 ; firstname is Hirving.	uniform_false
Fofana has less than 85.64753004005341 passsuccess </s> lastname is Fofana ; passsuccess is 85.96851471594799 ; firstname is Wesley. </s> lastname is Fofana ; passsuccess is 85.64753004005341 ; firstname is Youssouf.	uniform_false
Traoré has more than 73 weight </s> lastname is Traoré ; weight is 72 ; firstname is Adama. </s> lastname is Traoré ; weight is 73 ; firstname is Bertrand.	uniform_false
Thomas has not 1.05 aerialwonpergame </s> firstname is Thomas ; aerialwonpergame is 1.05 ; lastname is Partey. </s> firstname is Thomas ; aerialwonpergame is 1.05 ; lastname is Partey.	uniform_false
Lucas has less than 990 minsplayed </s> firstname is Lucas ; minsplayed is 1618 ; lastname is Olaza. </s> firstname is Lucas ; minsplayed is 990 ; lastname is Olaza.	uniform_false
Aleksandr has not 901 minsplayed </s> firstname is Aleksandr ; minsplayed is 901 ; lastname is Golovin. </s> firstname is Aleksandr ; minsplayed is 901 ; lastname is Golovin.	uniform_false
Lucas has more than 1 redcard </s> firstname is Lucas ; redcard is 0.0 ; lastname is Rodrigues Moura da Silva. </s> firstname is Lucas ; redcard is 1.0 ; lastname is Tolentino Coelho de Lima.	uniform_false
Fofana has more than 1 manofthematch </s> lastname is Fofana ; manofthematch is 0 ; firstname is Wesley. </s> lastname is Fofana ; manofthematch is 1 ; firstname is Youssouf.	uniform_false
Dias Belloli has not -AML-AMR- playedpositions </s> lastname is Dias Belloli ; playedpositions is -AML-AMR- ; firstname is Raphael. </s> lastname is Dias Belloli ; playedpositions is -AML-AMR- ; firstname is Raphael.	uniform_false
Ben has not 252 tournamentregionid </s> firstname is Ben ; tournamentregionid is 252 ; lastname is Godfrey. </s> firstname is Ben ; tournamentregionid is 252 ; lastname is Mee.	uniform_false
Aguerd has not 4 yellowcard </s> lastname is Aguerd ; yellowcard is 4.0 ; firstname is Nayef. </s> lastname is Aguerd ; yellowcard is 4.0 ; firstname is Nayef.	uniform_false
Laurent has more than 2698 minsplayed </s> firstname is Laurent ; minsplayed is 2128 ; lastname is Koscielny. </s> firstname is Laurent ; minsplayed is 2698 ; lastname is Abergel.	uniform_false
Mason has more than 9 subon </s> firstname is Mason ; subon is 0 ; lastname is Holgate. </s> firstname is Mason ; subon is 9 ; lastname is Greenwood.	uniform_false
Traoré has not 73 weight </s> lastname is Traoré ; weight is 73 ; firstname is Bertrand. </s> lastname is Traoré ; weight is 73 ; firstname is Bertrand.	uniform_false
Baptiste has less than 0 subon </s> firstname is Baptiste ; subon is 1 ; lastname is Santamaría. </s> firstname is Baptiste ; subon is 0 ; lastname is Reynet.	uniform_false
James has less than 0 subon </s> firstname is James ; subon is 2 ; lastname is Rodríguez. </s> firstname is James ; subon is 0 ; lastname is Tarkowski.	uniform_false
Alonso has not D(CL),M(L) playedpositionsshort </s> lastname is Alonso ; playedpositionsshort is D(CL),M(L) ; firstname is Marcos. </s> lastname is Alonso ; playedpositionsshort is D(CL),M(L) ; firstname is Marcos.	uniform_false
Llorente has more than 84.006734006734 passsuccess </s> lastname is Llorente ; passsuccess is 83.77635197066911 ; firstname is Marcos. </s> lastname is Llorente ; passsuccess is 84.006734006734 ; firstname is Diego.	uniform_false
da Silva has less than 0 assisttotal </s> lastname is da Silva ; assisttotal is 4 ; firstname is Danilo Luiz. </s> lastname is da Silva ; assisttotal is 0 ; firstname is Thiago Emiliano.	uniform_false
Saka has not -DL-MC-ML-MR- playedpositions </s> lastname is Saka ; playedpositions is -DL-MC-ML-MR- ; firstname is Bukayo. </s> lastname is Saka ; playedpositions is -DL-MC-ML-MR- ; firstname is Bukayo.	uniform_false
Sergio has not 0 manofthematch </s> firstname is Sergio ; manofthematch is 0 ; lastname is Busquets. </s> firstname is Sergio ; manofthematch is 0 ; lastname is Barcia.	uniform_false
Dia has not 33 apps </s> lastname is Dia ; apps is 33 ; firstname is Boulaye. </s> lastname is Dia ; apps is 33 ; firstname is Boulaye.	uniform_false
Romain has not France teamregionname </s> firstname is Romain ; teamregionname is France ; lastname is Hamouma. </s> firstname is Romain ; teamregionname is France ; lastname is Thomas.	uniform_false
