Florian has lower card than Florian </s> firstname is Florian ; lastname is Grillitsch ; teamname is Hoffenheim ; yellowcard is 4.0 ; redcard is 1.0. </s> firstname is Florian ; lastname is Neuhaus ; teamname is Borussia M.Gladbach ; yellowcard is 8.0 ; redcard is 0.0.	contradicting
Robert has the same card as Robert </s> firstname is Robert ; lastname is Lewandowski ; teamname is Bayern ; yellowcard is 4.0 ; redcard is 0.0. </s> firstname is Robert ; lastname is Andrich ; teamname is Union Berlin ; yellowcard is 4.0 ; redcard is 1.0.	contradicting
Lucas has higher measurement than Lucas </s> firstname is Lucas ; lastname is Rodrigues Moura da Silva ; teamname is Tottenham ; age is 28 ; rating is 6.663571428571429. </s> firstname is Lucas ; lastname is Hernández ; teamname is Bayern ; age is 25 ; rating is 6.961.	contradicting
Juan has lower measurement than Juan </s> firstname is Juan ; lastname is Cuadrado ; teamname is Juventus ; weight is 72 ; rating is 7.140769230769229. </s> firstname is Juan ; lastname is Miranda ; teamname is Real Betis ; weight is 79 ; rating is 6.639999999999999.	contradicting
Jonathan has the same middle name as Jonathan </s> firstname is Jonathan ; lastname is Clauss ; teamname is Lens ; firstname is Jonathan ; lastname is Clauss. </s> firstname is Jonathan ; lastname is Calleri ; teamname is Osasuna ; firstname is Jonathan ; lastname is Calleri.	contradicting
Chiesa has the same id as Chiesa </s> lastname is Chiesa ; firstname is Federico ; teamname is Juventus ; playerid is 322971 ; teamid is 87. </s> lastname is Chiesa ; firstname is Federico ; teamname is Fiorentina ; playerid is 322971 ; teamid is 73.	contradicting
Lucas has the same region as Lucas </s> firstname is Lucas ; lastname is Digne ; teamname is Everton ; regioncode is fr ; teamregionname is England. </s> firstname is Lucas ; lastname is Tousart ; teamname is Hertha Berlin ; regioncode is fr ; teamregionname is Germany.	contradicting
Sergio has the same game as Sergio </s> firstname is Sergio ; lastname is Rico ; teamname is PSG ; shotspergame is 0.0 ; aerialwonpergame is 0.1. </s> firstname is Sergio ; lastname is Barcia ; teamname is Granada ; shotspergame is 0.0 ; aerialwonpergame is 2.0.	contradicting
Lucas has higher measurement than Lucas </s> firstname is Lucas ; lastname is Rodrigues Moura da Silva ; teamname is Tottenham ; age is 28 ; height is 172. </s> firstname is Lucas ; lastname is Boyé ; teamname is Elche ; age is 25 ; height is 179.	contradicting
Traoré has higher measurement than Traoré </s> lastname is Traoré ; firstname is Hamari ; teamname is Rennes ; age is 29 ; height is 175. </s> lastname is Traoré ; firstname is Bertrand ; teamname is Aston Villa ; age is 25 ; height is 181.	contradicting
Danny has lower measurement than Danny </s> firstname is Danny ; lastname is Ings ; teamname is Southampton ; weight is 73 ; rating is 6.888400000000001. </s> firstname is Danny ; lastname is da Costa ; teamname is Mainz ; weight is 85 ; rating is 6.8100000000000005.	contradicting
Sergi has the same measurement as Sergi </s> firstname is Sergi ; lastname is Roberto ; teamname is Barcelona ; age is 29 ; height is 178. </s> firstname is Sergi ; lastname is Gómez ; teamname is Sevilla ; age is 29 ; height is 185.	contradicting
Fofana has the same region as Fofana </s> lastname is Fofana ; firstname is Seko ; teamname is Lens ; tournamentregionname is France ; regioncode is ci. </s> lastname is Fofana ; firstname is Youssouf ; teamname is Monaco ; tournamentregionname is France ; regioncode is fr.	contradicting
Ben has the same measurement as Ben </s> firstname is Ben ; lastname is Mee ; teamname is Burnley ; weight is 74 ; rating is 6.930740740740741. </s> firstname is Ben ; lastname is Godfrey ; teamname is Everton ; weight is 74 ; rating is 6.753076923076922.	contradicting
Lucas has higher card than Lucas </s> firstname is Lucas ; lastname is Olaza ; teamname is Celta Vigo ; yellowcard is 4.0 ; redcard is 0.0. </s> firstname is Lucas ; lastname is Digne ; teamname is Everton ; yellowcard is 2.0 ; redcard is 1.0.	contradicting
Sánchez has lower measurement than Sánchez </s> lastname is Sánchez ; firstname is Manuel ; teamname is Atletico ; weight is 70 ; rating is 6.96. </s> lastname is Sánchez ; firstname is Davinson ; teamname is Tottenham ; weight is 81 ; rating is 6.683529411764706.	contradicting
Kamara has the same position as Kamara </s> lastname is Kamara ; firstname is Hassane ; teamname is Nice ; positiontext is Defender ; playedpositionsshort is D(L),M(L). </s> lastname is Kamara ; firstname is Boubacar ; teamname is Marseille ; positiontext is Defender ; playedpositionsshort is D(CL),DMC.	contradicting
González has the same family name as González </s> lastname is González ; firstname is Pedro ; teamname is Barcelona ; lastname is González ; name is Pedri. </s> lastname is González ; firstname is Álvaro ; teamname is Marseille ; lastname is González ; name is Álvaro González.	contradicting
Thomas has the same id as Thomas </s> firstname is Thomas ; lastname is Partey ; teamname is Atletico ; playerid is 238940 ; teamid is 63. </s> firstname is Thomas ; lastname is Partey ; teamname is Arsenal ; playerid is 238940 ; teamid is 13.	contradicting
Herrera has higher measurement than Herrera </s> lastname is Herrera ; firstname is Ander ; teamname is PSG ; age is 31 ; rating is 6.784285714285715. </s> lastname is Herrera ; firstname is Yangel ; teamname is Granada ; age is 23 ; rating is 6.815806451612901.	contradicting
Danny has lower measurement than Danny </s> firstname is Danny ; lastname is Ings ; teamname is Southampton ; age is 28 ; rating is 6.888400000000001. </s> firstname is Danny ; lastname is Welbeck ; teamname is Brighton ; age is 30 ; rating is 6.673333333333334.	contradicting
Christian has the same middle name as Christian </s> firstname is Christian ; lastname is Pulisic ; teamname is Chelsea ; firstname is Christian ; lastname is Pulisic. </s> firstname is Christian ; lastname is Günter ; teamname is Freiburg ; firstname is Christian ; lastname is Günter.	contradicting
Hernández has higher card than Hernández </s> lastname is Hernández ; firstname is Theo ; teamname is AC Milan ; yellowcard is 9.0 ; redcard is 0.0. </s> lastname is Hernández ; firstname is Aridane ; teamname is Osasuna ; yellowcard is 3.0 ; redcard is 1.0.	contradicting
Adams has the same measurement as Adams </s> lastname is Adams ; firstname is Tyler ; teamname is RBL ; height is 175 ; weight is 72. </s> lastname is Adams ; firstname is Che ; teamname is Southampton ; height is 175 ; weight is 70.	contradicting
Partey has the same measurement as Partey </s> lastname is Partey ; firstname is Thomas ; teamname is Atletico ; age is 27 ; rating is 7.090000000000001. </s> lastname is Partey ; firstname is Thomas ; teamname is Arsenal ; age is 27 ; rating is 6.705500000000001.	contradicting
Correa has the same measurement as Correa </s> lastname is Correa ; firstname is Joaquín ; teamname is Lazio ; age is 26 ; height is 189. </s> lastname is Correa ; firstname is Ángel ; teamname is Atletico ; age is 26 ; height is 171.	contradicting
James has the same region as James </s> firstname is James ; lastname is McArthur ; teamname is Crystal Palace ; tournamentregionid is 252 ; regioncode is gb-sct. </s> firstname is James ; lastname is Justin ; teamname is Leicester ; tournamentregionid is 252 ; regioncode is gb-eng.	contradicting
Álvaro has higher card than Álvaro </s> firstname is Álvaro ; lastname is González ; teamname is Marseille ; yellowcard is 12.0 ; redcard is 0.0. </s> firstname is Álvaro ; lastname is Negredo ; teamname is Cadiz ; yellowcard is 2.0 ; redcard is 1.0.	contradicting
Sarr has lower measurement than Sarr </s> lastname is Sarr ; firstname is Bouna ; teamname is Bayern ; height is 177 ; weight is 65. </s> lastname is Sarr ; firstname is Pape ; teamname is Metz ; height is 185 ; weight is 0.	contradicting
Fofana has the same family name as Fofana </s> lastname is Fofana ; firstname is Wesley ; teamname is Saint-Etienne ; lastname is Fofana ; name is Wesley Fofana. </s> lastname is Fofana ; firstname is Seko ; teamname is Lens ; lastname is Fofana ; name is Seko Fofana.	contradicting
Marco has higher measurement than Marco </s> firstname is Marco ; lastname is Faraoni ; teamname is Verona ; age is 29 ; rating is 6.8933333333333335. </s> firstname is Marco ; lastname is Verratti ; teamname is PSG ; age is 28 ; rating is 7.240952380952381.	contradicting
Sergio has lower measurement than Sergio </s> firstname is Sergio ; lastname is Barcia ; teamname is Granada ; weight is 0 ; rating is 6.96. </s> firstname is Sergio ; lastname is Reguilón ; teamname is Tottenham ; weight is 68 ; rating is 6.811304347826088.	contradicting
Traoré has the same measurement as Traoré </s> lastname is Traoré ; firstname is Charles ; teamname is Nantes ; age is 29 ; height is 180. </s> lastname is Traoré ; firstname is Hamari ; teamname is Rennes ; age is 29 ; height is 175.	contradicting
John has higher measurement than John </s> firstname is John ; lastname is Boye ; teamname is Metz ; age is 34 ; height is 184. </s> firstname is John ; lastname is Stones ; teamname is Man City ; age is 26 ; height is 188.	contradicting
Bastoni has lower measurement than Bastoni </s> lastname is Bastoni ; firstname is Alessandro ; teamname is Inter ; age is 22 ; height is 190. </s> lastname is Bastoni ; firstname is Simone ; teamname is Spezia ; age is 24 ; height is 183.	contradicting
Daniel has the same measurement as Daniel </s> firstname is Daniel ; lastname is Cárdenas ; teamname is Levante ; weight is 80 ; rating is 7.018000000000001. </s> firstname is Daniel ; lastname is Congré ; teamname is Montpellier ; weight is 80 ; rating is 6.691142857142855.	contradicting
Wesley has the same name as Wesley </s> firstname is Wesley ; lastname is Fofana ; teamname is Saint-Etienne ; lastname is Fofana ; teamname is Saint-Etienne. </s> firstname is Wesley ; lastname is Fofana ; teamname is Leicester ; lastname is Fofana ; teamname is Leicester.	contradicting
Lucas has the same measurement as Lucas </s> firstname is Lucas ; lastname is Ocampos ; teamname is Sevilla ; age is 26 ; weight is 84. </s> firstname is Lucas ; lastname is Torró ; teamname is Osasuna ; age is 26 ; weight is 77.	contradicting
Hernández has the same region as Hernández </s> lastname is Hernández ; firstname is Theo ; teamname is AC Milan ; regioncode is fr ; teamregionname is Italy. </s> lastname is Hernández ; firstname is Lucas ; teamname is Bayern ; regioncode is fr ; teamregionname is Germany.	contradicting
Gianluigi has lower measurement than Gianluigi </s> firstname is Gianluigi ; lastname is Buffon ; teamname is Juventus ; height is 192 ; weight is 92. </s> firstname is Gianluigi ; lastname is Donnarumma ; teamname is AC Milan ; height is 196 ; weight is 90.	contradicting
Pablo has lower measurement than Pablo </s> firstname is Pablo ; lastname is Nascimento Castro ; teamname is Bordeaux ; age is 29 ; rating is 6.773076923076924. </s> firstname is Pablo ; lastname is Martinez ; teamname is Nimes ; age is 32 ; rating is 6.644285714285715.	contradicting
Thomas has the same position as Thomas </s> firstname is Thomas ; lastname is Foket ; teamname is Reims ; positiontext is Defender ; playedpositionsshort is D(R),M(R). </s> firstname is Thomas ; lastname is Delaine ; teamname is Metz ; positiontext is Defender ; playedpositionsshort is D(L),M(L).	contradicting
Llorente has the same region as Llorente </s> lastname is Llorente ; firstname is Diego ; teamname is Leeds ; regioncode is es ; teamregionname is England. </s> lastname is Llorente ; firstname is Marcos ; teamname is Atletico ; regioncode is es ; teamregionname is Spain.	contradicting
Diop has higher game than Diop </s> lastname is Diop ; firstname is Sofiane ; teamname is Monaco ; shotspergame is 1.375 ; aerialwonpergame is 0.5625. </s> lastname is Diop ; firstname is Issa ; teamname is West Ham ; shotspergame is 0.2 ; aerialwonpergame is 1.5333333333333334.	contradicting
García has higher measurement than García </s> lastname is García ; firstname is Raúl ; teamname is Athletic Bilbao ; weight is 83 ; rating is 6.66483870967742. </s> lastname is García ; firstname is Rubén ; teamname is Osasuna ; weight is 72 ; rating is 6.810294117647057.	contradicting
Fofana has the same region as Fofana </s> lastname is Fofana ; firstname is Wesley ; teamname is Leicester ; regioncode is fr ; teamregionname is England. </s> lastname is Fofana ; firstname is Wesley ; teamname is Saint-Etienne ; regioncode is fr ; teamregionname is France.	contradicting
Henderson has higher measurement than Henderson </s> lastname is Henderson ; firstname is Jordan ; teamname is Liverpool ; age is 30 ; weight is 67. </s> lastname is Henderson ; firstname is Dean ; teamname is Man Utd ; age is 24 ; weight is 85.	contradicting
Torres has higher game than Torres </s> lastname is Torres ; firstname is Ferran ; teamname is Man City ; shotspergame is 1.5 ; aerialwonpergame is 0.6. </s> lastname is Torres ; firstname is Pau ; teamname is Villarreal ; shotspergame is 0.26666666666666666 ; aerialwonpergame is 1.7666666666666666.	contradicting
James has the same region as James </s> firstname is James ; lastname is Rodríguez ; teamname is Everton ; tournamentregionid is 252 ; regioncode is co. </s> firstname is James ; lastname is Ward-Prowse ; teamname is Southampton ; tournamentregionid is 252 ; regioncode is gb-eng.	contradicting
Federico has higher measurement than Federico </s> firstname is Federico ; lastname is Ceccherini ; teamname is Verona ; height is 186 ; weight is 72. </s> firstname is Federico ; lastname is Valverde ; teamname is Real Madrid ; height is 182 ; weight is 78.	contradicting
Filip has the same region as Filip </s> firstname is Filip ; lastname is Djuricic ; teamname is Sassuolo ; regioncode is rs ; teamregionname is Italy. </s> firstname is Filip ; lastname is Kostic ; teamname is Eintracht Frankfurt ; regioncode is rs ; teamregionname is Germany.	contradicting
García has the same measurement as García </s> lastname is García ; firstname is Rubén ; teamname is Osasuna ; weight is 72 ; rating is 6.810294117647057. </s> lastname is García ; firstname is David ; teamname is Osasuna ; weight is 72 ; rating is 6.905483870967743.	contradicting
Javier has higher game than Javier </s> firstname is Javier ; lastname is Ontiveros ; teamname is SD Huesca ; shotspergame is 1.8 ; aerialwonpergame is 0.4. </s> firstname is Javier ; lastname is Galán Gil ; teamname is SD Huesca ; shotspergame is 0.17647058823529413 ; aerialwonpergame is 0.4117647058823529.	contradicting
Federico has lower card than Federico </s> firstname is Federico ; lastname is Chiesa ; teamname is Juventus ; yellowcard is 1.0 ; redcard is 1.0. </s> firstname is Federico ; lastname is Dimarco ; teamname is Verona ; yellowcard is 5.0 ; redcard is 0.0.	contradicting
Diop has the same region as Diop </s> lastname is Diop ; firstname is Issa ; teamname is West Ham ; regioncode is fr ; teamregionname is England. </s> lastname is Diop ; firstname is Sofiane ; teamname is Monaco ; regioncode is fr ; teamregionname is France.	contradicting
Rafael has lower measurement than Rafael </s> firstname is Rafael ; lastname is Mir Vicente ; teamname is SD Huesca ; age is 23 ; height is 191. </s> firstname is Rafael ; lastname is Toloi ; teamname is Atalanta ; age is 30 ; height is 185.	contradicting
Santamaría has the same measurement as Santamaría </s> lastname is Santamaría ; firstname is Baptiste ; teamname is Angers ; weight is 78 ; rating is 7.376666666666666. </s> lastname is Santamaría ; firstname is Baptiste ; teamname is Freiburg ; weight is 78 ; rating is 6.771111111111111.	contradicting
Harry has higher game than Harry </s> firstname is Harry ; lastname is Kane ; teamname is Tottenham ; shotspergame is 3.967741935483871 ; aerialwonpergame is 2.193548387096774. </s> firstname is Harry ; lastname is Maguire ; teamname is Man Utd ; shotspergame is 1.0606060606060606 ; aerialwonpergame is 3.9696969696969697.	contradicting
Sánchez has lower measurement than Sánchez </s> lastname is Sánchez ; firstname is Manuel ; teamname is Atletico ; age is 20 ; weight is 70. </s> lastname is Sánchez ; firstname is Alexis ; teamname is Inter ; age is 32 ; weight is 62.	contradicting
Matteo has higher measurement than Matteo </s> firstname is Matteo ; lastname is Scozzarella ; teamname is Parma Calcio 1913 ; age is 32 ; weight is 65. </s> firstname is Matteo ; lastname is Politano ; teamname is Napoli ; age is 27 ; weight is 67.	contradicting
Sánchez has lower measurement than Sánchez </s> lastname is Sánchez ; firstname is Alexis ; teamname is Inter ; height is 169 ; weight is 62. </s> lastname is Sánchez ; firstname is Robert ; teamname is Brighton ; height is 197 ; weight is 0.	contradicting
Axel has lower game than Axel </s> firstname is Axel ; lastname is Disasi ; teamname is Monaco ; shotspergame is 0.6153846153846154 ; aerialwonpergame is 1.9615384615384615. </s> firstname is Axel ; lastname is Witsel ; teamname is Borussia Dortmund ; shotspergame is 0.8 ; aerialwonpergame is 1.0666666666666667.	contradicting
Thomas has lower game than Thomas </s> firstname is Thomas ; lastname is Delaney ; teamname is Borussia Dortmund ; shotspergame is 0.47058823529411764 ; aerialwonpergame is 1.7647058823529411. </s> firstname is Thomas ; lastname is Partey ; teamname is Atletico ; shotspergame is 1.6666666666666667 ; aerialwonpergame is 0.6666666666666666.	contradicting
Lucas has the same middle name as Lucas </s> firstname is Lucas ; lastname is Hernández ; teamname is Bayern ; firstname is Lucas ; lastname is Hernández. </s> firstname is Lucas ; lastname is Ocampos ; teamname is Sevilla ; firstname is Lucas ; lastname is Ocampos.	contradicting
Hernández has higher measurement than Hernández </s> lastname is Hernández ; firstname is Lucas ; teamname is Bayern ; age is 25 ; height is 182. </s> lastname is Hernández ; firstname is Theo ; teamname is AC Milan ; age is 23 ; height is 184.	contradicting
Traoré has higher measurement than Traoré </s> lastname is Traoré ; firstname is Bertrand ; teamname is Aston Villa ; height is 181 ; weight is 73. </s> lastname is Traoré ; firstname is Charles ; teamname is Nantes ; height is 180 ; weight is 74.	contradicting
Traoré has the same region as Traoré </s> lastname is Traoré ; firstname is Bertrand ; teamname is Aston Villa ; tournamentregionid is 252 ; regioncode is bf. </s> lastname is Traoré ; firstname is Adama ; teamname is Wolves ; tournamentregionid is 252 ; regioncode is es.	contradicting
Eduardo has the same forename as Eduardo </s> firstname is Eduardo ; lastname is Camavinga ; teamname is Rennes ; firstname is Eduardo ; name is Eduardo Camavinga. </s> firstname is Eduardo ; lastname is Expósito ; teamname is Eibar ; firstname is Eduardo ; name is Edu Expósito.	contradicting
Llorente has higher measurement than Llorente </s> lastname is Llorente ; firstname is Diego ; teamname is Real Sociedad ; weight is 75 ; rating is 7.18. </s> lastname is Llorente ; firstname is Marcos ; teamname is Atletico ; weight is 74 ; rating is 7.2733333333333325.	contradicting
Traoré has higher measurement than Traoré </s> lastname is Traoré ; firstname is Hamari ; teamname is Rennes ; age is 29 ; rating is 6.871249999999997. </s> lastname is Traoré ; firstname is Adama ; teamname is Wolves ; age is 25 ; rating is 7.1078787878787875.	contradicting
Schlotterbeck has higher measurement than Schlotterbeck </s> lastname is Schlotterbeck ; firstname is Keven ; teamname is Freiburg ; age is 24 ; height is 189. </s> lastname is Schlotterbeck ; firstname is Nico ; teamname is Union Berlin ; age is 21 ; height is 191.	contradicting
Eduardo has the same measurement as Eduardo </s> firstname is Eduardo ; lastname is Camavinga ; teamname is Rennes ; weight is 68 ; rating is 6.786363636363635. </s> firstname is Eduardo ; lastname is Expósito ; teamname is Eibar ; weight is 68 ; rating is 6.722500000000001.	contradicting
García has higher measurement than García </s> lastname is García ; firstname is Raúl ; teamname is Athletic Bilbao ; age is 34 ; height is 184. </s> lastname is García ; firstname is David ; teamname is Osasuna ; age is 27 ; height is 185.	contradicting
Marcos has the same region as Marcos </s> firstname is Marcos ; lastname is Acuña ; teamname is Sevilla ; tournamentregionname is Spain ; regioncode is ar. </s> firstname is Marcos ; lastname is Llorente ; teamname is Atletico ; tournamentregionname is Spain ; regioncode is es.	contradicting
Jeff has the same name as Jeff </s> firstname is Jeff ; lastname is Reine-Adélaïde ; teamname is Nice ; lastname is Reine-Adélaïde ; teamname is Nice. </s> firstname is Jeff ; lastname is Reine-Adélaïde ; teamname is Lyon ; lastname is Reine-Adélaïde ; teamname is Lyon.	contradicting
García has the same measurement as García </s> lastname is García ; firstname is David ; teamname is Osasuna ; age is 27 ; height is 185. </s> lastname is García ; firstname is Rubén ; teamname is Osasuna ; age is 27 ; height is 171.	contradicting
Correa has the same measurement as Correa </s> lastname is Correa ; firstname is Ángel ; teamname is Atletico ; age is 26 ; weight is 70. </s> lastname is Correa ; firstname is Joaquín ; teamname is Lazio ; age is 26 ; weight is 75.	contradicting
Henderson has lower measurement than Henderson </s> lastname is Henderson ; firstname is Jordan ; teamname is Liverpool ; weight is 67 ; rating is 6.815714285714286. </s> lastname is Henderson ; firstname is Dean ; teamname is Man Utd ; weight is 85 ; rating is 6.6850000000000005.	contradicting
Florian has the same forename as Florian </s> firstname is Florian ; lastname is Wirtz ; teamname is Leverkusen ; firstname is Florian ; name is Florian Wirtz. </s> firstname is Florian ; lastname is Grillitsch ; teamname is Hoffenheim ; firstname is Florian ; name is Florian Grillitsch.	contradicting
Traoré has the same measurement as Traoré </s> lastname is Traoré ; firstname is Hamari ; teamname is Rennes ; weight is 73 ; rating is 6.871249999999997. </s> lastname is Traoré ; firstname is Bertrand ; teamname is Aston Villa ; weight is 73 ; rating is 6.762903225806452.	contradicting
Schlotterbeck has higher card than Schlotterbeck </s> lastname is Schlotterbeck ; firstname is Keven ; teamname is Freiburg ; yellowcard is 3.0 ; redcard is 0.0. </s> lastname is Schlotterbeck ; firstname is Nico ; teamname is Union Berlin ; yellowcard is 1.0 ; redcard is 1.0.	contradicting
Thomas has higher measurement than Thomas </s> firstname is Thomas ; lastname is Partey ; teamname is Arsenal ; height is 185 ; weight is 77. </s> firstname is Thomas ; lastname is Delaney ; teamname is Borussia Dortmund ; height is 182 ; weight is 79.	contradicting
Fikayo has the same id as Fikayo </s> firstname is Fikayo ; lastname is Tomori ; teamname is AC Milan ; playerid is 317507 ; teamid is 80. </s> firstname is Fikayo ; lastname is Tomori ; teamname is Chelsea ; playerid is 317507 ; teamid is 15.	contradicting
Sánchez has lower measurement than Sánchez </s> lastname is Sánchez ; firstname is Manuel ; teamname is Atletico ; age is 20 ; rating is 6.96. </s> lastname is Sánchez ; firstname is Davinson ; teamname is Tottenham ; age is 24 ; rating is 6.683529411764706.	contradicting
García has the same name as García </s> lastname is García ; firstname is Raúl ; teamname is Athletic Bilbao ; lastname is García ; teamname is Athletic Bilbao. </s> lastname is García ; firstname is David ; teamname is Osasuna ; lastname is García ; teamname is Osasuna.	contradicting
Raphael has the same name as Raphael </s> firstname is Raphael ; lastname is Dias Belloli ; teamname is Rennes ; lastname is Dias Belloli ; teamname is Rennes. </s> firstname is Raphael ; lastname is Dias Belloli ; teamname is Leeds ; lastname is Dias Belloli ; teamname is Leeds.	contradicting
Lucas has lower measurement than Lucas </s> firstname is Lucas ; lastname is Tolentino Coelho de Lima ; teamname is Lyon ; age is 23 ; height is 180. </s> firstname is Lucas ; lastname is Olaza ; teamname is Celta Vigo ; age is 26 ; height is 173.	contradicting
Fabián has higher measurement than Fabián </s> firstname is Fabián ; lastname is Balbuena ; teamname is West Ham ; age is 29 ; rating is 6.708571428571429. </s> firstname is Fabián ; lastname is Ruiz ; teamname is Napoli ; age is 25 ; rating is 6.881379310344829.	contradicting
Sergio has the same game as Sergio </s> firstname is Sergio ; lastname is Herrera ; teamname is Osasuna ; shotspergame is 0.0 ; aerialwonpergame is 0.3870967741935484. </s> firstname is Sergio ; lastname is Barcia ; teamname is Granada ; shotspergame is 0.0 ; aerialwonpergame is 2.0.	contradicting
Jordan has higher measurement than Jordan </s> firstname is Jordan ; lastname is Henderson ; teamname is Liverpool ; height is 182 ; weight is 67. </s> firstname is Jordan ; lastname is Amavi ; teamname is Marseille ; height is 176 ; weight is 70.	contradicting
Federico has the same name as Federico </s> firstname is Federico ; lastname is Chiesa ; teamname is Juventus ; lastname is Chiesa ; teamname is Juventus. </s> firstname is Federico ; lastname is Chiesa ; teamname is Fiorentina ; lastname is Chiesa ; teamname is Fiorentina.	contradicting
García has the same position as García </s> lastname is García ; firstname is Raúl ; teamname is Athletic Bilbao ; positiontext is Midfielder ; playedpositionsshort is M(CLR),FW. </s> lastname is García ; firstname is Rubén ; teamname is Osasuna ; positiontext is Midfielder ; playedpositionsshort is AM(CLR),FW.	contradicting
Florian has the same position as Florian </s> firstname is Florian ; lastname is Wirtz ; teamname is Leverkusen ; positiontext is Midfielder ; playedpositionsshort is AM(C). </s> firstname is Florian ; lastname is Grillitsch ; teamname is Hoffenheim ; positiontext is Midfielder ; playedpositionsshort is D(C),M(CL).	contradicting
Gianluca has lower measurement than Gianluca </s> firstname is Gianluca ; lastname is Pegolo ; teamname is Sassuolo ; weight is 76 ; rating is 7.06. </s> firstname is Gianluca ; lastname is Mancini ; teamname is Roma ; weight is 77 ; rating is 6.894333333333334.	contradicting
Bastoni has higher game than Bastoni </s> lastname is Bastoni ; firstname is Simone ; teamname is Spezia ; shotspergame is 0.95 ; aerialwonpergame is 1.3. </s> lastname is Bastoni ; firstname is Alessandro ; teamname is Inter ; shotspergame is 0.3333333333333333 ; aerialwonpergame is 1.6.	contradicting
Alejandro has the same name as Alejandro </s> firstname is Alejandro ; lastname is Gómez ; teamname is Atalanta ; lastname is Gómez ; teamname is Atalanta. </s> firstname is Alejandro ; lastname is Gómez ; teamname is Sevilla ; lastname is Gómez ; teamname is Sevilla.	contradicting
Diop has lower game than Diop </s> lastname is Diop ; firstname is Issa ; teamname is West Ham ; shotspergame is 0.2 ; aerialwonpergame is 1.5333333333333334. </s> lastname is Diop ; firstname is Sofiane ; teamname is Monaco ; shotspergame is 1.375 ; aerialwonpergame is 0.5625.	contradicting
Daniel has the same measurement as Daniel </s> firstname is Daniel ; lastname is Parejo ; teamname is Villarreal ; height is 182 ; weight is 74. </s> firstname is Daniel ; lastname is Caligiuri ; teamname is Augsburg ; height is 182 ; weight is 80.	contradicting
Kenny has lower measurement than Kenny </s> firstname is Kenny ; lastname is Lala ; teamname is Strasbourg ; height is 178 ; weight is 78. </s> firstname is Kenny ; lastname is Tete ; teamname is Fulham ; height is 180 ; weight is 71.	contradicting
da Silva has the same position as da Silva </s> lastname is da Silva ; firstname is Thiago Emiliano ; teamname is Chelsea ; positiontext is Defender ; playedpositionsshort is D(C). </s> lastname is da Silva ; firstname is Danilo Luiz ; teamname is Juventus ; positiontext is Defender ; playedpositionsshort is D(CLR).	contradicting
