ID,PLAYER_NAME,FIRST_NAME,MIN,FGM,REB,FG3A,AST,FG3M,OREB,TO,START_POSITION,PF,PTS,FGA,STL,FTA,BLK,DREB,FTM,FT_PCT,FG_PCT,FG3_PCT,SECOND_NAME,TEAM_CITY,Team,Town
0,Arron Afflalo,Arron,23.0,1.0,4.0,2.0,1.0,1.0,0.0,1.0,F,0.0,3.0,7.0,0.0,0.0,0.0,4.0,0.0,0.0,14.0,50.0,Afflalo,Sacramento,Kings,Sacramento
1,Kosta Koufos,Kosta,14.0,1.0,2.0,0.0,1.0,0.0,0.0,1.0,F,2.0,2.0,7.0,0.0,0.0,1.0,2.0,0.0,0.0,14.0,0.0,Koufos,Sacramento,Kings,Sacramento
2,Willie Cauley-Stein,Willie,28.0,5.0,4.0,0.0,2.0,0.0,1.0,1.0,C,3.0,12.0,6.0,1.0,2.0,0.0,3.0,2.0,100.0,83.0,0.0,Cauley-Stein,Sacramento,Kings,Sacramento
3,Buddy Hield,Buddy,33.0,7.0,8.0,9.0,7.0,4.0,2.0,3.0,G,3.0,22.0,14.0,2.0,4.0,0.0,6.0,4.0,100.0,50.0,44.0,Hield,Sacramento,Kings,Sacramento
4,Ty Lawson,Ty,24.0,8.0,0.0,2.0,2.0,2.0,0.0,2.0,G,2.0,20.0,9.0,1.0,4.0,0.0,0.0,2.0,50.0,89.0,100.0,Lawson,Sacramento,Kings,Sacramento
13,Patrick McCaw,Patrick,16.0,2.0,2.0,1.0,0.0,0.0,1.0,0.0,F,2.0,4.0,3.0,0.0,0.0,1.0,1.0,0.0,0.0,67.0,0.0,McCaw,Golden State,Golden State Warriors,San Francisco
14,Draymond Green,Draymond,34.0,8.0,4.0,9.0,8.0,3.0,1.0,4.0,F,1.0,23.0,17.0,3.0,5.0,1.0,3.0,4.0,80.0,47.0,33.0,Green,Golden State,Golden State Warriors,San Francisco
15,Zaza Pachulia,Zaza,19.0,1.0,8.0,0.0,3.0,0.0,2.0,2.0,C,1.0,4.0,4.0,2.0,2.0,1.0,6.0,2.0,100.0,25.0,0.0,Pachulia,Golden State,Golden State Warriors,San Francisco
16,Klay Thompson,Klay,30.0,3.0,4.0,7.0,0.0,2.0,0.0,1.0,G,2.0,8.0,14.0,0.0,0.0,1.0,4.0,0.0,0.0,21.0,29.0,Thompson,Golden State,Golden State Warriors,San Francisco
17,Stephen Curry,Stephen,33.0,9.0,7.0,11.0,12.0,5.0,1.0,3.0,G,0.0,27.0,18.0,6.0,4.0,0.0,6.0,4.0,100.0,50.0,46.0,Curry,Golden State,Golden State Warriors,San Francisco
0,Omri Casspi,Omri,30.0,6.0,6.0,3.0,5.0,2.0,0.0,2.0,F,1.0,18.0,14.0,0.0,8.0,0.0,6.0,4.0,50.0,43.0,67.0,Casspi,Sacramento,Kings,Sacramento
1,Quincy Acy,Quincy,28.0,4.0,4.0,2.0,1.0,1.0,1.0,1.0,F,3.0,10.0,8.0,1.0,1.0,1.0,3.0,1.0,100.0,50.0,50.0,Acy,Sacramento,Kings,Sacramento
2,Kosta Koufos,Kosta,32.0,5.0,7.0,0.0,1.0,0.0,3.0,1.0,C,2.0,10.0,12.0,2.0,0.0,1.0,4.0,0.0,0.0,42.0,0.0,Koufos,Sacramento,Kings,Sacramento
3,Seth Curry,Seth,34.0,9.0,4.0,6.0,1.0,3.0,0.0,3.0,G,2.0,21.0,17.0,2.0,0.0,0.0,4.0,0.0,0.0,53.0,50.0,Curry,Sacramento,Kings,Sacramento
4,Darren Collison,Darren,32.0,5.0,2.0,0.0,7.0,0.0,0.0,2.0,G,2.0,10.0,13.0,3.0,0.0,0.0,2.0,0.0,0.0,39.0,0.0,Collison,Sacramento,Kings,Sacramento
13,Al-Farouq Aminu,Al-Farouq,24.0,5.0,8.0,6.0,2.0,2.0,1.0,2.0,F,1.0,14.0,10.0,1.0,2.0,1.0,7.0,2.0,100.0,50.0,33.0,Aminu,Portland,Trail Blazers,Portland
14,Maurice Harkless,Maurice,23.0,5.0,3.0,3.0,2.0,1.0,1.0,1.0,F,1.0,12.0,7.0,0.0,1.0,1.0,2.0,1.0,100.0,71.0,33.0,Harkless,Portland,Trail Blazers,Portland
15,Mason Plumlee,Mason,20.0,2.0,3.0,0.0,3.0,0.0,0.0,2.0,C,3.0,4.0,4.0,1.0,0.0,0.0,3.0,0.0,0.0,50.0,0.0,Plumlee,Portland,Trail Blazers,Portland
16,CJ McCollum,CJ,24.0,5.0,2.0,6.0,3.0,4.0,0.0,1.0,G,2.0,16.0,13.0,1.0,2.0,0.0,2.0,2.0,100.0,39.0,67.0,McCollum,Portland,Trail Blazers,Portland
17,Damian Lillard,Damian,29.0,4.0,1.0,5.0,9.0,3.0,0.0,4.0,G,2.0,13.0,9.0,1.0,2.0,1.0,1.0,2.0,100.0,44.0,60.0,Lillard,Portland,Trail Blazers,Portland
0,Kevin Durant,Kevin,25.0,8.0,5.0,1.0,1.0,0.0,1.0,1.0,F,4.0,22.0,14.0,0.0,6.0,0.0,4.0,6.0,100.0,57.0,0.0,Durant,Golden State,Golden State Warriors,San Francisco
1,Draymond Green,Draymond,31.0,6.0,11.0,5.0,4.0,2.0,0.0,2.0,F,3.0,15.0,11.0,5.0,2.0,0.0,11.0,1.0,50.0,55.0,40.0,Green,Golden State,Golden State Warriors,San Francisco
2,Zaza Pachulia,Zaza,15.0,0.0,3.0,0.0,1.0,0.0,1.0,0.0,C,0.0,2.0,1.0,0.0,2.0,0.0,2.0,2.0,100.0,0.0,0.0,Pachulia,Golden State,Golden State Warriors,San Francisco
3,Klay Thompson,Klay,31.0,8.0,5.0,3.0,1.0,1.0,0.0,1.0,G,0.0,17.0,13.0,1.0,0.0,0.0,5.0,0.0,0.0,62.0,33.0,Thompson,Golden State,Golden State Warriors,San Francisco
4,Stephen Curry,Stephen,30.0,8.0,3.0,9.0,4.0,4.0,0.0,0.0,G,0.0,25.0,18.0,3.0,5.0,0.0,3.0,5.0,100.0,44.0,44.0,Curry,Golden State,Golden State Warriors,San Francisco
0,Tony Snell,Tony,16.0,2.0,3.0,4.0,0.0,2.0,0.0,1.0,F,2.0,6.0,7.0,1.0,0.0,0.0,3.0,0.0,0.0,29.0,50.0,Snell,Chicago,Bulls,Chicago
1,Nikola Mirotic,Nikola,29.0,8.0,7.0,4.0,2.0,2.0,2.0,2.0,F,4.0,25.0,14.0,0.0,8.0,1.0,5.0,7.0,88.0,57.0,50.0,Mirotic,Chicago,Bulls,Chicago
2,Pau Gasol,Pau,27.0,4.0,11.0,1.0,4.0,0.0,3.0,1.0,C,4.0,9.0,16.0,0.0,2.0,0.0,8.0,1.0,50.0,25.0,0.0,Gasol,Chicago,Bulls,Chicago
3,Jimmy Butler,Jimmy,40.0,4.0,5.0,4.0,5.0,2.0,0.0,4.0,G,2.0,16.0,10.0,2.0,6.0,2.0,5.0,6.0,100.0,40.0,50.0,Butler,Chicago,Bulls,Chicago
4,Derrick Rose,Derrick,31.0,4.0,6.0,5.0,5.0,2.0,1.0,3.0,G,1.0,10.0,16.0,1.0,0.0,1.0,5.0,0.0,0.0,25.0,40.0,Rose,Chicago,Bulls,Chicago
13,CJ Miles,CJ,32.0,6.0,3.0,8.0,1.0,3.0,0.0,0.0,F,4.0,16.0,12.0,0.0,1.0,0.0,3.0,1.0,100.0,50.0,38.0,Miles,Indiana,Pacers,Indianapolis
14,Paul George,Paul,39.0,11.0,8.0,10.0,2.0,4.0,0.0,5.0,F,4.0,33.0,24.0,0.0,7.0,0.0,8.0,7.0,100.0,46.0,40.0,George,Indiana,Pacers,Indianapolis
15,Ian Mahinmi,Ian,27.0,4.0,9.0,0.0,4.0,0.0,3.0,2.0,C,4.0,15.0,8.0,1.0,10.0,1.0,6.0,7.0,70.0,50.0,0.0,Mahinmi,Indiana,Pacers,Indianapolis
16,Monta Ellis,Monta,30.0,5.0,5.0,3.0,5.0,0.0,2.0,0.0,G,0.0,14.0,13.0,3.0,6.0,0.0,3.0,4.0,67.0,39.0,0.0,Ellis,Indiana,Pacers,Indianapolis
17,George Hill,George,32.0,3.0,10.0,2.0,3.0,0.0,2.0,1.0,G,1.0,6.0,8.0,1.0,1.0,1.0,8.0,0.0,0.0,38.0,0.0,Hill,Indiana,Pacers,Indianapolis
0,Jeff Green,Jeff,31.0,4.0,4.0,4.0,4.0,1.0,1.0,3.0,F,0.0,11.0,9.0,1.0,2.0,0.0,3.0,2.0,100.0,44.0,25.0,Green,Orlando,Magic,Orlando
1,Serge Ibaka,Serge,37.0,6.0,9.0,4.0,1.0,3.0,2.0,3.0,F,3.0,21.0,11.0,2.0,6.0,3.0,7.0,6.0,100.0,55.0,75.0,Ibaka,Orlando,Magic,Orlando
2,Nikola Vucevic,Nikola,28.0,4.0,11.0,1.0,2.0,0.0,3.0,3.0,C,3.0,8.0,12.0,0.0,0.0,1.0,8.0,0.0,0.0,33.0,0.0,Vucevic,Orlando,Magic,Orlando
3,Evan Fournier,Evan,37.0,6.0,5.0,5.0,2.0,2.0,0.0,5.0,G,1.0,18.0,13.0,0.0,4.0,0.0,5.0,4.0,100.0,46.0,40.0,Fournier,Orlando,Magic,Orlando
4,Elfrid Payton,Elfrid,35.0,4.0,8.0,3.0,7.0,0.0,0.0,1.0,G,2.0,8.0,9.0,3.0,2.0,0.0,8.0,0.0,0.0,44.0,0.0,Payton,Orlando,Magic,Orlando
13,Giannis Antetokounmpo,Giannis,39.0,6.0,11.0,2.0,10.0,0.0,2.0,4.0,F,4.0,21.0,13.0,5.0,9.0,3.0,9.0,9.0,100.0,46.0,0.0,Antetokounmpo,Milwaukee,Bucks,Milwaukee
14,Jabari Parker,Jabari,35.0,8.0,3.0,7.0,3.0,5.0,0.0,0.0,F,0.0,22.0,17.0,3.0,5.0,0.0,3.0,1.0,20.0,47.0,71.0,Parker,Milwaukee,Bucks,Milwaukee
15,John Henson,John,22.0,1.0,2.0,0.0,2.0,0.0,0.0,0.0,C,3.0,2.0,5.0,0.0,0.0,3.0,2.0,0.0,0.0,20.0,0.0,Henson,Milwaukee,Bucks,Milwaukee
16,Tony Snell,Tony,25.0,3.0,2.0,4.0,1.0,1.0,0.0,0.0,G,0.0,7.0,7.0,1.0,0.0,1.0,2.0,0.0,0.0,43.0,25.0,Snell,Milwaukee,Bucks,Milwaukee
17,Matthew Dellavedova,Matthew,27.0,3.0,1.0,5.0,4.0,1.0,0.0,6.0,G,4.0,7.0,7.0,1.0,0.0,0.0,1.0,0.0,0.0,43.0,20.0,Dellavedova,Milwaukee,Bucks,Milwaukee
0,Marcus Morris,Marcus,24.0,5.0,7.0,2.0,0.0,1.0,2.0,0.0,F,2.0,13.0,9.0,0.0,2.0,0.0,5.0,2.0,100.0,56.0,50.0,Morris,Detroit,Pistons,Detroit
1,Tobias Harris,Tobias,26.0,6.0,2.0,4.0,2.0,1.0,1.0,0.0,F,2.0,17.0,11.0,1.0,5.0,0.0,1.0,4.0,80.0,55.0,25.0,Harris,Detroit,Pistons,Detroit
2,Andre Drummond,Andre,27.0,4.0,14.0,1.0,1.0,0.0,5.0,1.0,C,2.0,8.0,12.0,0.0,0.0,0.0,9.0,0.0,0.0,33.0,0.0,Drummond,Detroit,Pistons,Detroit
3,Kentavious Caldwell-Pope,Kentavious,27.0,3.0,2.0,2.0,3.0,0.0,1.0,0.0,G,1.0,11.0,10.0,1.0,5.0,0.0,1.0,5.0,100.0,30.0,0.0,Caldwell-Pope,Detroit,Pistons,Detroit
4,Reggie Jackson,Reggie,20.0,3.0,1.0,1.0,5.0,0.0,0.0,1.0,G,2.0,6.0,13.0,1.0,0.0,0.0,1.0,0.0,0.0,23.0,0.0,Jackson,Detroit,Pistons,Detroit
13,LeBron James,LeBron,28.0,6.0,11.0,2.0,12.0,0.0,0.0,2.0,F,0.0,16.0,12.0,0.0,5.0,0.0,11.0,4.0,80.0,50.0,0.0,James,Cleveland,Cavaliers,Cleveland
14,Richard Jefferson,Richard,26.0,5.0,2.0,7.0,1.0,4.0,0.0,1.0,F,2.0,16.0,9.0,2.0,3.0,0.0,2.0,2.0,67.0,56.0,57.0,Jefferson,Cleveland,Cavaliers,Cleveland
15,Tristan Thompson,Tristan,26.0,2.0,9.0,0.0,2.0,0.0,2.0,1.0,C,2.0,4.0,4.0,1.0,0.0,2.0,7.0,0.0,0.0,50.0,0.0,Thompson,Cleveland,Cavaliers,Cleveland
16,Iman Shumpert,Iman,36.0,8.0,5.0,3.0,0.0,2.0,0.0,0.0,G,1.0,18.0,13.0,0.0,0.0,0.0,5.0,0.0,0.0,62.0,67.0,Shumpert,Cleveland,Cavaliers,Cleveland
17,Kyrie Irving,Kyrie,30.0,9.0,1.0,4.0,6.0,4.0,1.0,2.0,G,1.0,26.0,14.0,0.0,4.0,0.0,0.0,4.0,100.0,64.0,100.0,Irving,Cleveland,Cavaliers,Cleveland
0,Andre Roberson,Andre,22.0,0.0,3.0,0.0,1.0,0.0,0.0,1.0,F,2.0,1.0,3.0,0.0,2.0,0.0,3.0,1.0,50.0,0.0,0.0,Roberson,Oklahoma City,Thunder,Oklahoma City
1,Domantas Sabonis,Domantas,26.0,3.0,5.0,2.0,0.0,0.0,2.0,0.0,F,1.0,6.0,6.0,1.0,0.0,0.0,3.0,0.0,0.0,50.0,0.0,Sabonis,Oklahoma City,Thunder,Oklahoma City
2,Steven Adams,Steven,23.0,7.0,8.0,0.0,1.0,0.0,6.0,4.0,C,5.0,15.0,10.0,0.0,1.0,2.0,2.0,1.0,100.0,70.0,0.0,Adams,Oklahoma City,Thunder,Oklahoma City
3,Anthony Morrow,Anthony,20.0,3.0,0.0,5.0,1.0,1.0,0.0,0.0,G,0.0,9.0,7.0,0.0,2.0,0.0,0.0,2.0,100.0,43.0,20.0,Morrow,Oklahoma City,Thunder,Oklahoma City
4,Russell Westbrook,Russell,37.0,11.0,17.0,1.0,11.0,0.0,0.0,7.0,G,0.0,29.0,22.0,0.0,10.0,0.0,17.0,7.0,70.0,50.0,0.0,Westbrook,Oklahoma City,Thunder,Oklahoma City
12,Justise Winslow,Justise,35.0,2.0,3.0,2.0,5.0,0.0,0.0,3.0,F,3.0,7.0,10.0,2.0,3.0,1.0,3.0,3.0,100.0,20.0,0.0,Winslow,Miami,Heat,Miami
13,Derrick Williams,Derrick,15.0,4.0,2.0,1.0,0.0,1.0,0.0,1.0,F,0.0,9.0,4.0,1.0,0.0,0.0,2.0,0.0,0.0,100.0,100.0,Williams,Miami,Heat,Miami
14,Hassan Whiteside,Hassan,31.0,4.0,8.0,0.0,1.0,0.0,4.0,4.0,C,4.0,12.0,11.0,2.0,6.0,0.0,4.0,4.0,67.0,36.0,0.0,Whiteside,Miami,Heat,Miami
15,Rodney McGruder,Rodney,36.0,3.0,1.0,2.0,1.0,1.0,1.0,0.0,G,2.0,7.0,5.0,0.0,0.0,0.0,0.0,0.0,0.0,60.0,50.0,McGruder,Miami,Heat,Miami
16,Josh Richardson,Josh,37.0,9.0,5.0,6.0,3.0,2.0,0.0,0.0,G,4.0,22.0,16.0,1.0,2.0,0.0,5.0,2.0,100.0,56.0,33.0,Richardson,Miami,Heat,Miami
0,Thabo Sefolosha,Thabo,28.0,4.0,5.0,1.0,1.0,0.0,0.0,0.0,F,2.0,8.0,9.0,1.0,0.0,0.0,5.0,0.0,0.0,44.0,0.0,Sefolosha,Atlanta,Hawks,Atlanta
1,Paul Millsap,Paul,30.0,6.0,6.0,4.0,4.0,2.0,0.0,5.0,F,2.0,16.0,12.0,4.0,5.0,0.0,6.0,2.0,40.0,50.0,50.0,Millsap,Atlanta,Hawks,Atlanta
2,Dwight Howard,Dwight,30.0,5.0,12.0,0.0,1.0,0.0,3.0,0.0,C,2.0,13.0,9.0,1.0,3.0,1.0,9.0,3.0,100.0,56.0,0.0,Howard,Atlanta,Hawks,Atlanta
3,Kent Bazemore,Kent,27.0,6.0,0.0,3.0,4.0,3.0,0.0,0.0,G,2.0,17.0,9.0,2.0,2.0,0.0,0.0,2.0,100.0,67.0,100.0,Bazemore,Atlanta,Hawks,Atlanta
4,Dennis Schroder,Dennis,30.0,7.0,6.0,1.0,7.0,0.0,0.0,3.0,G,1.0,18.0,13.0,1.0,6.0,0.0,6.0,4.0,67.0,54.0,0.0,Schroder,Atlanta,Hawks,Atlanta
12,Aaron Gordon,Aaron,25.0,6.0,10.0,4.0,2.0,2.0,4.0,2.0,F,1.0,15.0,11.0,0.0,1.0,0.0,6.0,1.0,100.0,55.0,50.0,Gordon,Orlando,Magic,Orlando
13,Serge Ibaka,Serge,33.0,4.0,11.0,4.0,0.0,0.0,4.0,3.0,F,4.0,9.0,13.0,1.0,1.0,1.0,7.0,1.0,100.0,31.0,0.0,Ibaka,Orlando,Magic,Orlando
14,Bismack Biyombo,Bismack,21.0,0.0,2.0,0.0,0.0,0.0,1.0,2.0,C,1.0,2.0,2.0,1.0,2.0,0.0,1.0,2.0,100.0,0.0,0.0,Biyombo,Orlando,Magic,Orlando
15,Jodie Meeks,Jodie,24.0,4.0,2.0,1.0,1.0,0.0,0.0,0.0,G,3.0,8.0,8.0,2.0,0.0,0.0,2.0,0.0,0.0,50.0,0.0,Meeks,Orlando,Magic,Orlando
16,Elfrid Payton,Elfrid,35.0,6.0,4.0,3.0,6.0,1.0,1.0,3.0,G,2.0,15.0,13.0,3.0,2.0,1.0,3.0,2.0,100.0,46.0,33.0,Payton,Orlando,Magic,Orlando
0,Luol Deng,Luol,34.0,5.0,12.0,5.0,0.0,2.0,2.0,1.0,F,2.0,12.0,12.0,2.0,0.0,1.0,10.0,0.0,0.0,42.0,40.0,Deng,Los Angeles,Lakers,Los Angeles
1,Julius Randle,Julius,27.0,3.0,4.0,1.0,1.0,1.0,1.0,2.0,F,4.0,7.0,7.0,0.0,0.0,2.0,3.0,0.0,0.0,43.0,100.0,Randle,Los Angeles,Lakers,Los Angeles
2,Timofey Mozgov,Timofey,23.0,1.0,6.0,0.0,1.0,0.0,1.0,1.0,C,5.0,8.0,4.0,1.0,7.0,2.0,5.0,6.0,86.0,25.0,0.0,Mozgov,Los Angeles,Lakers,Los Angeles
3,Nick Young,Nick,24.0,3.0,0.0,2.0,0.0,1.0,0.0,0.0,G,5.0,13.0,7.0,0.0,6.0,1.0,0.0,6.0,100.0,43.0,50.0,Young,Los Angeles,Lakers,Los Angeles
4,D'Angelo Russell,D'Angelo,32.0,3.0,5.0,5.0,5.0,1.0,2.0,4.0,G,3.0,9.0,14.0,2.0,5.0,0.0,3.0,2.0,40.0,21.0,20.0,Russell,Los Angeles,Lakers,Los Angeles
0,PJ Hairston,PJ,17.0,1.0,3.0,3.0,0.0,0.0,0.0,1.0,F,2.0,4.0,5.0,0.0,2.0,0.0,3.0,2.0,100.0,20.0,0.0,Hairston,Charlotte,Hornets,Charlotte
1,Marvin Williams,Marvin,27.0,4.0,4.0,2.0,0.0,1.0,0.0,0.0,F,1.0,9.0,7.0,1.0,0.0,0.0,4.0,0.0,0.0,57.0,50.0,Williams,Charlotte,Hornets,Charlotte
2,Al Jefferson,Al,30.0,6.0,7.0,0.0,1.0,0.0,1.0,0.0,C,4.0,13.0,11.0,0.0,2.0,0.0,6.0,1.0,50.0,55.0,0.0,Jefferson,Charlotte,Hornets,Charlotte
3,Nicolas Batum,Nicolas,32.0,2.0,4.0,2.0,4.0,1.0,1.0,4.0,G,3.0,10.0,6.0,3.0,5.0,0.0,3.0,5.0,100.0,33.0,50.0,Batum,Charlotte,Hornets,Charlotte
4,Kemba Walker,Kemba,29.0,11.0,1.0,2.0,4.0,2.0,0.0,3.0,G,0.0,27.0,15.0,2.0,4.0,0.0,1.0,3.0,75.0,73.0,100.0,Walker,Charlotte,Hornets,Charlotte
13,Kawhi Leonard,Kawhi,34.0,10.0,4.0,4.0,2.0,2.0,0.0,0.0,F,3.0,23.0,16.0,2.0,2.0,0.0,4.0,1.0,50.0,63.0,50.0,Leonard,San Antonio,Spurs,San Antonio
14,LaMarcus Aldridge,LaMarcus,17.0,6.0,5.0,0.0,2.0,0.0,0.0,1.0,F,4.0,16.0,10.0,0.0,4.0,0.0,5.0,4.0,100.0,60.0,0.0,Aldridge,San Antonio,Spurs,San Antonio
15,Tim Duncan,Tim,24.0,4.0,8.0,0.0,2.0,0.0,1.0,3.0,C,2.0,11.0,5.0,0.0,4.0,0.0,7.0,3.0,75.0,80.0,0.0,Duncan,San Antonio,Spurs,San Antonio
16,Danny Green,Danny,27.0,2.0,3.0,3.0,4.0,1.0,1.0,0.0,G,2.0,8.0,7.0,2.0,3.0,1.0,2.0,3.0,100.0,29.0,33.0,Green,San Antonio,Spurs,San Antonio
17,Tony Parker,Tony,25.0,2.0,1.0,0.0,6.0,0.0,0.0,4.0,G,1.0,7.0,5.0,2.0,6.0,0.0,1.0,3.0,50.0,40.0,0.0,Parker,San Antonio,Spurs,San Antonio
0,Joe Johnson,Joe,38.0,3.0,3.0,4.0,4.0,0.0,0.0,0.0,F,2.0,13.0,8.0,0.0,7.0,0.0,3.0,7.0,100.0,38.0,0.0,Johnson,Brooklyn,Nets,New York
1,Thaddeus Young,Thaddeus,41.0,4.0,10.0,0.0,1.0,0.0,2.0,2.0,F,0.0,11.0,13.0,5.0,4.0,0.0,8.0,3.0,75.0,31.0,0.0,Young,Brooklyn,Nets,New York
2,Brook Lopez,Brook,37.0,10.0,12.0,0.0,3.0,0.0,4.0,2.0,C,4.0,28.0,21.0,2.0,11.0,2.0,8.0,8.0,73.0,48.0,0.0,Lopez,Brooklyn,Nets,New York
3,Wayne Ellington,Wayne,31.0,5.0,6.0,6.0,0.0,2.0,1.0,0.0,G,2.0,12.0,11.0,1.0,0.0,0.0,5.0,0.0,0.0,46.0,33.0,Ellington,Brooklyn,Nets,New York
4,Donald Sloan,Donald,36.0,5.0,2.0,5.0,4.0,2.0,0.0,2.0,G,0.0,13.0,11.0,2.0,1.0,0.0,2.0,1.0,100.0,46.0,40.0,Sloan,Brooklyn,Nets,New York
12,Chandler Parsons,Chandler,34.0,8.0,10.0,7.0,3.0,3.0,1.0,3.0,F,4.0,19.0,15.0,0.0,0.0,0.0,9.0,0.0,0.0,53.0,43.0,Parsons,Dallas,Mavericks,Dallas
13,Dirk Nowitzki,Dirk,29.0,6.0,8.0,2.0,0.0,0.0,1.0,1.0,F,2.0,12.0,13.0,2.0,0.0,4.0,7.0,0.0,0.0,46.0,0.0,Nowitzki,Dallas,Mavericks,Dallas
14,Zaza Pachulia,Zaza,32.0,6.0,12.0,0.0,3.0,0.0,4.0,3.0,C,2.0,16.0,10.0,0.0,6.0,0.0,8.0,4.0,67.0,60.0,0.0,Pachulia,Dallas,Mavericks,Dallas
15,Wesley Matthews,Wesley,34.0,1.0,5.0,2.0,3.0,0.0,1.0,0.0,G,1.0,2.0,4.0,0.0,0.0,0.0,4.0,0.0,0.0,25.0,0.0,Matthews,Dallas,Mavericks,Dallas
16,Deron Williams,Deron,32.0,3.0,2.0,5.0,6.0,1.0,0.0,1.0,G,3.0,8.0,14.0,1.0,1.0,0.0,2.0,1.0,100.0,21.0,20.0,Williams,Dallas,Mavericks,Dallas
0,Paul George,Paul,19.0,3.0,1.0,1.0,1.0,0.0,1.0,4.0,F,3.0,10.0,8.0,0.0,4.0,0.0,0.0,4.0,100.0,38.0,0.0,George,Indiana,Pacers,Indianapolis
1,Thaddeus Young,Thaddeus,26.0,1.0,5.0,0.0,4.0,0.0,3.0,3.0,F,2.0,2.0,2.0,2.0,0.0,0.0,2.0,0.0,0.0,50.0,0.0,Young,Indiana,Pacers,Indianapolis
2,Myles Turner,Myles,32.0,8.0,7.0,1.0,1.0,0.0,3.0,0.0,C,5.0,18.0,19.0,3.0,2.0,1.0,4.0,2.0,100.0,42.0,0.0,Turner,Indiana,Pacers,Indianapolis
3,CJ Miles,CJ,27.0,3.0,5.0,3.0,0.0,2.0,0.0,0.0,G,1.0,8.0,4.0,0.0,0.0,0.0,5.0,0.0,0.0,75.0,67.0,Miles,Indiana,Pacers,Indianapolis
4,Jeff Teague,Jeff,32.0,5.0,3.0,3.0,6.0,0.0,0.0,1.0,G,3.0,16.0,16.0,1.0,7.0,0.0,3.0,6.0,86.0,31.0,0.0,Teague,Indiana,Pacers,Indianapolis
13,Rodney McGruder,Rodney,18.0,2.0,1.0,3.0,0.0,2.0,0.0,0.0,F,2.0,6.0,4.0,0.0,0.0,1.0,1.0,0.0,0.0,50.0,67.0,McGruder,Miami,Heat,Miami
14,Luke Babbitt,Luke,15.0,3.0,3.0,5.0,1.0,3.0,1.0,0.0,F,1.0,9.0,5.0,1.0,0.0,0.0,2.0,0.0,0.0,60.0,60.0,Babbitt,Miami,Heat,Miami
15,Hassan Whiteside,Hassan,37.0,6.0,17.0,0.0,0.0,0.0,7.0,3.0,C,0.0,22.0,12.0,1.0,13.0,1.0,10.0,10.0,77.0,50.0,0.0,Whiteside,Miami,Heat,Miami
16,Dion Waiters,Dion,31.0,8.0,2.0,6.0,3.0,3.0,0.0,6.0,G,1.0,22.0,15.0,2.0,3.0,0.0,2.0,3.0,100.0,53.0,50.0,Waiters,Miami,Heat,Miami
17,Goran Dragic,Goran,28.0,8.0,2.0,3.0,4.0,1.0,0.0,0.0,G,4.0,21.0,12.0,2.0,5.0,0.0,2.0,4.0,80.0,67.0,33.0,Dragic,Miami,Heat,Miami
0,Nicolas Batum,Nicolas,30.0,2.0,4.0,4.0,2.0,1.0,0.0,5.0,F,2.0,5.0,7.0,1.0,0.0,1.0,4.0,0.0,0.0,29.0,25.0,Batum,Portland,Trail Blazers,Portland
1,LaMarcus Aldridge,LaMarcus,35.0,9.0,8.0,0.0,3.0,0.0,0.0,3.0,F,1.0,24.0,18.0,1.0,6.0,1.0,8.0,6.0,100.0,50.0,0.0,Aldridge,Portland,Trail Blazers,Portland
2,Chris Kaman,Chris,24.0,2.0,5.0,0.0,2.0,0.0,2.0,1.0,C,3.0,6.0,5.0,0.0,2.0,2.0,3.0,2.0,100.0,40.0,0.0,Kaman,Portland,Trail Blazers,Portland
3,Wesley Matthews,Wesley,29.0,1.0,1.0,3.0,2.0,0.0,0.0,2.0,G,2.0,2.0,4.0,1.0,0.0,0.0,1.0,0.0,0.0,25.0,0.0,Matthews,Portland,Trail Blazers,Portland
4,Damian Lillard,Damian,36.0,9.0,2.0,5.0,5.0,0.0,0.0,1.0,G,2.0,23.0,17.0,0.0,6.0,0.0,2.0,5.0,83.0,53.0,0.0,Lillard,Portland,Trail Blazers,Portland
13,Kawhi Leonard,Kawhi,31.0,8.0,4.0,4.0,5.0,1.0,0.0,0.0,F,2.0,20.0,18.0,3.0,4.0,0.0,4.0,3.0,75.0,44.0,25.0,Leonard,San Antonio,Spurs,San Antonio
14,Tim Duncan,Tim,30.0,4.0,12.0,0.0,6.0,0.0,3.0,1.0,F,2.0,11.0,7.0,1.0,3.0,2.0,9.0,3.0,100.0,57.0,0.0,Duncan,San Antonio,Spurs,San Antonio
15,Tiago Splitter,Tiago,17.0,2.0,4.0,0.0,3.0,0.0,2.0,2.0,C,5.0,4.0,4.0,0.0,0.0,0.0,2.0,0.0,0.0,50.0,0.0,Splitter,San Antonio,Spurs,San Antonio
16,Danny Green,Danny,34.0,6.0,5.0,5.0,2.0,4.0,0.0,1.0,G,1.0,19.0,8.0,2.0,3.0,0.0,5.0,3.0,100.0,75.0,80.0,Green,San Antonio,Spurs,San Antonio
17,Tony Parker,Tony,28.0,8.0,2.0,2.0,7.0,1.0,1.0,3.0,G,3.0,17.0,17.0,2.0,0.0,0.0,1.0,0.0,0.0,47.0,50.0,Parker,San Antonio,Spurs,San Antonio
0,Otto Porter Jr.,Otto,39.0,6.0,10.0,8.0,1.0,3.0,5.0,1.0,F,4.0,20.0,13.0,1.0,6.0,0.0,5.0,5.0,83.0,46.0,38.0,Porter,Washington,Wizards,Washington
1,Kelly Oubre Jr.,Kelly,33.0,0.0,3.0,3.0,0.0,0.0,1.0,1.0,F,4.0,0.0,5.0,1.0,2.0,0.0,2.0,0.0,0.0,0.0,0.0,Oubre,Washington,Wizards,Washington
2,Marcin Gortat,Marcin,41.0,5.0,14.0,0.0,1.0,0.0,3.0,1.0,C,5.0,14.0,10.0,1.0,4.0,1.0,11.0,4.0,100.0,50.0,0.0,Gortat,Washington,Wizards,Washington
3,Bradley Beal,Bradley,41.0,12.0,6.0,6.0,2.0,3.0,2.0,4.0,G,4.0,31.0,25.0,2.0,4.0,0.0,4.0,4.0,100.0,48.0,50.0,Beal,Washington,Wizards,Washington
4,John Wall,John,46.0,7.0,6.0,4.0,12.0,1.0,1.0,3.0,G,2.0,23.0,24.0,1.0,10.0,2.0,5.0,8.0,80.0,29.0,25.0,Wall,Washington,Wizards,Washington
13,Bojan Bogdanovic,Bojan,34.0,6.0,5.0,9.0,4.0,2.0,2.0,1.0,F,4.0,21.0,18.0,2.0,7.0,0.0,3.0,7.0,100.0,33.0,22.0,Bogdanovic,Brooklyn,Nets,New York
14,Rondae Hollis-Jefferson,Rondae,31.0,5.0,11.0,1.0,2.0,0.0,3.0,2.0,F,2.0,13.0,7.0,1.0,4.0,0.0,8.0,3.0,75.0,71.0,0.0,Hollis-Jefferson,Brooklyn,Nets,New York
15,Brook Lopez,Brook,32.0,8.0,6.0,4.0,4.0,0.0,1.0,2.0,C,6.0,20.0,17.0,0.0,4.0,2.0,5.0,4.0,100.0,47.0,0.0,Lopez,Brooklyn,Nets,New York
16,Randy Foye,Randy,25.0,1.0,5.0,3.0,1.0,0.0,0.0,0.0,G,1.0,3.0,4.0,1.0,2.0,0.0,5.0,1.0,50.0,25.0,0.0,Foye,Brooklyn,Nets,New York
17,Spencer Dinwiddie,Spencer,16.0,1.0,2.0,1.0,1.0,0.0,1.0,2.0,G,1.0,2.0,4.0,0.0,0.0,0.0,1.0,0.0,0.0,25.0,0.0,Dinwiddie,Brooklyn,Nets,New York
0,Luol Deng,Luol,19.0,4.0,2.0,3.0,0.0,1.0,0.0,0.0,F,0.0,9.0,7.0,0.0,0.0,2.0,2.0,0.0,0.0,57.0,33.0,Deng,Los Angeles,Lakers,Los Angeles
1,Julius Randle,Julius,23.0,4.0,6.0,0.0,4.0,0.0,0.0,3.0,F,3.0,9.0,4.0,1.0,2.0,0.0,6.0,1.0,50.0,100.0,0.0,Randle,Los Angeles,Lakers,Los Angeles
2,Timofey Mozgov,Timofey,20.0,1.0,8.0,0.0,1.0,0.0,3.0,2.0,C,3.0,4.0,5.0,0.0,2.0,0.0,5.0,2.0,100.0,20.0,0.0,Mozgov,Los Angeles,Lakers,Los Angeles
3,Nick Young,Nick,27.0,3.0,2.0,5.0,1.0,1.0,0.0,0.0,G,0.0,9.0,9.0,0.0,2.0,0.0,2.0,2.0,100.0,33.0,20.0,Young,Los Angeles,Lakers,Los Angeles
4,Brandon Ingram,Brandon,36.0,2.0,1.0,3.0,0.0,0.0,0.0,3.0,G,5.0,6.0,12.0,1.0,3.0,0.0,1.0,2.0,67.0,17.0,0.0,Ingram,Los Angeles,Lakers,Los Angeles
13,Wesley Matthews,Wesley,14.0,5.0,2.0,5.0,2.0,3.0,1.0,1.0,F,0.0,13.0,9.0,1.0,0.0,0.0,1.0,0.0,0.0,56.0,60.0,Matthews,Dallas,Mavericks,Dallas
14,Harrison Barnes,Harrison,27.0,3.0,5.0,2.0,2.0,0.0,2.0,1.0,F,0.0,6.0,12.0,0.0,0.0,0.0,3.0,0.0,0.0,25.0,0.0,Barnes,Dallas,Mavericks,Dallas
15,Dirk Nowitzki,Dirk,20.0,5.0,5.0,3.0,1.0,1.0,1.0,1.0,C,2.0,13.0,11.0,1.0,2.0,1.0,4.0,2.0,100.0,46.0,33.0,Nowitzki,Dallas,Mavericks,Dallas
16,Seth Curry,Seth,27.0,6.0,2.0,4.0,3.0,2.0,1.0,1.0,G,1.0,14.0,8.0,1.0,0.0,0.0,1.0,0.0,0.0,75.0,50.0,Curry,Dallas,Mavericks,Dallas
17,Deron Williams,Deron,26.0,6.0,5.0,3.0,8.0,1.0,0.0,0.0,G,1.0,13.0,9.0,0.0,0.0,0.0,5.0,0.0,0.0,67.0,33.0,Williams,Dallas,Mavericks,Dallas
0,Luol Deng,Luol,20.0,1.0,6.0,2.0,1.0,1.0,1.0,1.0,F,0.0,3.0,5.0,0.0,0.0,0.0,5.0,0.0,0.0,20.0,50.0,Deng,Los Angeles,Lakers,Los Angeles
1,Tarik Black,Tarik,18.0,2.0,6.0,0.0,1.0,0.0,4.0,1.0,F,4.0,4.0,6.0,0.0,2.0,0.0,2.0,0.0,0.0,33.0,0.0,Black,Los Angeles,Lakers,Los Angeles
2,Timofey Mozgov,Timofey,15.0,1.0,6.0,0.0,1.0,0.0,1.0,1.0,C,4.0,4.0,4.0,0.0,2.0,0.0,5.0,2.0,100.0,25.0,0.0,Mozgov,Los Angeles,Lakers,Los Angeles
3,Nick Young,Nick,33.0,6.0,3.0,10.0,3.0,5.0,1.0,1.0,G,4.0,17.0,14.0,2.0,0.0,1.0,2.0,0.0,0.0,43.0,50.0,Young,Los Angeles,Lakers,Los Angeles
4,D'Angelo Russell,D'Angelo,32.0,8.0,6.0,9.0,6.0,2.0,1.0,2.0,G,3.0,20.0,20.0,1.0,2.0,1.0,5.0,2.0,100.0,40.0,22.0,Russell,Los Angeles,Lakers,Los Angeles
13,Jae Crowder,Jae,34.0,6.0,6.0,7.0,1.0,2.0,0.0,1.0,F,2.0,18.0,12.0,2.0,4.0,0.0,6.0,4.0,100.0,50.0,29.0,Crowder,Boston,Celtics,Boston
14,Amir Johnson,Amir,15.0,2.0,2.0,0.0,1.0,0.0,1.0,0.0,F,3.0,5.0,2.0,0.0,2.0,0.0,1.0,1.0,50.0,100.0,0.0,Johnson,Boston,Celtics,Boston
15,Al Horford,Al,31.0,4.0,8.0,4.0,8.0,1.0,2.0,2.0,C,2.0,11.0,11.0,0.0,4.0,1.0,6.0,2.0,50.0,36.0,25.0,Horford,Boston,Celtics,Boston
16,Jaylen Brown,Jaylen,32.0,3.0,7.0,2.0,1.0,1.0,1.0,0.0,G,3.0,12.0,7.0,0.0,6.0,0.0,6.0,5.0,83.0,43.0,50.0,Brown,Boston,Celtics,Boston
17,Isaiah Thomas,Isaiah,38.0,13.0,2.0,11.0,4.0,5.0,0.0,6.0,G,2.0,38.0,24.0,1.0,7.0,0.0,2.0,7.0,100.0,54.0,46.0,Thomas,Boston,Celtics,Boston
0,DeMarre Carroll,DeMarre,35.0,8.0,5.0,7.0,2.0,4.0,1.0,4.0,F,3.0,21.0,16.0,2.0,2.0,0.0,4.0,1.0,50.0,50.0,57.0,Carroll,Toronto,Raptors,Toronto
1,Luis Scola,Luis,22.0,4.0,9.0,1.0,1.0,1.0,3.0,2.0,F,2.0,9.0,9.0,1.0,0.0,0.0,6.0,0.0,0.0,44.0,100.0,Scola,Toronto,Raptors,Toronto
2,Jonas Valanciunas,Jonas,23.0,2.0,10.0,0.0,2.0,0.0,1.0,2.0,C,4.0,6.0,6.0,0.0,2.0,0.0,9.0,2.0,100.0,33.0,0.0,Valanciunas,Toronto,Raptors,Toronto
3,DeMar DeRozan,DeMar,35.0,5.0,7.0,4.0,6.0,1.0,1.0,3.0,G,4.0,23.0,15.0,2.0,14.0,0.0,6.0,12.0,86.0,33.0,25.0,DeRozan,Toronto,Raptors,Toronto
4,Kyle Lowry,Kyle,34.0,3.0,7.0,1.0,9.0,0.0,1.0,3.0,G,4.0,14.0,11.0,3.0,10.0,2.0,6.0,8.0,80.0,27.0,0.0,Lowry,Toronto,Raptors,Toronto
13,Jae Crowder,Jae,34.0,1.0,4.0,2.0,4.0,0.0,1.0,2.0,F,3.0,7.0,6.0,3.0,6.0,1.0,3.0,5.0,83.0,17.0,0.0,Crowder,Boston,Celtics,Boston
14,David Lee,David,17.0,2.0,6.0,0.0,2.0,0.0,2.0,1.0,F,2.0,6.0,5.0,1.0,2.0,0.0,4.0,2.0,100.0,40.0,0.0,Lee,Boston,Celtics,Boston
15,Tyler Zeller,Tyler,16.0,4.0,0.0,0.0,1.0,0.0,0.0,0.0,C,3.0,10.0,8.0,0.0,2.0,0.0,0.0,2.0,100.0,50.0,0.0,Zeller,Boston,Celtics,Boston
16,Avery Bradley,Avery,30.0,4.0,5.0,7.0,3.0,3.0,0.0,2.0,G,3.0,13.0,11.0,1.0,2.0,1.0,5.0,2.0,100.0,36.0,43.0,Bradley,Boston,Celtics,Boston
17,Marcus Smart,Marcus,28.0,2.0,3.0,5.0,2.0,1.0,0.0,0.0,G,3.0,6.0,11.0,1.0,2.0,0.0,3.0,1.0,50.0,18.0,20.0,Smart,Boston,Celtics,Boston
0,Michael Kidd-Gilchrist,Michael,34.0,0.0,6.0,0.0,4.0,0.0,1.0,0.0,F,3.0,0.0,6.0,0.0,0.0,1.0,5.0,0.0,0.0,0.0,0.0,Kidd-Gilchrist,Charlotte,Hornets,Charlotte
1,Marvin Williams,Marvin,25.0,6.0,8.0,5.0,0.0,3.0,1.0,0.0,F,3.0,16.0,10.0,1.0,2.0,0.0,7.0,1.0,50.0,60.0,60.0,Williams,Charlotte,Hornets,Charlotte
2,Roy Hibbert,Roy,19.0,2.0,5.0,0.0,0.0,0.0,2.0,0.0,C,3.0,4.0,2.0,0.0,0.0,2.0,3.0,0.0,0.0,100.0,0.0,Hibbert,Charlotte,Hornets,Charlotte
3,Jeremy Lamb,Jeremy,28.0,4.0,5.0,3.0,4.0,1.0,0.0,0.0,G,3.0,11.0,11.0,1.0,2.0,0.0,5.0,2.0,100.0,36.0,33.0,Lamb,Charlotte,Hornets,Charlotte
4,Kemba Walker,Kemba,36.0,9.0,6.0,12.0,10.0,5.0,1.0,5.0,G,1.0,25.0,21.0,1.0,3.0,1.0,5.0,2.0,67.0,43.0,42.0,Walker,Charlotte,Hornets,Charlotte
13,Trevor Ariza,Trevor,40.0,5.0,5.0,6.0,3.0,3.0,0.0,0.0,F,1.0,16.0,10.0,1.0,5.0,0.0,5.0,3.0,60.0,50.0,50.0,Ariza,Houston,Rockets,Houston
14,Ryan Anderson,Ryan,36.0,5.0,2.0,7.0,1.0,3.0,2.0,0.0,F,1.0,13.0,12.0,2.0,0.0,0.0,0.0,0.0,0.0,42.0,43.0,Anderson,Houston,Rockets,Houston
15,Montrezl Harrell,Montrezl,29.0,5.0,3.0,0.0,2.0,0.0,1.0,0.0,C,1.0,14.0,5.0,2.0,6.0,3.0,2.0,4.0,67.0,100.0,0.0,Harrell,Houston,Rockets,Houston
16,Patrick Beverley,Patrick,32.0,2.0,8.0,8.0,5.0,2.0,1.0,2.0,G,4.0,8.0,10.0,0.0,2.0,0.0,7.0,2.0,100.0,20.0,25.0,Beverley,Houston,Rockets,Houston
17,James Harden,James,38.0,11.0,15.0,14.0,10.0,7.0,1.0,4.0,G,3.0,40.0,24.0,0.0,14.0,0.0,14.0,11.0,79.0,46.0,50.0,Harden,Houston,Rockets,Houston
0,Andre Roberson,Andre,27.0,0.0,5.0,2.0,1.0,0.0,5.0,0.0,F,1.0,1.0,6.0,3.0,4.0,1.0,0.0,1.0,25.0,0.0,0.0,Roberson,Oklahoma City,Thunder,Oklahoma City
1,Domantas Sabonis,Domantas,28.0,3.0,3.0,4.0,1.0,0.0,0.0,1.0,F,5.0,7.0,8.0,0.0,2.0,0.0,3.0,1.0,50.0,38.0,0.0,Sabonis,Oklahoma City,Thunder,Oklahoma City
2,Steven Adams,Steven,20.0,3.0,4.0,0.0,1.0,0.0,1.0,3.0,C,1.0,6.0,6.0,1.0,0.0,0.0,3.0,0.0,0.0,50.0,0.0,Adams,Oklahoma City,Thunder,Oklahoma City
3,Victor Oladipo,Victor,40.0,7.0,1.0,7.0,2.0,1.0,0.0,2.0,G,3.0,23.0,14.0,2.0,8.0,1.0,1.0,8.0,100.0,50.0,14.0,Oladipo,Oklahoma City,Thunder,Oklahoma City
4,Russell Westbrook,Russell,36.0,11.0,11.0,5.0,10.0,4.0,2.0,7.0,G,1.0,36.0,21.0,4.0,11.0,0.0,9.0,10.0,91.0,52.0,80.0,Westbrook,Oklahoma City,Thunder,Oklahoma City
13,Rudy Gay,Rudy,36.0,6.0,10.0,5.0,2.0,2.0,2.0,3.0,F,4.0,22.0,18.0,2.0,9.0,2.0,8.0,8.0,89.0,33.0,40.0,Gay,Sacramento,Kings,Sacramento
14,Anthony Tolliver,Anthony,32.0,4.0,4.0,4.0,2.0,2.0,0.0,2.0,F,3.0,10.0,6.0,2.0,0.0,1.0,4.0,0.0,0.0,67.0,50.0,Tolliver,Sacramento,Kings,Sacramento
15,DeMarcus Cousins,DeMarcus,34.0,8.0,11.0,6.0,7.0,1.0,6.0,6.0,C,2.0,31.0,20.0,3.0,17.0,1.0,5.0,14.0,82.0,40.0,17.0,Cousins,Sacramento,Kings,Sacramento
16,Garrett Temple,Garrett,24.0,3.0,4.0,2.0,3.0,0.0,0.0,0.0,G,2.0,8.0,6.0,0.0,2.0,0.0,4.0,2.0,100.0,50.0,0.0,Temple,Sacramento,Kings,Sacramento
17,Darren Collison,Darren,27.0,7.0,1.0,3.0,2.0,2.0,0.0,1.0,G,4.0,21.0,9.0,2.0,6.0,0.0,1.0,5.0,83.0,78.0,67.0,Collison,Sacramento,Kings,Sacramento
0,Solomon Hill,Solomon,37.0,2.0,6.0,6.0,7.0,1.0,1.0,2.0,F,2.0,7.0,8.0,1.0,2.0,1.0,5.0,2.0,100.0,25.0,17.0,Hill,New Orleans,Pellicans,New Orleans
1,Dante Cunningham,Dante,38.0,4.0,4.0,5.0,1.0,3.0,0.0,1.0,F,2.0,12.0,8.0,0.0,2.0,1.0,4.0,1.0,50.0,50.0,60.0,Cunningham,New Orleans,Pellicans,New Orleans
2,Anthony Davis,Anthony,36.0,16.0,13.0,3.0,2.0,2.0,2.0,2.0,C,3.0,42.0,22.0,1.0,11.0,1.0,11.0,8.0,73.0,73.0,67.0,Davis,New Orleans,Pellicans,New Orleans
3,Buddy Hield,Buddy,22.0,7.0,4.0,4.0,1.0,2.0,0.0,1.0,G,3.0,17.0,10.0,0.0,1.0,0.0,4.0,1.0,100.0,70.0,50.0,Hield,New Orleans,Pellicans,New Orleans
4,Jrue Holiday,Jrue,38.0,10.0,6.0,2.0,12.0,1.0,2.0,9.0,G,3.0,25.0,14.0,5.0,4.0,0.0,4.0,4.0,100.0,71.0,50.0,Holiday,New Orleans,Pellicans,New Orleans
13,Andrew Wiggins,Andrew,37.0,11.0,4.0,3.0,2.0,1.0,2.0,3.0,F,0.0,29.0,17.0,3.0,7.0,0.0,2.0,6.0,86.0,65.0,33.0,Wiggins,Minnesota,Timberwolves,Minneapolis
14,Gorgui Dieng,Gorgui,34.0,3.0,8.0,1.0,1.0,1.0,3.0,1.0,F,4.0,8.0,8.0,3.0,2.0,0.0,5.0,1.0,50.0,38.0,100.0,Dieng,Minnesota,Timberwolves,Minneapolis
15,Karl-Anthony Towns,Karl-Anthony,38.0,13.0,8.0,5.0,1.0,1.0,4.0,4.0,C,5.0,36.0,22.0,0.0,9.0,0.0,4.0,9.0,100.0,59.0,20.0,Towns,Minnesota,Timberwolves,Minneapolis
16,Brandon Rush,Brandon,25.0,3.0,3.0,5.0,1.0,2.0,0.0,0.0,G,2.0,9.0,7.0,0.0,2.0,0.0,3.0,1.0,50.0,43.0,40.0,Rush,Minnesota,Timberwolves,Minneapolis
17,Ricky Rubio,Ricky,39.0,5.0,1.0,3.0,12.0,1.0,0.0,4.0,G,2.0,15.0,10.0,4.0,6.0,0.0,1.0,4.0,67.0,50.0,33.0,Rubio,Minnesota,Timberwolves,Minneapolis
0,Tobias Harris,Tobias,22.0,2.0,5.0,2.0,1.0,0.0,0.0,1.0,F,2.0,4.0,5.0,0.0,0.0,1.0,5.0,0.0,0.0,40.0,0.0,Harris,Orlando,Magic,Orlando
1,Channing Frye,Channing,13.0,1.0,2.0,4.0,0.0,1.0,0.0,0.0,F,4.0,3.0,4.0,0.0,0.0,0.0,2.0,0.0,0.0,25.0,25.0,Frye,Orlando,Magic,Orlando
2,Nikola Vucevic,Nikola,13.0,2.0,3.0,0.0,1.0,0.0,0.0,1.0,C,4.0,4.0,5.0,0.0,0.0,0.0,3.0,0.0,0.0,40.0,0.0,Vucevic,Orlando,Magic,Orlando
3,Evan Fournier,Evan,28.0,2.0,1.0,4.0,2.0,1.0,0.0,3.0,G,3.0,9.0,5.0,0.0,4.0,0.0,1.0,4.0,100.0,40.0,25.0,Fournier,Orlando,Magic,Orlando
4,Elfrid Payton,Elfrid,16.0,0.0,3.0,0.0,4.0,0.0,2.0,2.0,G,2.0,0.0,5.0,0.0,0.0,0.0,1.0,0.0,0.0,0.0,0.0,Payton,Orlando,Magic,Orlando
12,LeBron James,LeBron,29.0,11.0,5.0,7.0,3.0,4.0,0.0,0.0,F,2.0,29.0,18.0,2.0,4.0,0.0,5.0,3.0,75.0,61.0,57.0,James,Cleveland,Cavaliers,Cleveland
13,Kevin Love,Kevin,29.0,2.0,13.0,2.0,2.0,1.0,1.0,1.0,F,1.0,10.0,5.0,1.0,8.0,0.0,12.0,5.0,63.0,40.0,50.0,Love,Cleveland,Cavaliers,Cleveland
14,Tristan Thompson,Tristan,29.0,4.0,12.0,0.0,0.0,0.0,6.0,0.0,C,0.0,10.0,6.0,0.0,8.0,0.0,6.0,2.0,25.0,67.0,0.0,Thompson,Cleveland,Cavaliers,Cleveland
15,JR Smith,JR,20.0,1.0,2.0,5.0,1.0,1.0,1.0,0.0,G,2.0,3.0,7.0,1.0,0.0,1.0,1.0,0.0,0.0,14.0,20.0,Smith,Cleveland,Cavaliers,Cleveland
16,Kyrie Irving,Kyrie,21.0,4.0,2.0,4.0,5.0,0.0,1.0,1.0,G,1.0,13.0,12.0,0.0,7.0,0.0,1.0,5.0,71.0,33.0,0.0,Irving,Cleveland,Cavaliers,Cleveland
0,Luc Mbah a Moute,Luc,12.0,1.0,1.0,1.0,1.0,1.0,0.0,0.0,F,2.0,5.0,4.0,1.0,2.0,0.0,1.0,2.0,100.0,25.0,100.0,Mbah,LA,Clippers,Los Angeles
1,Blake Griffin,Blake,23.0,9.0,4.0,1.0,2.0,0.0,2.0,2.0,F,4.0,20.0,14.0,1.0,3.0,0.0,2.0,2.0,67.0,64.0,0.0,Griffin,LA,Clippers,Los Angeles
2,DeAndre Jordan,DeAndre,23.0,4.0,5.0,0.0,3.0,0.0,2.0,1.0,C,0.0,8.0,4.0,0.0,3.0,0.0,3.0,0.0,0.0,100.0,0.0,Jordan,LA,Clippers,Los Angeles
3,JJ Redick,JJ,26.0,4.0,1.0,5.0,0.0,3.0,0.0,4.0,G,1.0,13.0,8.0,1.0,2.0,0.0,1.0,2.0,100.0,50.0,60.0,Redick,LA,Clippers,Los Angeles
4,Austin Rivers,Austin,38.0,3.0,2.0,4.0,6.0,1.0,0.0,1.0,G,3.0,10.0,11.0,1.0,6.0,0.0,2.0,3.0,50.0,27.0,25.0,Rivers,LA,Clippers,Los Angeles
13,Kevin Durant,Kevin,29.0,9.0,4.0,4.0,7.0,3.0,1.0,0.0,F,1.0,23.0,11.0,1.0,2.0,1.0,3.0,2.0,100.0,82.0,75.0,Durant,Golden State,Golden State Warriors,San Francisco
14,Draymond Green,Draymond,26.0,1.0,5.0,1.0,5.0,0.0,0.0,1.0,F,3.0,5.0,4.0,2.0,4.0,2.0,5.0,3.0,75.0,25.0,0.0,Green,Golden State,Golden State Warriors,San Francisco
15,Zaza Pachulia,Zaza,14.0,2.0,6.0,0.0,3.0,0.0,2.0,1.0,C,3.0,4.0,3.0,1.0,0.0,0.0,4.0,0.0,0.0,67.0,0.0,Pachulia,Golden State,Golden State Warriors,San Francisco
16,Klay Thompson,Klay,27.0,7.0,1.0,3.0,1.0,2.0,0.0,2.0,G,1.0,16.0,11.0,1.0,1.0,0.0,1.0,0.0,0.0,64.0,67.0,Thompson,Golden State,Golden State Warriors,San Francisco
17,Stephen Curry,Stephen,29.0,15.0,9.0,15.0,6.0,9.0,0.0,2.0,G,1.0,43.0,23.0,0.0,4.0,0.0,9.0,4.0,100.0,65.0,60.0,Curry,Golden State,Golden State Warriors,San Francisco
0,Norman Powell,Norman,35.0,5.0,1.0,4.0,0.0,0.0,1.0,1.0,F,4.0,14.0,14.0,0.0,6.0,0.0,0.0,4.0,67.0,36.0,0.0,Powell,Toronto,Raptors,Toronto
1,Serge Ibaka,Serge,28.0,3.0,4.0,4.0,0.0,1.0,0.0,2.0,F,1.0,9.0,11.0,0.0,2.0,3.0,4.0,2.0,100.0,27.0,25.0,Ibaka,Toronto,Raptors,Toronto
2,Jonas Valanciunas,Jonas,21.0,5.0,10.0,0.0,0.0,0.0,4.0,1.0,C,2.0,10.0,6.0,0.0,0.0,0.0,6.0,0.0,0.0,83.0,0.0,Valanciunas,Toronto,Raptors,Toronto
3,DeMar DeRozan,DeMar,28.0,5.0,4.0,2.0,2.0,0.0,1.0,2.0,G,0.0,17.0,16.0,1.0,7.0,0.0,3.0,7.0,100.0,31.0,0.0,DeRozan,Toronto,Raptors,Toronto
4,Cory Joseph,Cory,22.0,3.0,3.0,0.0,0.0,0.0,0.0,2.0,G,2.0,6.0,8.0,1.0,0.0,0.0,3.0,0.0,0.0,38.0,0.0,Joseph,Toronto,Raptors,Toronto
13,Rodney McGruder,Rodney,26.0,3.0,1.0,3.0,1.0,1.0,0.0,1.0,F,1.0,7.0,5.0,0.0,2.0,0.0,1.0,0.0,0.0,60.0,33.0,McGruder,Miami,Heat,Miami
14,Luke Babbitt,Luke,20.0,2.0,1.0,4.0,3.0,2.0,0.0,1.0,F,4.0,6.0,4.0,2.0,0.0,0.0,1.0,0.0,0.0,50.0,50.0,Babbitt,Miami,Heat,Miami
15,Hassan Whiteside,Hassan,33.0,4.0,14.0,0.0,0.0,0.0,2.0,0.0,C,3.0,12.0,8.0,0.0,4.0,4.0,12.0,4.0,100.0,50.0,0.0,Whiteside,Miami,Heat,Miami
16,Dion Waiters,Dion,33.0,6.0,1.0,6.0,5.0,4.0,0.0,5.0,G,1.0,20.0,10.0,1.0,8.0,1.0,1.0,4.0,50.0,60.0,67.0,Waiters,Miami,Heat,Miami
17,Goran Dragic,Goran,17.0,5.0,2.0,2.0,2.0,1.0,0.0,0.0,G,1.0,15.0,9.0,2.0,5.0,0.0,2.0,4.0,80.0,56.0,50.0,Dragic,Miami,Heat,Miami
0,Andre Roberson,Andre,31.0,6.0,4.0,2.0,3.0,1.0,1.0,0.0,F,3.0,13.0,8.0,2.0,0.0,0.0,3.0,0.0,0.0,75.0,50.0,Roberson,Oklahoma City,Thunder,Oklahoma City
1,Taj Gibson,Taj,24.0,4.0,4.0,0.0,1.0,0.0,3.0,0.0,F,1.0,10.0,8.0,2.0,3.0,0.0,1.0,2.0,67.0,50.0,0.0,Gibson,Oklahoma City,Thunder,Oklahoma City
2,Steven Adams,Steven,25.0,5.0,5.0,0.0,2.0,0.0,2.0,1.0,C,3.0,10.0,8.0,1.0,0.0,1.0,3.0,0.0,0.0,63.0,0.0,Adams,Oklahoma City,Thunder,Oklahoma City
3,Victor Oladipo,Victor,28.0,9.0,5.0,3.0,2.0,3.0,2.0,2.0,G,0.0,23.0,15.0,0.0,3.0,0.0,3.0,2.0,67.0,60.0,100.0,Oladipo,Oklahoma City,Thunder,Oklahoma City
4,Russell Westbrook,Russell,28.0,8.0,10.0,8.0,16.0,4.0,0.0,2.0,G,2.0,24.0,17.0,1.0,4.0,0.0,10.0,4.0,100.0,47.0,50.0,Westbrook,Oklahoma City,Thunder,Oklahoma City
13,DeMarre Carroll,DeMarre,15.0,1.0,3.0,2.0,0.0,0.0,1.0,1.0,F,1.0,2.0,3.0,1.0,0.0,1.0,2.0,0.0,0.0,33.0,0.0,Carroll,Toronto,Raptors,Toronto
14,Serge Ibaka,Serge,27.0,5.0,3.0,4.0,1.0,0.0,0.0,3.0,F,3.0,10.0,11.0,0.0,0.0,1.0,3.0,0.0,0.0,46.0,0.0,Ibaka,Toronto,Raptors,Toronto
15,Jonas Valanciunas,Jonas,17.0,3.0,5.0,0.0,0.0,0.0,2.0,1.0,C,3.0,7.0,7.0,0.0,1.0,2.0,3.0,1.0,100.0,43.0,0.0,Valanciunas,Toronto,Raptors,Toronto
16,DeMar DeRozan,DeMar,29.0,8.0,3.0,1.0,3.0,0.0,0.0,3.0,G,1.0,22.0,14.0,0.0,7.0,0.0,3.0,6.0,86.0,57.0,0.0,DeRozan,Toronto,Raptors,Toronto
17,Cory Joseph,Cory,30.0,5.0,2.0,1.0,6.0,1.0,0.0,2.0,G,2.0,11.0,8.0,2.0,2.0,0.0,2.0,0.0,0.0,63.0,100.0,Joseph,Toronto,Raptors,Toronto
0,DeMarre Carroll,DeMarre,21.0,3.0,3.0,1.0,0.0,0.0,0.0,0.0,F,2.0,8.0,4.0,0.0,5.0,0.0,3.0,2.0,40.0,75.0,0.0,Carroll,Toronto,Raptors,Toronto
1,Pascal Siakam,Pascal,28.0,2.0,7.0,1.0,0.0,0.0,3.0,2.0,F,4.0,6.0,4.0,0.0,2.0,4.0,4.0,2.0,100.0,50.0,0.0,Siakam,Toronto,Raptors,Toronto
2,Jonas Valanciunas,Jonas,26.0,8.0,13.0,0.0,0.0,0.0,6.0,0.0,C,1.0,16.0,15.0,0.0,0.0,1.0,7.0,0.0,0.0,53.0,0.0,Valanciunas,Toronto,Raptors,Toronto
3,DeMar DeRozan,DeMar,30.0,13.0,5.0,3.0,4.0,1.0,0.0,3.0,G,2.0,31.0,21.0,1.0,4.0,0.0,5.0,4.0,100.0,62.0,33.0,DeRozan,Toronto,Raptors,Toronto
4,Kyle Lowry,Kyle,35.0,3.0,3.0,7.0,10.0,2.0,0.0,4.0,G,1.0,16.0,9.0,1.0,8.0,0.0,3.0,8.0,100.0,33.0,29.0,Lowry,Toronto,Raptors,Toronto
13,Aaron Gordon,Aaron,20.0,3.0,1.0,4.0,0.0,1.0,0.0,1.0,F,2.0,7.0,9.0,0.0,0.0,0.0,1.0,0.0,0.0,33.0,25.0,Gordon,Orlando,Magic,Orlando
14,Serge Ibaka,Serge,22.0,5.0,4.0,1.0,0.0,0.0,0.0,0.0,F,0.0,10.0,9.0,0.0,0.0,0.0,4.0,0.0,0.0,56.0,0.0,Ibaka,Orlando,Magic,Orlando
15,Bismack Biyombo,Bismack,27.0,3.0,12.0,0.0,1.0,0.0,2.0,4.0,C,1.0,8.0,5.0,1.0,2.0,3.0,10.0,2.0,100.0,60.0,0.0,Biyombo,Orlando,Magic,Orlando
16,Evan Fournier,Evan,26.0,6.0,3.0,2.0,3.0,0.0,2.0,3.0,G,5.0,15.0,10.0,1.0,3.0,0.0,1.0,3.0,100.0,60.0,0.0,Fournier,Orlando,Magic,Orlando
17,D.J. Augustin,D.J.,13.0,0.0,3.0,1.0,2.0,0.0,1.0,1.0,G,3.0,0.0,4.0,2.0,0.0,0.0,2.0,0.0,0.0,0.0,0.0,Augustin,Orlando,Magic,Orlando
0,Solomon Hill,Solomon,29.0,1.0,4.0,1.0,1.0,0.0,0.0,1.0,F,2.0,2.0,5.0,1.0,2.0,0.0,4.0,0.0,0.0,20.0,0.0,Hill,Indiana,Pacers,Indianapolis
1,David West,David,27.0,5.0,6.0,0.0,3.0,0.0,2.0,3.0,F,3.0,10.0,12.0,0.0,0.0,1.0,4.0,0.0,0.0,42.0,0.0,West,Indiana,Pacers,Indianapolis
2,Roy Hibbert,Roy,31.0,6.0,10.0,0.0,1.0,0.0,4.0,2.0,C,3.0,15.0,14.0,2.0,3.0,1.0,6.0,3.0,100.0,43.0,0.0,Hibbert,Indiana,Pacers,Indianapolis
3,Rodney Stuckey,Rodney,20.0,4.0,2.0,2.0,0.0,1.0,1.0,2.0,G,2.0,9.0,10.0,0.0,0.0,0.0,1.0,0.0,0.0,40.0,50.0,Stuckey,Indiana,Pacers,Indianapolis
4,Donald Sloan,Donald,23.0,3.0,4.0,2.0,4.0,0.0,0.0,1.0,G,1.0,6.0,9.0,0.0,0.0,0.0,4.0,0.0,0.0,33.0,0.0,Sloan,Indiana,Pacers,Indianapolis
13,PJ Tucker,PJ,23.0,2.0,7.0,2.0,1.0,0.0,1.0,1.0,F,1.0,4.0,6.0,1.0,0.0,0.0,6.0,0.0,0.0,33.0,0.0,Tucker,Phoenix,Suns,Phoenix
14,Markieff Morris,Markieff,30.0,6.0,6.0,2.0,1.0,0.0,1.0,0.0,F,0.0,15.0,16.0,0.0,3.0,0.0,5.0,3.0,100.0,38.0,0.0,Morris,Phoenix,Suns,Phoenix
15,Miles Plumlee,Miles,28.0,2.0,7.0,0.0,1.0,0.0,4.0,1.0,C,5.0,6.0,4.0,1.0,6.0,3.0,3.0,2.0,33.0,50.0,0.0,Plumlee,Phoenix,Suns,Phoenix
16,Goran Dragic,Goran,35.0,11.0,5.0,6.0,3.0,5.0,0.0,3.0,G,2.0,34.0,15.0,4.0,7.0,0.0,5.0,7.0,100.0,73.0,83.0,Dragic,Phoenix,Suns,Phoenix
17,Eric Bledsoe,Eric,39.0,11.0,3.0,4.0,7.0,1.0,0.0,2.0,G,0.0,27.0,20.0,4.0,5.0,0.0,3.0,4.0,80.0,55.0,25.0,Bledsoe,Phoenix,Suns,Phoenix
0,Hollis Thompson,Hollis,33.0,5.0,3.0,7.0,1.0,4.0,2.0,0.0,F,4.0,14.0,12.0,0.0,0.0,1.0,1.0,0.0,0.0,42.0,57.0,Thompson,Philadelphia,76ers,Philadelphia
1,Jerami Grant,Jerami,29.0,2.0,3.0,2.0,3.0,1.0,0.0,2.0,F,4.0,7.0,10.0,2.0,2.0,0.0,3.0,2.0,100.0,20.0,50.0,Grant,Philadelphia,76ers,Philadelphia
2,Carl Landry,Carl,24.0,6.0,7.0,0.0,1.0,0.0,0.0,0.0,C,4.0,16.0,11.0,0.0,4.0,0.0,7.0,4.0,100.0,55.0,0.0,Landry,Philadelphia,76ers,Philadelphia
3,Isaiah Canaan,Isaiah,27.0,4.0,2.0,10.0,3.0,3.0,0.0,1.0,G,1.0,11.0,11.0,0.0,0.0,0.0,2.0,0.0,0.0,36.0,30.0,Canaan,Philadelphia,76ers,Philadelphia
4,Ish Smith,Ish,28.0,1.0,7.0,1.0,8.0,1.0,2.0,1.0,G,1.0,5.0,9.0,0.0,2.0,1.0,5.0,2.0,100.0,11.0,100.0,Smith,Philadelphia,76ers,Philadelphia
13,JaKarr Sampson,JaKarr,17.0,3.0,2.0,0.0,0.0,0.0,0.0,0.0,F,3.0,9.0,5.0,0.0,4.0,2.0,2.0,3.0,75.0,60.0,0.0,Sampson,Denver,Nuggets,Denver
14,Darrell Arthur,Darrell,32.0,5.0,7.0,2.0,0.0,1.0,2.0,3.0,F,2.0,11.0,13.0,2.0,0.0,2.0,5.0,0.0,0.0,39.0,50.0,Arthur,Denver,Nuggets,Denver
15,Nikola Jokic,Nikola,27.0,5.0,8.0,0.0,5.0,0.0,1.0,1.0,C,1.0,18.0,6.0,1.0,12.0,0.0,7.0,8.0,67.0,83.0,0.0,Jokic,Denver,Nuggets,Denver
16,Gary Harris,Gary,36.0,6.0,5.0,2.0,0.0,1.0,2.0,0.0,G,1.0,18.0,11.0,0.0,5.0,0.0,3.0,5.0,100.0,55.0,50.0,Harris,Denver,Nuggets,Denver
17,Emmanuel Mudiay,Emmanuel,42.0,10.0,11.0,5.0,4.0,3.0,1.0,1.0,G,1.0,27.0,23.0,0.0,5.0,1.0,10.0,4.0,80.0,44.0,60.0,Mudiay,Denver,Nuggets,Denver
0,Danilo Gallinari,Danilo,37.0,9.0,8.0,5.0,1.0,3.0,1.0,1.0,F,0.0,32.0,14.0,0.0,11.0,0.0,7.0,11.0,100.0,64.0,60.0,Gallinari,Denver,Nuggets,Denver
1,Kenneth Faried,Kenneth,37.0,6.0,14.0,0.0,2.0,0.0,3.0,0.0,F,3.0,21.0,9.0,2.0,11.0,2.0,11.0,9.0,82.0,67.0,0.0,Faried,Denver,Nuggets,Denver
2,Jusuf Nurkic,Jusuf,15.0,2.0,4.0,0.0,0.0,0.0,0.0,3.0,C,3.0,5.0,4.0,0.0,1.0,0.0,4.0,1.0,100.0,50.0,0.0,Nurkic,Denver,Nuggets,Denver
3,Gary Harris,Gary,35.0,6.0,7.0,6.0,4.0,1.0,1.0,0.0,G,4.0,15.0,15.0,2.0,3.0,0.0,6.0,2.0,67.0,40.0,17.0,Harris,Denver,Nuggets,Denver
4,Jameer Nelson,Jameer,33.0,4.0,3.0,6.0,6.0,2.0,0.0,2.0,G,5.0,17.0,9.0,1.0,8.0,0.0,3.0,7.0,88.0,44.0,33.0,Nelson,Denver,Nuggets,Denver
13,TJ Warren,TJ,20.0,3.0,5.0,1.0,0.0,0.0,4.0,1.0,F,5.0,6.0,10.0,0.0,0.0,0.0,1.0,0.0,0.0,30.0,0.0,Warren,Phoenix,Suns,Phoenix
14,Marquese Chriss,Marquese,17.0,2.0,3.0,1.0,0.0,0.0,0.0,0.0,F,5.0,4.0,4.0,2.0,2.0,1.0,3.0,0.0,0.0,50.0,0.0,Chriss,Phoenix,Suns,Phoenix
15,Tyson Chandler,Tyson,40.0,6.0,12.0,0.0,0.0,0.0,2.0,1.0,C,3.0,15.0,8.0,2.0,4.0,0.0,10.0,3.0,75.0,75.0,0.0,Chandler,Phoenix,Suns,Phoenix
16,Devin Booker,Devin,35.0,8.0,4.0,2.0,2.0,0.0,1.0,3.0,G,5.0,23.0,16.0,1.0,11.0,1.0,3.0,7.0,64.0,50.0,0.0,Booker,Phoenix,Suns,Phoenix
17,Eric Bledsoe,Eric,45.0,12.0,6.0,8.0,7.0,3.0,2.0,3.0,G,3.0,41.0,27.0,2.0,15.0,0.0,4.0,14.0,93.0,44.0,38.0,Bledsoe,Phoenix,Suns,Phoenix
0,Chandler Parsons,Chandler,23.0,3.0,4.0,2.0,1.0,0.0,0.0,1.0,F,2.0,9.0,6.0,0.0,3.0,0.0,4.0,3.0,100.0,50.0,0.0,Parsons,Memphis,Grizzles,Memphis
1,JaMychal Green,JaMychal,27.0,2.0,6.0,0.0,0.0,0.0,4.0,1.0,F,2.0,8.0,6.0,0.0,4.0,2.0,2.0,4.0,100.0,33.0,0.0,Green,Memphis,Grizzles,Memphis
2,Marc Gasol,Marc,33.0,9.0,5.0,6.0,0.0,2.0,0.0,6.0,C,2.0,22.0,17.0,1.0,4.0,0.0,5.0,2.0,50.0,53.0,33.0,Gasol,Memphis,Grizzles,Memphis
3,James Ennis III,James,22.0,0.0,3.0,1.0,1.0,0.0,1.0,0.0,G,5.0,0.0,2.0,0.0,0.0,0.0,2.0,0.0,0.0,0.0,0.0,Ennis,Memphis,Grizzles,Memphis
4,Mike Conley,Mike,31.0,7.0,3.0,5.0,7.0,2.0,0.0,0.0,G,0.0,18.0,14.0,1.0,2.0,0.0,3.0,2.0,100.0,50.0,40.0,Conley,Memphis,Grizzles,Memphis
0,Aaron Gordon,Aaron,26.0,5.0,3.0,2.0,3.0,1.0,1.0,0.0,F,2.0,16.0,10.0,2.0,6.0,0.0,2.0,5.0,83.0,50.0,50.0,Gordon,Orlando,Magic,Orlando
1,Serge Ibaka,Serge,24.0,2.0,2.0,4.0,2.0,1.0,2.0,2.0,F,2.0,5.0,9.0,0.0,0.0,0.0,0.0,0.0,0.0,22.0,25.0,Ibaka,Orlando,Magic,Orlando
2,Nikola Vucevic,Nikola,24.0,4.0,7.0,0.0,2.0,0.0,0.0,0.0,C,3.0,8.0,10.0,2.0,0.0,0.0,7.0,0.0,0.0,40.0,0.0,Vucevic,Orlando,Magic,Orlando
3,Evan Fournier,Evan,32.0,3.0,4.0,3.0,3.0,0.0,2.0,4.0,G,0.0,9.0,12.0,1.0,3.0,0.0,2.0,3.0,100.0,25.0,0.0,Fournier,Orlando,Magic,Orlando
4,Elfrid Payton,Elfrid,26.0,3.0,3.0,4.0,0.0,0.0,2.0,2.0,G,1.0,12.0,12.0,0.0,8.0,0.0,1.0,6.0,75.0,25.0,0.0,Payton,Orlando,Magic,Orlando
12,Tim Hardaway Jr.,Tim,27.0,8.0,5.0,6.0,2.0,3.0,0.0,1.0,F,0.0,21.0,14.0,2.0,2.0,0.0,5.0,2.0,100.0,57.0,50.0,Hardaway,Atlanta,Hawks,Atlanta
13,Paul Millsap,Paul,28.0,7.0,5.0,3.0,4.0,1.0,1.0,0.0,F,3.0,21.0,14.0,0.0,8.0,0.0,4.0,6.0,75.0,50.0,33.0,Millsap,Atlanta,Hawks,Atlanta
14,Dwight Howard,Dwight,24.0,5.0,13.0,0.0,3.0,0.0,4.0,2.0,C,1.0,11.0,6.0,1.0,3.0,0.0,9.0,1.0,33.0,83.0,0.0,Howard,Atlanta,Hawks,Atlanta
15,Kent Bazemore,Kent,27.0,4.0,3.0,2.0,3.0,0.0,1.0,2.0,G,1.0,8.0,6.0,2.0,0.0,0.0,2.0,0.0,0.0,67.0,0.0,Bazemore,Atlanta,Hawks,Atlanta
16,Dennis Schroder,Dennis,26.0,6.0,4.0,5.0,10.0,2.0,0.0,2.0,G,1.0,17.0,11.0,2.0,4.0,0.0,4.0,3.0,75.0,55.0,40.0,Schroder,Atlanta,Hawks,Atlanta
0,Thabo Sefolosha,Thabo,35.0,2.0,5.0,3.0,1.0,1.0,2.0,1.0,F,3.0,5.0,6.0,1.0,0.0,0.0,3.0,0.0,0.0,33.0,33.0,Sefolosha,Atlanta,Hawks,Atlanta
1,Paul Millsap,Paul,36.0,7.0,5.0,4.0,1.0,2.0,1.0,3.0,F,5.0,21.0,16.0,0.0,6.0,0.0,4.0,5.0,83.0,44.0,50.0,Millsap,Atlanta,Hawks,Atlanta
2,Dwight Howard,Dwight,27.0,3.0,17.0,0.0,2.0,0.0,2.0,3.0,C,4.0,7.0,5.0,0.0,4.0,3.0,15.0,1.0,25.0,60.0,0.0,Howard,Atlanta,Hawks,Atlanta
3,Kent Bazemore,Kent,33.0,8.0,6.0,6.0,3.0,4.0,1.0,1.0,G,2.0,25.0,13.0,0.0,7.0,0.0,5.0,5.0,71.0,62.0,67.0,Bazemore,Atlanta,Hawks,Atlanta
4,Dennis Schroder,Dennis,32.0,10.0,2.0,6.0,6.0,3.0,1.0,4.0,G,3.0,28.0,16.0,0.0,5.0,0.0,1.0,5.0,100.0,63.0,50.0,Schroder,Atlanta,Hawks,Atlanta
13,LeBron James,LeBron,37.0,8.0,9.0,5.0,5.0,2.0,2.0,1.0,F,3.0,23.0,17.0,3.0,5.0,0.0,7.0,5.0,100.0,47.0,40.0,James,Cleveland,Cavaliers,Cleveland
14,Kevin Love,Kevin,38.0,7.0,12.0,4.0,3.0,0.0,6.0,2.0,F,4.0,24.0,17.0,3.0,11.0,0.0,6.0,10.0,91.0,41.0,0.0,Love,Cleveland,Cavaliers,Cleveland
15,Tristan Thompson,Tristan,25.0,0.0,2.0,0.0,0.0,0.0,0.0,0.0,C,3.0,0.0,0.0,1.0,2.0,0.0,2.0,0.0,0.0,0.0,0.0,Thompson,Cleveland,Cavaliers,Cleveland
16,JR Smith,JR,32.0,2.0,2.0,10.0,3.0,2.0,1.0,1.0,G,1.0,6.0,13.0,2.0,0.0,0.0,1.0,0.0,0.0,15.0,20.0,Smith,Cleveland,Cavaliers,Cleveland
17,Kyrie Irving,Kyrie,39.0,11.0,1.0,7.0,4.0,1.0,0.0,0.0,G,3.0,29.0,27.0,0.0,7.0,1.0,1.0,6.0,86.0,41.0,14.0,Irving,Cleveland,Cavaliers,Cleveland
0,Trevor Ariza,Trevor,39.0,1.0,7.0,5.0,3.0,0.0,1.0,0.0,F,4.0,6.0,8.0,1.0,4.0,1.0,6.0,4.0,100.0,13.0,0.0,Ariza,Houston,Rockets,Houston
1,Marcus Thornton,Marcus,38.0,7.0,4.0,7.0,3.0,2.0,1.0,1.0,F,4.0,16.0,15.0,3.0,0.0,0.0,3.0,0.0,0.0,47.0,29.0,Thornton,Houston,Rockets,Houston
2,Dwight Howard,Dwight,29.0,8.0,20.0,0.0,3.0,0.0,7.0,5.0,C,5.0,20.0,10.0,0.0,5.0,1.0,13.0,4.0,80.0,80.0,0.0,Howard,Houston,Rockets,Houston
3,Ty Lawson,Ty,41.0,2.0,3.0,3.0,4.0,0.0,0.0,0.0,G,4.0,6.0,11.0,1.0,2.0,0.0,3.0,2.0,100.0,18.0,0.0,Lawson,Houston,Rockets,Houston
4,James Harden,James,40.0,14.0,4.0,10.0,2.0,5.0,0.0,7.0,G,4.0,46.0,26.0,1.0,14.0,0.0,4.0,13.0,93.0,54.0,50.0,Harden,Houston,Rockets,Houston
12,Lance Stephenson,Lance,22.0,2.0,3.0,2.0,3.0,1.0,1.0,0.0,F,2.0,7.0,6.0,2.0,2.0,0.0,2.0,2.0,100.0,33.0,50.0,Stephenson,LA,Clippers,Los Angeles
13,Blake Griffin,Blake,38.0,14.0,11.0,1.0,5.0,0.0,3.0,1.0,F,4.0,35.0,22.0,0.0,8.0,0.0,8.0,7.0,88.0,64.0,0.0,Griffin,LA,Clippers,Los Angeles
14,DeAndre Jordan,DeAndre,34.0,4.0,14.0,0.0,2.0,0.0,4.0,3.0,C,4.0,11.0,6.0,0.0,7.0,3.0,10.0,3.0,43.0,67.0,0.0,Jordan,LA,Clippers,Los Angeles
15,JJ Redick,JJ,35.0,8.0,2.0,2.0,3.0,0.0,1.0,3.0,G,3.0,19.0,15.0,1.0,4.0,0.0,1.0,3.0,75.0,53.0,0.0,Redick,LA,Clippers,Los Angeles
16,Austin Rivers,Austin,31.0,4.0,0.0,5.0,1.0,1.0,0.0,1.0,G,3.0,10.0,12.0,1.0,2.0,1.0,0.0,1.0,50.0,33.0,20.0,Rivers,LA,Clippers,Los Angeles
0,Kobe Bryant,Kobe,34.0,7.0,2.0,5.0,2.0,1.0,0.0,1.0,F,1.0,21.0,20.0,0.0,7.0,0.0,2.0,6.0,86.0,35.0,20.0,Bryant,Los Angeles,Lakers,Los Angeles
1,Julius Randle,Julius,30.0,8.0,6.0,0.0,4.0,0.0,1.0,1.0,F,3.0,16.0,13.0,3.0,2.0,1.0,5.0,0.0,0.0,62.0,0.0,Randle,Los Angeles,Lakers,Los Angeles
2,Roy Hibbert,Roy,30.0,1.0,6.0,0.0,2.0,0.0,1.0,1.0,C,4.0,6.0,4.0,0.0,5.0,0.0,5.0,4.0,80.0,25.0,0.0,Hibbert,Los Angeles,Lakers,Los Angeles
3,Jordan Clarkson,Jordan,36.0,8.0,3.0,5.0,4.0,2.0,0.0,2.0,G,1.0,19.0,15.0,4.0,2.0,0.0,3.0,1.0,50.0,53.0,40.0,Clarkson,Los Angeles,Lakers,Los Angeles
4,D'Angelo Russell,D'Angelo,38.0,6.0,4.0,4.0,5.0,2.0,0.0,2.0,G,4.0,16.0,11.0,0.0,2.0,0.0,4.0,2.0,100.0,55.0,50.0,Russell,Los Angeles,Lakers,Los Angeles
13,Al-Farouq Aminu,Al-Farouq,28.0,2.0,9.0,3.0,3.0,0.0,2.0,1.0,F,1.0,5.0,6.0,0.0,2.0,0.0,7.0,1.0,50.0,33.0,0.0,Aminu,Portland,Trail Blazers,Portland
14,Noah Vonleh,Noah,20.0,2.0,5.0,0.0,1.0,0.0,1.0,1.0,F,1.0,4.0,2.0,1.0,0.0,0.0,4.0,0.0,0.0,100.0,0.0,Vonleh,Portland,Trail Blazers,Portland
15,Mason Plumlee,Mason,24.0,2.0,4.0,0.0,4.0,0.0,3.0,3.0,C,5.0,6.0,5.0,1.0,3.0,0.0,1.0,2.0,67.0,40.0,0.0,Plumlee,Portland,Trail Blazers,Portland
16,CJ McCollum,CJ,34.0,12.0,2.0,7.0,1.0,4.0,0.0,1.0,G,2.0,28.0,20.0,1.0,0.0,0.0,2.0,0.0,0.0,60.0,57.0,McCollum,Portland,Trail Blazers,Portland
17,Damian Lillard,Damian,36.0,9.0,4.0,11.0,7.0,5.0,1.0,5.0,G,2.0,29.0,19.0,0.0,7.0,1.0,3.0,6.0,86.0,47.0,46.0,Lillard,Portland,Trail Blazers,Portland
0,DeMarre Carroll,DeMarre,40.0,1.0,5.0,3.0,1.0,0.0,0.0,0.0,F,3.0,4.0,4.0,3.0,2.0,0.0,5.0,2.0,100.0,25.0,0.0,Carroll,Toronto,Raptors,Toronto
1,Jakob Poeltl,Jakob,18.0,2.0,1.0,0.0,1.0,0.0,0.0,1.0,F,1.0,4.0,2.0,0.0,0.0,1.0,1.0,0.0,0.0,100.0,0.0,Poeltl,Toronto,Raptors,Toronto
2,Jonas Valanciunas,Jonas,22.0,6.0,9.0,0.0,0.0,0.0,5.0,1.0,C,2.0,12.0,11.0,0.0,0.0,0.0,4.0,0.0,0.0,55.0,0.0,Valanciunas,Toronto,Raptors,Toronto
3,DeMar DeRozan,DeMar,38.0,5.0,5.0,1.0,3.0,0.0,1.0,3.0,G,5.0,18.0,19.0,1.0,9.0,0.0,4.0,8.0,89.0,26.0,0.0,DeRozan,Toronto,Raptors,Toronto
4,Kyle Lowry,Kyle,38.0,8.0,3.0,11.0,4.0,4.0,0.0,5.0,G,5.0,22.0,17.0,1.0,2.0,0.0,3.0,2.0,100.0,47.0,36.0,Lowry,Toronto,Raptors,Toronto
13,Jimmy Butler,Jimmy,38.0,2.0,2.0,3.0,12.0,0.0,1.0,4.0,F,4.0,19.0,10.0,5.0,19.0,0.0,1.0,15.0,79.0,20.0,0.0,Butler,Chicago,Bulls,Chicago
14,Taj Gibson,Taj,27.0,6.0,4.0,1.0,0.0,0.0,0.0,0.0,F,2.0,14.0,9.0,0.0,2.0,0.0,4.0,2.0,100.0,67.0,0.0,Gibson,Chicago,Bulls,Chicago
15,Robin Lopez,Robin,21.0,4.0,6.0,0.0,0.0,0.0,2.0,3.0,C,1.0,8.0,12.0,0.0,0.0,2.0,4.0,0.0,0.0,33.0,0.0,Lopez,Chicago,Bulls,Chicago
16,Jerian Grant,Jerian,15.0,1.0,0.0,2.0,0.0,0.0,0.0,2.0,G,4.0,2.0,5.0,0.0,0.0,1.0,0.0,0.0,0.0,20.0,0.0,Grant,Chicago,Bulls,Chicago
17,Michael Carter-Williams,Michael,29.0,2.0,5.0,0.0,3.0,0.0,0.0,1.0,G,5.0,8.0,2.0,1.0,6.0,1.0,5.0,4.0,67.0,100.0,0.0,Carter-Williams,Chicago,Bulls,Chicago
0,Kawhi Leonard,Kawhi,35.0,8.0,10.0,7.0,4.0,3.0,2.0,2.0,F,1.0,25.0,18.0,0.0,6.0,2.0,8.0,6.0,100.0,44.0,43.0,Leonard,San Antonio,Spurs,San Antonio
1,LaMarcus Aldridge,LaMarcus,32.0,4.0,4.0,0.0,4.0,0.0,3.0,0.0,F,2.0,10.0,12.0,0.0,4.0,2.0,1.0,2.0,50.0,33.0,0.0,Aldridge,San Antonio,Spurs,San Antonio
2,Pau Gasol,Pau,17.0,0.0,5.0,1.0,2.0,0.0,0.0,1.0,C,1.0,0.0,5.0,0.0,0.0,1.0,5.0,0.0,0.0,0.0,0.0,Gasol,San Antonio,Spurs,San Antonio
3,Danny Green,Danny,32.0,3.0,7.0,4.0,2.0,3.0,0.0,1.0,G,1.0,11.0,4.0,0.0,2.0,3.0,7.0,2.0,100.0,75.0,75.0,Green,San Antonio,Spurs,San Antonio
4,Tony Parker,Tony,24.0,3.0,2.0,0.0,4.0,0.0,0.0,2.0,G,2.0,7.0,7.0,1.0,1.0,0.0,2.0,1.0,100.0,43.0,0.0,Parker,San Antonio,Spurs,San Antonio
13,Jae Crowder,Jae,28.0,7.0,3.0,9.0,5.0,4.0,0.0,1.0,F,4.0,18.0,12.0,1.0,0.0,0.0,3.0,0.0,0.0,58.0,44.0,Crowder,Boston,Celtics,Boston
14,Amir Johnson,Amir,17.0,0.0,2.0,1.0,0.0,0.0,1.0,1.0,F,4.0,0.0,5.0,1.0,0.0,1.0,1.0,0.0,0.0,0.0,0.0,Johnson,Boston,Celtics,Boston
15,Al Horford,Al,35.0,6.0,10.0,3.0,4.0,0.0,2.0,3.0,C,3.0,12.0,13.0,0.0,0.0,3.0,8.0,0.0,0.0,46.0,0.0,Horford,Boston,Celtics,Boston
16,Avery Bradley,Avery,38.0,8.0,8.0,4.0,3.0,3.0,1.0,1.0,G,2.0,19.0,15.0,0.0,0.0,0.0,7.0,0.0,0.0,53.0,75.0,Bradley,Boston,Celtics,Boston
17,Isaiah Thomas,Isaiah,36.0,9.0,1.0,9.0,8.0,3.0,0.0,2.0,G,2.0,24.0,21.0,0.0,4.0,0.0,1.0,3.0,75.0,43.0,33.0,Thomas,Boston,Celtics,Boston
0,Michael Kidd-Gilchrist,Michael,21.0,1.0,6.0,0.0,2.0,0.0,1.0,1.0,F,6.0,2.0,3.0,0.0,0.0,0.0,5.0,0.0,0.0,33.0,0.0,Kidd-Gilchrist,Charlotte,Hornets,Charlotte
1,Marvin Williams,Marvin,39.0,2.0,6.0,3.0,1.0,1.0,0.0,0.0,F,5.0,8.0,6.0,0.0,4.0,0.0,6.0,3.0,75.0,33.0,33.0,Williams,Charlotte,Hornets,Charlotte
2,Frank Kaminsky,Frank,28.0,5.0,5.0,5.0,4.0,1.0,0.0,2.0,C,6.0,16.0,13.0,0.0,5.0,0.0,5.0,5.0,100.0,39.0,20.0,Kaminsky,Charlotte,Hornets,Charlotte
3,Nicolas Batum,Nicolas,43.0,9.0,8.0,13.0,4.0,8.0,0.0,5.0,G,3.0,31.0,18.0,0.0,5.0,1.0,8.0,5.0,100.0,50.0,62.0,Batum,Charlotte,Hornets,Charlotte
4,Kemba Walker,Kemba,43.0,11.0,2.0,10.0,2.0,6.0,0.0,3.0,G,2.0,34.0,19.0,1.0,8.0,0.0,2.0,6.0,75.0,58.0,60.0,Walker,Charlotte,Hornets,Charlotte
12,Luc Mbah a Moute,Luc,35.0,3.0,0.0,1.0,0.0,1.0,0.0,0.0,F,3.0,7.0,6.0,4.0,0.0,1.0,0.0,0.0,0.0,50.0,100.0,Mbah,LA,Clippers,Los Angeles
13,Blake Griffin,Blake,42.0,15.0,10.0,4.0,5.0,3.0,4.0,1.0,F,4.0,43.0,26.0,2.0,16.0,0.0,6.0,10.0,63.0,58.0,75.0,Griffin,LA,Clippers,Los Angeles
14,DeAndre Jordan,DeAndre,43.0,9.0,19.0,0.0,1.0,0.0,9.0,3.0,C,2.0,20.0,10.0,3.0,4.0,2.0,10.0,2.0,50.0,90.0,0.0,Jordan,LA,Clippers,Los Angeles
15,JJ Redick,JJ,38.0,9.0,2.0,7.0,2.0,3.0,0.0,2.0,G,2.0,22.0,16.0,1.0,2.0,0.0,2.0,1.0,50.0,56.0,43.0,Redick,LA,Clippers,Los Angeles
16,Chris Paul,Chris,41.0,4.0,9.0,6.0,17.0,2.0,0.0,0.0,G,3.0,15.0,18.0,1.0,6.0,0.0,9.0,5.0,83.0,22.0,33.0,Paul,LA,Clippers,Los Angeles
0,Trevor Ariza,Trevor,30.0,3.0,7.0,4.0,1.0,3.0,0.0,0.0,F,2.0,9.0,5.0,1.0,0.0,0.0,7.0,0.0,0.0,60.0,75.0,Ariza,Houston,Rockets,Houston
1,Ryan Anderson,Ryan,28.0,7.0,3.0,7.0,0.0,4.0,1.0,1.0,F,3.0,22.0,12.0,1.0,4.0,1.0,2.0,4.0,100.0,58.0,57.0,Anderson,Houston,Rockets,Houston
3,Corey Brewer,Corey,20.0,3.0,3.0,3.0,1.0,2.0,0.0,1.0,G,1.0,8.0,6.0,1.0,0.0,0.0,3.0,0.0,0.0,50.0,67.0,Brewer,Houston,Rockets,Houston
4,James Harden,James,30.0,9.0,5.0,7.0,11.0,4.0,2.0,7.0,G,2.0,34.0,16.0,0.0,12.0,1.0,3.0,12.0,100.0,56.0,57.0,Harden,Houston,Rockets,Houston
13,Harrison Barnes,Harrison,32.0,7.0,3.0,3.0,1.0,1.0,0.0,0.0,F,2.0,21.0,16.0,0.0,6.0,0.0,3.0,6.0,100.0,44.0,33.0,Barnes,Dallas,Mavericks,Dallas
14,Dirk Nowitzki,Dirk,15.0,2.0,3.0,0.0,0.0,0.0,1.0,1.0,F,0.0,7.0,8.0,0.0,4.0,0.0,2.0,3.0,75.0,25.0,0.0,Nowitzki,Dallas,Mavericks,Dallas
15,Andrew Bogut,Andrew,11.0,0.0,6.0,0.0,2.0,0.0,2.0,2.0,C,1.0,0.0,0.0,0.0,0.0,2.0,4.0,0.0,0.0,0.0,0.0,Bogut,Dallas,Mavericks,Dallas
16,Wesley Matthews,Wesley,29.0,7.0,1.0,7.0,1.0,3.0,0.0,0.0,G,2.0,19.0,13.0,1.0,2.0,0.0,1.0,2.0,100.0,54.0,43.0,Matthews,Dallas,Mavericks,Dallas
17,Deron Williams,Deron,23.0,2.0,3.0,5.0,6.0,2.0,2.0,2.0,G,2.0,6.0,11.0,0.0,1.0,0.0,1.0,0.0,0.0,18.0,40.0,Williams,Dallas,Mavericks,Dallas
0,DeMarre Carroll,DeMarre,33.0,4.0,9.0,1.0,1.0,0.0,3.0,1.0,F,1.0,11.0,8.0,2.0,6.0,1.0,6.0,3.0,50.0,50.0,0.0,Carroll,Atlanta,Hawks,Atlanta
1,Paul Millsap,Paul,37.0,11.0,6.0,1.0,0.0,0.0,3.0,4.0,F,3.0,27.0,17.0,1.0,7.0,1.0,3.0,5.0,71.0,65.0,0.0,Millsap,Atlanta,Hawks,Atlanta
2,Al Horford,Al,33.0,6.0,5.0,0.0,4.0,0.0,0.0,3.0,C,5.0,13.0,12.0,0.0,4.0,1.0,5.0,1.0,25.0,50.0,0.0,Horford,Atlanta,Hawks,Atlanta
3,Kyle Korver,Kyle,36.0,5.0,8.0,9.0,1.0,4.0,0.0,0.0,G,1.0,14.0,11.0,1.0,0.0,1.0,8.0,0.0,0.0,46.0,44.0,Korver,Atlanta,Hawks,Atlanta
4,Jeff Teague,Jeff,35.0,8.0,3.0,2.0,6.0,0.0,1.0,1.0,G,0.0,22.0,16.0,2.0,6.0,0.0,2.0,6.0,100.0,50.0,0.0,Teague,Atlanta,Hawks,Atlanta
13,Nicolas Batum,Nicolas,37.0,7.0,4.0,8.0,3.0,2.0,0.0,3.0,F,1.0,16.0,14.0,2.0,0.0,1.0,4.0,0.0,0.0,50.0,25.0,Batum,Portland,Trail Blazers,Portland
14,LaMarcus Aldridge,LaMarcus,39.0,14.0,12.0,0.0,4.0,0.0,5.0,4.0,F,1.0,30.0,25.0,1.0,2.0,2.0,7.0,2.0,100.0,56.0,0.0,Aldridge,Portland,Trail Blazers,Portland
15,Joel Freeland,Joel,18.0,1.0,5.0,0.0,1.0,0.0,2.0,0.0,C,4.0,4.0,3.0,0.0,2.0,3.0,3.0,2.0,100.0,33.0,0.0,Freeland,Portland,Trail Blazers,Portland
16,Wesley Matthews,Wesley,34.0,5.0,1.0,10.0,3.0,4.0,1.0,0.0,G,2.0,19.0,14.0,1.0,5.0,0.0,0.0,5.0,100.0,36.0,40.0,Matthews,Portland,Trail Blazers,Portland
17,Damian Lillard,Damian,39.0,7.0,8.0,6.0,7.0,2.0,2.0,2.0,G,5.0,16.0,18.0,0.0,1.0,1.0,6.0,0.0,0.0,39.0,33.0,Lillard,Portland,Trail Blazers,Portland
0,Michael Kidd-Gilchrist,Michael,20.0,1.0,10.0,1.0,1.0,0.0,5.0,1.0,F,0.0,6.0,9.0,2.0,4.0,1.0,5.0,4.0,100.0,11.0,0.0,Kidd-Gilchrist,Charlotte,Hornets,Charlotte
1,Marvin Williams,Marvin,28.0,4.0,2.0,4.0,2.0,2.0,0.0,0.0,F,1.0,13.0,7.0,2.0,4.0,0.0,2.0,3.0,75.0,57.0,50.0,Williams,Charlotte,Hornets,Charlotte
2,Cody Zeller,Cody,31.0,4.0,7.0,0.0,1.0,0.0,1.0,1.0,C,3.0,8.0,9.0,0.0,0.0,2.0,6.0,0.0,0.0,44.0,0.0,Zeller,Charlotte,Hornets,Charlotte
3,Nicolas Batum,Nicolas,35.0,4.0,10.0,7.0,3.0,4.0,1.0,4.0,G,4.0,13.0,13.0,0.0,2.0,0.0,9.0,1.0,50.0,31.0,57.0,Batum,Charlotte,Hornets,Charlotte
4,Kemba Walker,Kemba,35.0,4.0,2.0,4.0,5.0,1.0,1.0,3.0,G,1.0,12.0,16.0,2.0,3.0,0.0,1.0,3.0,100.0,25.0,25.0,Walker,Charlotte,Hornets,Charlotte
13,Paul George,Paul,36.0,9.0,5.0,7.0,3.0,3.0,0.0,4.0,F,1.0,22.0,17.0,1.0,1.0,0.0,5.0,1.0,100.0,53.0,43.0,George,Indiana,Pacers,Indianapolis
14,Thaddeus Young,Thaddeus,30.0,4.0,5.0,2.0,1.0,1.0,0.0,1.0,F,2.0,9.0,10.0,0.0,0.0,1.0,5.0,0.0,0.0,40.0,50.0,Young,Indiana,Pacers,Indianapolis
15,Myles Turner,Myles,34.0,9.0,7.0,7.0,0.0,4.0,0.0,0.0,C,3.0,22.0,16.0,1.0,0.0,4.0,7.0,0.0,0.0,56.0,57.0,Turner,Indiana,Pacers,Indianapolis
16,Glenn Robinson III,Glenn,33.0,1.0,6.0,2.0,2.0,1.0,1.0,0.0,G,2.0,3.0,2.0,1.0,0.0,3.0,5.0,0.0,0.0,50.0,50.0,Robinson,Indiana,Pacers,Indianapolis
17,Jeff Teague,Jeff,35.0,5.0,5.0,3.0,11.0,3.0,1.0,4.0,G,3.0,16.0,8.0,1.0,5.0,0.0,4.0,3.0,60.0,63.0,100.0,Teague,Indiana,Pacers,Indianapolis
0,Luc Mbah a Moute,Luc,24.0,3.0,7.0,3.0,0.0,0.0,0.0,2.0,F,2.0,7.0,9.0,0.0,2.0,0.0,7.0,1.0,50.0,33.0,0.0,Mbah,Philadelphia,76ers,Philadelphia
1,Robert Covington,Robert,22.0,2.0,1.0,3.0,0.0,2.0,0.0,2.0,F,1.0,8.0,6.0,1.0,3.0,0.0,1.0,2.0,67.0,33.0,67.0,Covington,Philadelphia,76ers,Philadelphia
2,Nerlens Noel,Nerlens,24.0,3.0,6.0,0.0,0.0,0.0,2.0,0.0,C,2.0,7.0,6.0,1.0,2.0,1.0,4.0,1.0,50.0,50.0,0.0,Noel,Philadelphia,76ers,Philadelphia
3,KJ McDaniels,KJ,29.0,2.0,5.0,3.0,1.0,1.0,2.0,4.0,G,0.0,6.0,9.0,2.0,4.0,1.0,3.0,1.0,25.0,22.0,33.0,McDaniels,Philadelphia,76ers,Philadelphia
4,Michael Carter-Williams,Michael,26.0,3.0,3.0,5.0,6.0,2.0,0.0,5.0,G,1.0,10.0,12.0,0.0,2.0,0.0,3.0,2.0,100.0,25.0,40.0,Carter-Williams,Philadelphia,76ers,Philadelphia
12,Jeff Green,Jeff,28.0,6.0,1.0,2.0,1.0,2.0,0.0,1.0,F,0.0,18.0,11.0,0.0,4.0,0.0,1.0,4.0,100.0,55.0,100.0,Green,Memphis,Grizzles,Memphis
13,Zach Randolph,Zach,27.0,8.0,14.0,1.0,4.0,1.0,2.0,3.0,F,2.0,17.0,11.0,0.0,0.0,0.0,12.0,0.0,0.0,73.0,100.0,Randolph,Memphis,Grizzles,Memphis
14,Marc Gasol,Marc,25.0,3.0,7.0,0.0,4.0,0.0,0.0,2.0,C,4.0,9.0,5.0,2.0,5.0,4.0,7.0,3.0,60.0,60.0,0.0,Gasol,Memphis,Grizzles,Memphis
15,Courtney Lee,Courtney,23.0,1.0,1.0,2.0,3.0,1.0,0.0,2.0,G,1.0,8.0,5.0,2.0,6.0,0.0,1.0,5.0,83.0,20.0,50.0,Lee,Memphis,Grizzles,Memphis
16,Mike Conley,Mike,21.0,3.0,2.0,2.0,1.0,1.0,1.0,2.0,G,3.0,9.0,8.0,1.0,2.0,0.0,1.0,2.0,100.0,38.0,50.0,Conley,Memphis,Grizzles,Memphis
0,Trevor Ariza,Trevor,41.0,7.0,7.0,4.0,1.0,2.0,3.0,0.0,F,2.0,16.0,11.0,2.0,0.0,0.0,4.0,0.0,0.0,64.0,50.0,Ariza,Houston,Rockets,Houston
1,Clint Capela,Clint,36.0,7.0,11.0,0.0,0.0,0.0,5.0,1.0,F,2.0,18.0,11.0,3.0,8.0,1.0,6.0,4.0,50.0,64.0,0.0,Capela,Houston,Rockets,Houston
2,Dwight Howard,Dwight,30.0,6.0,6.0,0.0,2.0,0.0,2.0,0.0,C,1.0,14.0,14.0,0.0,5.0,0.0,4.0,2.0,40.0,43.0,0.0,Howard,Houston,Rockets,Houston
3,Patrick Beverley,Patrick,34.0,2.0,3.0,2.0,2.0,0.0,0.0,1.0,G,5.0,7.0,5.0,5.0,3.0,0.0,3.0,3.0,100.0,40.0,0.0,Beverley,Houston,Rockets,Houston
4,James Harden,James,45.0,10.0,7.0,7.0,9.0,0.0,3.0,2.0,G,2.0,26.0,28.0,2.0,10.0,0.0,4.0,6.0,60.0,36.0,0.0,Harden,Houston,Rockets,Houston
12,Kristaps Porzingis,Kristaps,41.0,8.0,13.0,1.0,1.0,0.0,3.0,2.0,F,5.0,20.0,13.0,1.0,4.0,2.0,10.0,4.0,100.0,62.0,0.0,Porzingis,New York,Knicks,New York
13,Lance Thomas,Lance,36.0,6.0,3.0,2.0,0.0,1.0,1.0,2.0,F,2.0,15.0,10.0,0.0,2.0,0.0,2.0,2.0,100.0,60.0,50.0,Thomas,New York,Knicks,New York
14,Robin Lopez,Robin,15.0,0.0,3.0,0.0,2.0,0.0,0.0,1.0,C,3.0,0.0,1.0,0.0,0.0,1.0,3.0,0.0,0.0,0.0,0.0,Lopez,New York,Knicks,New York
15,Arron Afflalo,Arron,41.0,13.0,7.0,4.0,3.0,2.0,1.0,1.0,G,1.0,31.0,19.0,1.0,4.0,0.0,6.0,3.0,75.0,68.0,50.0,Afflalo,New York,Knicks,New York
16,Jose Calderon,Jose,38.0,2.0,5.0,4.0,5.0,1.0,0.0,5.0,G,4.0,7.0,7.0,1.0,2.0,0.0,5.0,2.0,100.0,29.0,25.0,Calderon,New York,Knicks,New York
0,CJ Miles,CJ,29.0,6.0,5.0,4.0,1.0,1.0,1.0,4.0,F,4.0,17.0,10.0,2.0,4.0,0.0,4.0,4.0,100.0,60.0,25.0,Miles,Indiana,Pacers,Indianapolis
1,Paul George,Paul,37.0,10.0,10.0,5.0,3.0,2.0,1.0,6.0,F,4.0,26.0,22.0,1.0,5.0,0.0,9.0,4.0,80.0,46.0,40.0,George,Indiana,Pacers,Indianapolis
2,Ian Mahinmi,Ian,25.0,4.0,2.0,0.0,0.0,0.0,1.0,3.0,C,4.0,11.0,7.0,1.0,8.0,3.0,1.0,3.0,38.0,57.0,0.0,Mahinmi,Indiana,Pacers,Indianapolis
3,Monta Ellis,Monta,35.0,4.0,2.0,3.0,6.0,1.0,1.0,2.0,G,3.0,13.0,9.0,4.0,6.0,0.0,1.0,4.0,67.0,44.0,33.0,Ellis,Indiana,Pacers,Indianapolis
4,George Hill,George,37.0,3.0,4.0,3.0,5.0,1.0,0.0,1.0,G,5.0,7.0,8.0,0.0,0.0,0.0,4.0,0.0,0.0,38.0,33.0,Hill,Indiana,Pacers,Indianapolis
13,Jae Crowder,Jae,26.0,1.0,5.0,3.0,2.0,1.0,0.0,4.0,F,5.0,5.0,5.0,5.0,2.0,0.0,5.0,2.0,100.0,20.0,33.0,Crowder,Boston,Celtics,Boston
14,Amir Johnson,Amir,14.0,3.0,2.0,1.0,1.0,0.0,0.0,2.0,F,1.0,7.0,5.0,1.0,4.0,1.0,2.0,1.0,25.0,60.0,0.0,Johnson,Boston,Celtics,Boston
15,Jared Sullinger,Jared,33.0,5.0,11.0,3.0,2.0,1.0,3.0,4.0,C,3.0,11.0,10.0,1.0,0.0,0.0,8.0,0.0,0.0,50.0,33.0,Sullinger,Boston,Celtics,Boston
16,Evan Turner,Evan,33.0,9.0,3.0,0.0,3.0,0.0,0.0,2.0,G,2.0,20.0,13.0,1.0,2.0,2.0,3.0,2.0,100.0,69.0,0.0,Turner,Boston,Celtics,Boston
17,Isaiah Thomas,Isaiah,30.0,4.0,3.0,4.0,4.0,1.0,0.0,2.0,G,2.0,14.0,13.0,0.0,7.0,0.0,3.0,5.0,71.0,31.0,25.0,Thomas,Boston,Celtics,Boston
0,Wayne Ellington,Wayne,29.0,4.0,5.0,5.0,4.0,2.0,1.0,1.0,F,1.0,10.0,11.0,1.0,0.0,0.0,4.0,0.0,0.0,36.0,40.0,Ellington,Brooklyn,Nets,New York
1,Thaddeus Young,Thaddeus,40.0,8.0,9.0,1.0,2.0,0.0,4.0,1.0,F,3.0,21.0,20.0,2.0,8.0,0.0,5.0,5.0,63.0,40.0,0.0,Young,Brooklyn,Nets,New York
2,Brook Lopez,Brook,34.0,10.0,7.0,1.0,1.0,0.0,3.0,1.0,C,0.0,24.0,17.0,0.0,5.0,3.0,4.0,4.0,80.0,59.0,0.0,Lopez,Brooklyn,Nets,New York
3,Markel Brown,Markel,28.0,2.0,3.0,2.0,1.0,1.0,0.0,2.0,G,1.0,5.0,7.0,0.0,0.0,0.0,3.0,0.0,0.0,29.0,50.0,Brown,Brooklyn,Nets,New York
4,Donald Sloan,Donald,34.0,4.0,9.0,3.0,9.0,1.0,1.0,0.0,G,1.0,14.0,13.0,1.0,5.0,0.0,8.0,5.0,100.0,31.0,33.0,Sloan,Brooklyn,Nets,New York
12,Robert Covington,Robert,17.0,4.0,4.0,6.0,0.0,4.0,0.0,0.0,F,0.0,12.0,7.0,0.0,0.0,0.0,4.0,0.0,0.0,57.0,67.0,Covington,Philadelphia,76ers,Philadelphia
13,Jerami Grant,Jerami,17.0,2.0,2.0,2.0,3.0,0.0,1.0,1.0,F,1.0,7.0,7.0,0.0,4.0,2.0,1.0,3.0,75.0,29.0,0.0,Grant,Philadelphia,76ers,Philadelphia
14,Nerlens Noel,Nerlens,34.0,6.0,11.0,0.0,2.0,0.0,4.0,5.0,C,4.0,13.0,10.0,2.0,3.0,3.0,7.0,1.0,33.0,60.0,0.0,Noel,Philadelphia,76ers,Philadelphia
15,Hollis Thompson,Hollis,33.0,5.0,7.0,4.0,4.0,1.0,2.0,1.0,G,3.0,11.0,11.0,1.0,0.0,0.0,5.0,0.0,0.0,46.0,25.0,Thompson,Philadelphia,76ers,Philadelphia
16,Ish Smith,Ish,32.0,4.0,7.0,5.0,9.0,1.0,1.0,0.0,G,3.0,10.0,13.0,0.0,2.0,0.0,6.0,1.0,50.0,31.0,20.0,Smith,Philadelphia,76ers,Philadelphia
0,Luc Mbah a Moute,Luc,17.0,2.0,1.0,1.0,0.0,0.0,1.0,1.0,F,2.0,6.0,4.0,1.0,2.0,0.0,0.0,2.0,100.0,50.0,0.0,Mbah,LA,Clippers,Los Angeles
1,Blake Griffin,Blake,38.0,10.0,7.0,0.0,7.0,0.0,1.0,2.0,F,1.0,26.0,21.0,1.0,8.0,0.0,6.0,6.0,75.0,48.0,0.0,Griffin,LA,Clippers,Los Angeles
2,DeAndre Jordan,DeAndre,36.0,5.0,17.0,0.0,2.0,0.0,4.0,3.0,C,2.0,13.0,6.0,0.0,6.0,1.0,13.0,3.0,50.0,83.0,0.0,Jordan,LA,Clippers,Los Angeles
3,JJ Redick,JJ,25.0,7.0,1.0,6.0,0.0,2.0,0.0,0.0,G,2.0,17.0,14.0,0.0,2.0,0.0,1.0,1.0,50.0,50.0,33.0,Redick,LA,Clippers,Los Angeles
4,Chris Paul,Chris,37.0,6.0,4.0,5.0,12.0,1.0,1.0,3.0,G,4.0,13.0,15.0,2.0,1.0,0.0,3.0,0.0,0.0,40.0,20.0,Paul,LA,Clippers,Los Angeles
13,Otto Porter Jr.,Otto,33.0,3.0,4.0,2.0,2.0,0.0,2.0,0.0,F,1.0,9.0,7.0,3.0,4.0,0.0,2.0,3.0,75.0,43.0,0.0,Porter,Washington,Wizards,Washington
14,Markieff Morris,Markieff,33.0,10.0,9.0,2.0,3.0,1.0,1.0,2.0,F,5.0,23.0,17.0,3.0,3.0,1.0,8.0,2.0,67.0,59.0,50.0,Morris,Washington,Wizards,Washington
15,Marcin Gortat,Marcin,39.0,4.0,7.0,0.0,0.0,0.0,2.0,2.0,C,4.0,9.0,8.0,1.0,1.0,2.0,5.0,1.0,100.0,50.0,0.0,Gortat,Washington,Wizards,Washington
16,Bradley Beal,Bradley,38.0,13.0,3.0,10.0,3.0,6.0,0.0,1.0,G,2.0,41.0,23.0,1.0,11.0,0.0,3.0,9.0,82.0,56.0,60.0,Beal,Washington,Wizards,Washington
17,John Wall,John,36.0,7.0,5.0,2.0,11.0,0.0,2.0,5.0,G,2.0,18.0,16.0,1.0,8.0,1.0,3.0,4.0,50.0,44.0,0.0,Wall,Washington,Wizards,Washington
0,Trevor Ariza,Trevor,4.0,1.0,0.0,1.0,0.0,0.0,0.0,0.0,F,0.0,2.0,3.0,0.0,0.0,0.0,0.0,0.0,0.0,33.0,0.0,Ariza,Houston,Rockets,Houston
1,Clint Capela,Clint,27.0,3.0,9.0,0.0,0.0,0.0,3.0,3.0,F,2.0,6.0,8.0,0.0,2.0,0.0,6.0,0.0,0.0,38.0,0.0,Capela,Houston,Rockets,Houston
2,Dwight Howard,Dwight,29.0,4.0,9.0,0.0,0.0,0.0,2.0,4.0,C,1.0,10.0,5.0,2.0,4.0,2.0,7.0,2.0,50.0,80.0,0.0,Howard,Houston,Rockets,Houston
3,James Harden,James,35.0,2.0,3.0,5.0,9.0,1.0,0.0,7.0,G,2.0,10.0,9.0,3.0,6.0,0.0,3.0,5.0,83.0,22.0,20.0,Harden,Houston,Rockets,Houston
4,Patrick Beverley,Patrick,28.0,4.0,0.0,7.0,3.0,2.0,0.0,2.0,G,4.0,10.0,10.0,5.0,0.0,0.0,0.0,0.0,0.0,40.0,29.0,Beverley,Houston,Rockets,Houston
11,Joe Johnson,Joe,43.0,9.0,5.0,5.0,8.0,2.0,3.0,2.0,F,3.0,22.0,15.0,3.0,3.0,0.0,2.0,2.0,67.0,60.0,40.0,Johnson,Brooklyn,Nets,New York
12,Thaddeus Young,Thaddeus,34.0,10.0,12.0,0.0,5.0,0.0,2.0,5.0,F,2.0,20.0,13.0,3.0,0.0,0.0,10.0,0.0,0.0,77.0,0.0,Young,Brooklyn,Nets,New York
13,Brook Lopez,Brook,39.0,9.0,8.0,0.0,0.0,0.0,4.0,6.0,C,3.0,24.0,14.0,1.0,6.0,5.0,4.0,6.0,100.0,64.0,0.0,Lopez,Brooklyn,Nets,New York
14,Bojan Bogdanovic,Bojan,38.0,8.0,5.0,7.0,1.0,3.0,1.0,0.0,G,1.0,19.0,16.0,2.0,2.0,0.0,4.0,0.0,0.0,50.0,43.0,Bogdanovic,Brooklyn,Nets,New York
15,Jarrett Jack,Jarrett,37.0,4.0,5.0,1.0,9.0,0.0,1.0,5.0,G,2.0,10.0,8.0,3.0,2.0,0.0,4.0,2.0,100.0,50.0,0.0,Jack,Brooklyn,Nets,New York
0,Jimmy Butler,Jimmy,36.0,8.0,9.0,5.0,2.0,2.0,2.0,2.0,F,5.0,23.0,21.0,0.0,5.0,0.0,7.0,5.0,100.0,38.0,40.0,Butler,Chicago,Bulls,Chicago
1,Taj Gibson,Taj,26.0,3.0,9.0,0.0,3.0,0.0,5.0,4.0,F,2.0,8.0,12.0,2.0,3.0,2.0,4.0,2.0,67.0,25.0,0.0,Gibson,Chicago,Bulls,Chicago
2,Robin Lopez,Robin,14.0,3.0,5.0,0.0,0.0,0.0,3.0,2.0,C,1.0,8.0,6.0,0.0,4.0,2.0,2.0,2.0,50.0,50.0,0.0,Lopez,Chicago,Bulls,Chicago
3,Dwyane Wade,Dwyane,35.0,5.0,1.0,3.0,4.0,0.0,0.0,0.0,G,0.0,15.0,13.0,2.0,6.0,0.0,1.0,5.0,83.0,39.0,0.0,Wade,Chicago,Bulls,Chicago
4,Rajon Rondo,Rajon,34.0,6.0,9.0,2.0,5.0,0.0,2.0,4.0,G,3.0,12.0,11.0,1.0,0.0,1.0,7.0,0.0,0.0,55.0,0.0,Rondo,Chicago,Bulls,Chicago
13,Jae Crowder,Jae,14.0,4.0,5.0,2.0,1.0,2.0,0.0,1.0,F,1.0,10.0,6.0,0.0,0.0,0.0,5.0,0.0,0.0,67.0,100.0,Crowder,Boston,Celtics,Boston
14,Amir Johnson,Amir,30.0,9.0,6.0,4.0,3.0,4.0,1.0,0.0,F,2.0,23.0,11.0,3.0,2.0,2.0,5.0,1.0,50.0,82.0,100.0,Johnson,Boston,Celtics,Boston
15,Tyler Zeller,Tyler,25.0,5.0,4.0,0.0,0.0,0.0,3.0,0.0,C,3.0,11.0,11.0,1.0,2.0,0.0,1.0,1.0,50.0,46.0,0.0,Zeller,Boston,Celtics,Boston
16,Avery Bradley,Avery,39.0,6.0,5.0,7.0,4.0,1.0,2.0,1.0,G,4.0,13.0,15.0,0.0,0.0,0.0,3.0,0.0,0.0,40.0,14.0,Bradley,Boston,Celtics,Boston
17,Isaiah Thomas,Isaiah,36.0,8.0,2.0,7.0,10.0,4.0,1.0,3.0,G,3.0,23.0,18.0,3.0,4.0,1.0,1.0,3.0,75.0,44.0,57.0,Thomas,Boston,Celtics,Boston
0,Brandon Ingram,Brandon,20.0,1.0,2.0,1.0,0.0,0.0,0.0,1.0,F,4.0,2.0,3.0,0.0,0.0,0.0,2.0,0.0,0.0,33.0,0.0,Ingram,Los Angeles,Lakers,Los Angeles
1,Julius Randle,Julius,26.0,6.0,7.0,1.0,2.0,0.0,1.0,3.0,F,5.0,15.0,12.0,1.0,6.0,0.0,6.0,3.0,50.0,50.0,0.0,Randle,Los Angeles,Lakers,Los Angeles
2,Tarik Black,Tarik,20.0,3.0,4.0,0.0,3.0,0.0,1.0,3.0,C,1.0,7.0,5.0,1.0,2.0,2.0,3.0,1.0,50.0,60.0,0.0,Black,Los Angeles,Lakers,Los Angeles
3,Nick Young,Nick,29.0,8.0,2.0,8.0,4.0,5.0,1.0,1.0,G,3.0,26.0,11.0,2.0,5.0,0.0,1.0,5.0,100.0,73.0,63.0,Young,Los Angeles,Lakers,Los Angeles
4,D'Angelo Russell,D'Angelo,27.0,4.0,3.0,8.0,5.0,4.0,0.0,2.0,G,1.0,14.0,9.0,1.0,2.0,0.0,3.0,2.0,100.0,44.0,50.0,Russell,Los Angeles,Lakers,Los Angeles
13,Giannis Antetokounmpo,Giannis,42.0,11.0,8.0,6.0,6.0,1.0,1.0,5.0,F,3.0,41.0,20.0,2.0,21.0,3.0,7.0,18.0,86.0,55.0,17.0,Antetokounmpo,Milwaukee,Bucks,Milwaukee
14,Thon Maker,Thon,17.0,3.0,6.0,4.0,1.0,1.0,1.0,0.0,F,5.0,7.0,6.0,0.0,0.0,0.0,5.0,0.0,0.0,50.0,25.0,Maker,Milwaukee,Bucks,Milwaukee
15,John Henson,John,16.0,1.0,3.0,0.0,1.0,0.0,0.0,0.0,C,1.0,2.0,1.0,1.0,0.0,0.0,3.0,0.0,0.0,100.0,0.0,Henson,Milwaukee,Bucks,Milwaukee
16,Tony Snell,Tony,23.0,2.0,3.0,2.0,1.0,1.0,0.0,0.0,G,2.0,6.0,4.0,1.0,1.0,0.0,3.0,1.0,100.0,50.0,50.0,Snell,Milwaukee,Bucks,Milwaukee
17,Matthew Dellavedova,Matthew,18.0,2.0,1.0,2.0,2.0,0.0,0.0,3.0,G,0.0,5.0,5.0,1.0,1.0,0.0,1.0,1.0,100.0,40.0,0.0,Dellavedova,Milwaukee,Bucks,Milwaukee
0,TJ Warren,TJ,33.0,9.0,4.0,3.0,1.0,0.0,2.0,2.0,F,2.0,20.0,16.0,2.0,2.0,3.0,2.0,2.0,100.0,56.0,0.0,Warren,Phoenix,Suns,Phoenix
1,Marquese Chriss,Marquese,17.0,3.0,3.0,2.0,2.0,0.0,0.0,0.0,F,2.0,6.0,7.0,1.0,1.0,1.0,3.0,0.0,0.0,43.0,0.0,Chriss,Phoenix,Suns,Phoenix
2,Tyson Chandler,Tyson,24.0,3.0,13.0,0.0,0.0,0.0,5.0,0.0,C,2.0,11.0,6.0,0.0,6.0,2.0,8.0,5.0,83.0,50.0,0.0,Chandler,Phoenix,Suns,Phoenix
3,Devin Booker,Devin,37.0,5.0,2.0,8.0,5.0,1.0,0.0,3.0,G,4.0,14.0,20.0,1.0,4.0,2.0,2.0,3.0,75.0,25.0,13.0,Booker,Phoenix,Suns,Phoenix
4,Eric Bledsoe,Eric,24.0,3.0,7.0,4.0,5.0,1.0,0.0,4.0,G,4.0,14.0,9.0,0.0,8.0,0.0,7.0,7.0,88.0,33.0,25.0,Bledsoe,Phoenix,Suns,Phoenix
13,Solomon Hill,Solomon,31.0,3.0,2.0,2.0,2.0,0.0,2.0,1.0,F,2.0,9.0,8.0,1.0,3.0,1.0,0.0,3.0,100.0,38.0,0.0,Hill,New Orleans,Pellicans,New Orleans
14,Terrence Jones,Terrence,24.0,2.0,9.0,1.0,0.0,0.0,0.0,1.0,F,6.0,5.0,8.0,2.0,2.0,0.0,9.0,1.0,50.0,25.0,0.0,Jones,New Orleans,Pellicans,New Orleans
15,Anthony Davis,Anthony,40.0,12.0,9.0,2.0,1.0,1.0,2.0,2.0,C,3.0,34.0,21.0,1.0,11.0,5.0,7.0,9.0,82.0,57.0,50.0,Davis,New Orleans,Pellicans,New Orleans
16,Buddy Hield,Buddy,28.0,4.0,3.0,5.0,4.0,3.0,1.0,0.0,G,2.0,11.0,9.0,0.0,0.0,0.0,2.0,0.0,0.0,44.0,60.0,Hield,New Orleans,Pellicans,New Orleans
17,Jrue Holiday,Jrue,37.0,11.0,10.0,7.0,7.0,3.0,2.0,4.0,G,4.0,30.0,22.0,2.0,6.0,3.0,8.0,5.0,83.0,50.0,43.0,Holiday,New Orleans,Pellicans,New Orleans
0,Kevin Durant,Kevin,30.0,7.0,8.0,4.0,9.0,2.0,1.0,5.0,F,0.0,20.0,11.0,2.0,5.0,1.0,7.0,4.0,80.0,64.0,50.0,Durant,Oklahoma City,Thunder,Oklahoma City
1,Serge Ibaka,Serge,27.0,4.0,3.0,4.0,2.0,2.0,1.0,1.0,F,2.0,10.0,6.0,3.0,0.0,1.0,2.0,0.0,0.0,67.0,50.0,Ibaka,Oklahoma City,Thunder,Oklahoma City
2,Steven Adams,Steven,22.0,7.0,7.0,0.0,0.0,0.0,2.0,1.0,C,0.0,14.0,11.0,1.0,0.0,0.0,5.0,0.0,0.0,64.0,0.0,Adams,Oklahoma City,Thunder,Oklahoma City
3,Andre Roberson,Andre,22.0,1.0,4.0,1.0,0.0,0.0,0.0,0.0,G,1.0,2.0,3.0,0.0,0.0,1.0,4.0,0.0,0.0,33.0,0.0,Roberson,Oklahoma City,Thunder,Oklahoma City
4,Russell Westbrook,Russell,27.0,6.0,7.0,3.0,9.0,1.0,1.0,2.0,G,1.0,15.0,15.0,3.0,3.0,0.0,6.0,2.0,67.0,40.0,33.0,Westbrook,Oklahoma City,Thunder,Oklahoma City
0,Tobias Harris,Tobias,39.0,8.0,4.0,4.0,1.0,1.0,0.0,1.0,F,3.0,21.0,18.0,3.0,5.0,0.0,4.0,4.0,80.0,44.0,25.0,Harris,Detroit,Pistons,Detroit
1,Marcus Morris,Marcus,35.0,5.0,5.0,5.0,2.0,0.0,1.0,2.0,F,3.0,10.0,15.0,0.0,2.0,0.0,4.0,0.0,0.0,33.0,0.0,Morris,Detroit,Pistons,Detroit
2,Andre Drummond,Andre,36.0,5.0,8.0,0.0,2.0,0.0,2.0,0.0,C,2.0,10.0,10.0,3.0,0.0,0.0,6.0,0.0,0.0,50.0,0.0,Drummond,Detroit,Pistons,Detroit
3,Kentavious Caldwell-Pope,Kentavious,34.0,4.0,2.0,6.0,0.0,0.0,0.0,1.0,G,2.0,10.0,13.0,1.0,2.0,0.0,2.0,2.0,100.0,31.0,0.0,Caldwell-Pope,Detroit,Pistons,Detroit
4,Ish Smith,Ish,31.0,6.0,1.0,0.0,3.0,0.0,0.0,1.0,G,2.0,14.0,11.0,0.0,2.0,0.0,1.0,2.0,100.0,55.0,0.0,Smith,Detroit,Pistons,Detroit
13,Andre Roberson,Andre,30.0,2.0,1.0,1.0,2.0,0.0,0.0,0.0,F,0.0,4.0,4.0,0.0,0.0,0.0,1.0,0.0,0.0,50.0,0.0,Roberson,Oklahoma City,Thunder,Oklahoma City
14,Domantas Sabonis,Domantas,24.0,1.0,3.0,2.0,1.0,1.0,1.0,0.0,F,5.0,3.0,4.0,1.0,0.0,0.0,2.0,0.0,0.0,25.0,50.0,Sabonis,Oklahoma City,Thunder,Oklahoma City
15,Steven Adams,Steven,29.0,7.0,9.0,0.0,0.0,0.0,3.0,2.0,C,1.0,16.0,9.0,1.0,5.0,0.0,6.0,2.0,40.0,78.0,0.0,Adams,Oklahoma City,Thunder,Oklahoma City
16,Victor Oladipo,Victor,33.0,6.0,6.0,5.0,2.0,3.0,1.0,0.0,G,2.0,18.0,10.0,1.0,6.0,0.0,5.0,3.0,50.0,60.0,60.0,Oladipo,Oklahoma City,Thunder,Oklahoma City
17,Russell Westbrook,Russell,37.0,8.0,13.0,5.0,15.0,0.0,3.0,5.0,G,2.0,17.0,22.0,1.0,2.0,1.0,10.0,1.0,50.0,36.0,0.0,Westbrook,Oklahoma City,Thunder,Oklahoma City
0,PJ Tucker,PJ,34.0,3.0,9.0,6.0,3.0,1.0,1.0,1.0,F,1.0,9.0,8.0,4.0,2.0,0.0,8.0,2.0,100.0,38.0,17.0,Tucker,Toronto,Raptors,Toronto
1,Serge Ibaka,Serge,32.0,8.0,8.0,2.0,1.0,2.0,2.0,0.0,F,4.0,18.0,16.0,0.0,0.0,0.0,6.0,0.0,0.0,50.0,100.0,Ibaka,Toronto,Raptors,Toronto
2,Jonas Valanciunas,Jonas,22.0,4.0,6.0,0.0,1.0,0.0,3.0,0.0,C,2.0,9.0,9.0,1.0,1.0,0.0,3.0,1.0,100.0,44.0,0.0,Valanciunas,Toronto,Raptors,Toronto
3,DeMar DeRozan,DeMar,37.0,8.0,3.0,2.0,6.0,1.0,0.0,3.0,G,3.0,18.0,17.0,1.0,2.0,1.0,3.0,1.0,50.0,47.0,50.0,DeRozan,Toronto,Raptors,Toronto
4,Cory Joseph,Cory,36.0,4.0,7.0,2.0,5.0,0.0,3.0,2.0,G,2.0,8.0,11.0,0.0,0.0,0.0,4.0,0.0,0.0,36.0,0.0,Joseph,Toronto,Raptors,Toronto
13,Harrison Barnes,Harrison,37.0,8.0,7.0,2.0,2.0,0.0,1.0,0.0,F,0.0,23.0,17.0,3.0,7.0,0.0,6.0,7.0,100.0,47.0,0.0,Barnes,Dallas,Mavericks,Dallas
14,Dirk Nowitzki,Dirk,29.0,4.0,5.0,2.0,0.0,1.0,1.0,1.0,F,4.0,9.0,11.0,0.0,0.0,0.0,4.0,0.0,0.0,36.0,50.0,Nowitzki,Dallas,Mavericks,Dallas
15,Nerlens Noel,Nerlens,25.0,1.0,8.0,0.0,0.0,0.0,5.0,1.0,C,3.0,3.0,3.0,0.0,1.0,1.0,3.0,1.0,100.0,33.0,0.0,Noel,Dallas,Mavericks,Dallas
16,Wesley Matthews,Wesley,34.0,2.0,6.0,7.0,5.0,0.0,1.0,3.0,G,2.0,4.0,12.0,2.0,2.0,2.0,5.0,0.0,0.0,17.0,0.0,Matthews,Dallas,Mavericks,Dallas
17,Seth Curry,Seth,30.0,4.0,1.0,6.0,2.0,2.0,0.0,0.0,G,1.0,11.0,10.0,1.0,1.0,0.0,1.0,1.0,100.0,40.0,33.0,Curry,Dallas,Mavericks,Dallas
0,Harrison Barnes,Harrison,34.0,13.0,2.0,5.0,1.0,4.0,0.0,1.0,F,3.0,30.0,23.0,0.0,0.0,0.0,2.0,0.0,0.0,56.0,80.0,Barnes,Dallas,Mavericks,Dallas
1,Dirk Nowitzki,Dirk,31.0,8.0,5.0,10.0,4.0,5.0,0.0,0.0,F,5.0,26.0,16.0,0.0,7.0,0.0,5.0,5.0,71.0,50.0,50.0,Nowitzki,Dallas,Mavericks,Dallas
2,Andrew Bogut,Andrew,18.0,1.0,4.0,0.0,2.0,0.0,3.0,2.0,C,3.0,2.0,2.0,0.0,0.0,1.0,1.0,0.0,0.0,50.0,0.0,Bogut,Dallas,Mavericks,Dallas
3,Wesley Matthews,Wesley,37.0,1.0,4.0,3.0,5.0,0.0,0.0,2.0,G,3.0,2.0,7.0,0.0,0.0,0.0,4.0,0.0,0.0,14.0,0.0,Matthews,Dallas,Mavericks,Dallas
4,Deron Williams,Deron,33.0,5.0,2.0,3.0,7.0,1.0,1.0,3.0,G,2.0,11.0,9.0,1.0,0.0,0.0,1.0,0.0,0.0,56.0,33.0,Williams,Dallas,Mavericks,Dallas
12,Andrew Wiggins,Andrew,36.0,5.0,4.0,1.0,0.0,0.0,3.0,3.0,F,3.0,13.0,11.0,0.0,6.0,0.0,1.0,3.0,50.0,46.0,0.0,Wiggins,Minnesota,Timberwolves,Minneapolis
13,Gorgui Dieng,Gorgui,25.0,5.0,5.0,0.0,0.0,0.0,2.0,1.0,F,1.0,12.0,8.0,0.0,4.0,0.0,3.0,2.0,50.0,63.0,0.0,Dieng,Minnesota,Timberwolves,Minneapolis
14,Karl-Anthony Towns,Karl-Anthony,37.0,15.0,11.0,3.0,4.0,2.0,1.0,3.0,C,4.0,34.0,19.0,1.0,2.0,3.0,10.0,2.0,100.0,79.0,67.0,Towns,Minnesota,Timberwolves,Minneapolis
15,Zach LaVine,Zach,29.0,2.0,6.0,4.0,5.0,1.0,0.0,2.0,G,2.0,5.0,7.0,1.0,0.0,0.0,6.0,0.0,0.0,29.0,25.0,LaVine,Minnesota,Timberwolves,Minneapolis
16,Ricky Rubio,Ricky,30.0,3.0,5.0,2.0,15.0,0.0,0.0,3.0,G,4.0,13.0,9.0,5.0,7.0,0.0,5.0,7.0,100.0,33.0,0.0,Rubio,Minnesota,Timberwolves,Minneapolis
0,Trevor Ariza,Trevor,35.0,6.0,10.0,11.0,3.0,6.0,0.0,3.0,F,1.0,18.0,11.0,2.0,0.0,0.0,10.0,0.0,0.0,55.0,55.0,Ariza,Houston,Rockets,Houston
1,Ryan Anderson,Ryan,29.0,4.0,0.0,7.0,4.0,3.0,0.0,1.0,F,2.0,13.0,10.0,0.0,2.0,0.0,0.0,2.0,100.0,40.0,43.0,Anderson,Houston,Rockets,Houston
2,Clint Capela,Clint,30.0,7.0,10.0,0.0,0.0,0.0,3.0,1.0,C,2.0,17.0,14.0,0.0,4.0,2.0,7.0,3.0,75.0,50.0,0.0,Capela,Houston,Rockets,Houston
3,Patrick Beverley,Patrick,31.0,2.0,7.0,4.0,6.0,2.0,3.0,1.0,G,3.0,7.0,5.0,2.0,2.0,0.0,4.0,1.0,50.0,40.0,50.0,Beverley,Houston,Rockets,Houston
4,James Harden,James,40.0,6.0,9.0,11.0,10.0,3.0,1.0,5.0,G,2.0,23.0,18.0,0.0,8.0,0.0,8.0,8.0,100.0,33.0,27.0,Harden,Houston,Rockets,Houston
13,Rudy Gay,Rudy,37.0,4.0,4.0,4.0,3.0,0.0,0.0,0.0,F,1.0,10.0,12.0,3.0,2.0,0.0,4.0,2.0,100.0,33.0,0.0,Gay,Sacramento,Kings,Sacramento
14,Matt Barnes,Matt,33.0,5.0,3.0,7.0,2.0,2.0,0.0,1.0,F,1.0,12.0,10.0,0.0,0.0,0.0,3.0,0.0,0.0,50.0,29.0,Barnes,Sacramento,Kings,Sacramento
15,DeMarcus Cousins,DeMarcus,30.0,12.0,9.0,9.0,1.0,5.0,0.0,4.0,C,5.0,32.0,22.0,0.0,5.0,5.0,9.0,3.0,60.0,55.0,56.0,Cousins,Sacramento,Kings,Sacramento
16,Ty Lawson,Ty,24.0,3.0,4.0,1.0,3.0,1.0,2.0,2.0,G,2.0,12.0,6.0,0.0,6.0,0.0,2.0,5.0,83.0,50.0,100.0,Lawson,Sacramento,Kings,Sacramento
17,Darren Collison,Darren,25.0,2.0,3.0,3.0,4.0,0.0,0.0,1.0,G,1.0,8.0,6.0,2.0,4.0,0.0,3.0,4.0,100.0,33.0,0.0,Collison,Sacramento,Kings,Sacramento
0,Otto Porter,Otto,28.0,8.0,1.0,7.0,4.0,4.0,0.0,0.0,F,4.0,20.0,11.0,0.0,0.0,0.0,1.0,0.0,0.0,73.0,57.0,Porter,Washington,Wizards,Washington
1,Markieff Morris,Markieff,32.0,6.0,4.0,4.0,2.0,1.0,2.0,3.0,F,1.0,13.0,13.0,0.0,0.0,2.0,2.0,0.0,0.0,46.0,25.0,Morris,Washington,Wizards,Washington
2,Marcin Gortat,Marcin,29.0,2.0,12.0,0.0,0.0,0.0,5.0,2.0,C,2.0,6.0,9.0,3.0,4.0,1.0,7.0,2.0,50.0,22.0,0.0,Gortat,Washington,Wizards,Washington
3,Bradley Beal,Bradley,35.0,10.0,4.0,5.0,4.0,1.0,1.0,3.0,G,0.0,24.0,21.0,1.0,3.0,0.0,3.0,3.0,100.0,48.0,20.0,Beal,Washington,Wizards,Washington
4,John Wall,John,40.0,4.0,7.0,5.0,13.0,2.0,0.0,5.0,G,1.0,14.0,16.0,1.0,5.0,1.0,7.0,4.0,80.0,25.0,40.0,Wall,Washington,Wizards,Washington
13,Rudy Gay,Rudy,34.0,6.0,4.0,3.0,1.0,0.0,1.0,2.0,F,0.0,15.0,14.0,0.0,4.0,0.0,3.0,3.0,75.0,43.0,0.0,Gay,Sacramento,Kings,Sacramento
14,Quincy Acy,Quincy,13.0,3.0,5.0,1.0,0.0,1.0,1.0,0.0,F,1.0,7.0,3.0,1.0,0.0,0.0,4.0,0.0,0.0,100.0,100.0,Acy,Sacramento,Kings,Sacramento
15,DeMarcus Cousins,DeMarcus,32.0,11.0,10.0,1.0,4.0,1.0,1.0,5.0,C,3.0,29.0,18.0,5.0,9.0,4.0,9.0,6.0,67.0,61.0,100.0,Cousins,Sacramento,Kings,Sacramento
16,Seth Curry,Seth,17.0,2.0,0.0,2.0,0.0,1.0,0.0,0.0,G,2.0,5.0,5.0,0.0,0.0,0.0,0.0,0.0,0.0,40.0,50.0,Curry,Sacramento,Kings,Sacramento
17,Rajon Rondo,Rajon,34.0,6.0,1.0,4.0,11.0,2.0,0.0,3.0,G,2.0,15.0,12.0,4.0,2.0,0.0,1.0,1.0,50.0,50.0,50.0,Rondo,Sacramento,Kings,Sacramento
0,Carmelo Anthony,Carmelo,46.0,18.0,6.0,9.0,4.0,3.0,0.0,3.0,F,6.0,45.0,36.0,0.0,7.0,1.0,6.0,6.0,86.0,50.0,33.0,Anthony,New York,Knicks,New York
1,Kristaps Porzingis,Kristaps,30.0,6.0,5.0,3.0,1.0,0.0,3.0,2.0,F,6.0,15.0,14.0,0.0,3.0,3.0,2.0,3.0,100.0,43.0,0.0,Porzingis,New York,Knicks,New York
2,Joakim Noah,Joakim,41.0,2.0,14.0,0.0,5.0,0.0,7.0,1.0,C,6.0,6.0,5.0,3.0,2.0,2.0,7.0,2.0,100.0,40.0,0.0,Noah,New York,Knicks,New York
3,Courtney Lee,Courtney,52.0,6.0,9.0,8.0,2.0,3.0,2.0,1.0,G,5.0,17.0,16.0,2.0,2.0,1.0,7.0,2.0,100.0,38.0,38.0,Lee,New York,Knicks,New York
4,Brandon Jennings,Brandon,53.0,5.0,3.0,8.0,11.0,4.0,0.0,1.0,G,5.0,18.0,15.0,1.0,6.0,0.0,3.0,4.0,67.0,33.0,50.0,Jennings,New York,Knicks,New York
13,Tim Hardaway Jr.,Tim,58.0,5.0,5.0,9.0,8.0,0.0,0.0,1.0,F,4.0,19.0,20.0,1.0,12.0,0.0,5.0,9.0,75.0,25.0,0.0,Hardaway,Atlanta,Hawks,Atlanta
14,Paul Millsap,Paul,60.0,13.0,19.0,8.0,7.0,3.0,8.0,3.0,F,4.0,37.0,29.0,1.0,10.0,0.0,11.0,8.0,80.0,45.0,38.0,Millsap,Atlanta,Hawks,Atlanta
15,Dwight Howard,Dwight,38.0,8.0,12.0,0.0,1.0,0.0,4.0,2.0,C,6.0,19.0,11.0,0.0,7.0,1.0,8.0,3.0,43.0,73.0,0.0,Howard,Atlanta,Hawks,Atlanta
16,Kent Bazemore,Kent,50.0,9.0,10.0,5.0,0.0,4.0,2.0,1.0,G,2.0,24.0,15.0,0.0,2.0,0.0,8.0,2.0,100.0,60.0,80.0,Bazemore,Atlanta,Hawks,Atlanta
17,Dennis Schroder,Dennis,55.0,9.0,4.0,4.0,15.0,1.0,1.0,6.0,G,2.0,23.0,25.0,0.0,7.0,0.0,3.0,4.0,57.0,36.0,25.0,Schroder,Atlanta,Hawks,Atlanta
0,Paul Pierce,Paul,25.0,1.0,4.0,2.0,2.0,0.0,1.0,2.0,F,5.0,4.0,5.0,1.0,2.0,0.0,3.0,2.0,100.0,20.0,0.0,Pierce,Washington,Wizards,Washington
2,Marcin Gortat,Marcin,29.0,4.0,9.0,0.0,2.0,0.0,2.0,3.0,C,6.0,14.0,5.0,0.0,6.0,1.0,7.0,6.0,100.0,80.0,0.0,Gortat,Washington,Wizards,Washington
3,Bradley Beal,Bradley,39.0,8.0,2.0,4.0,2.0,0.0,1.0,1.0,G,2.0,23.0,19.0,2.0,10.0,0.0,1.0,7.0,70.0,42.0,0.0,Beal,Washington,Wizards,Washington
4,John Wall,John,39.0,9.0,7.0,5.0,9.0,3.0,0.0,2.0,G,3.0,24.0,15.0,1.0,4.0,0.0,7.0,3.0,75.0,60.0,60.0,Wall,Washington,Wizards,Washington
13,DeMarre Carroll,DeMarre,33.0,4.0,2.0,7.0,0.0,3.0,0.0,1.0,F,2.0,14.0,10.0,1.0,4.0,0.0,2.0,3.0,75.0,40.0,43.0,Carroll,Atlanta,Hawks,Atlanta
14,Paul Millsap,Paul,33.0,4.0,7.0,3.0,1.0,2.0,0.0,1.0,F,4.0,11.0,7.0,3.0,2.0,1.0,7.0,1.0,50.0,57.0,67.0,Millsap,Atlanta,Hawks,Atlanta
15,Al Horford,Al,34.0,10.0,13.0,0.0,2.0,0.0,6.0,1.0,C,0.0,21.0,24.0,1.0,1.0,1.0,7.0,1.0,100.0,42.0,0.0,Horford,Atlanta,Hawks,Atlanta
16,Kyle Korver,Kyle,37.0,1.0,5.0,6.0,6.0,1.0,0.0,1.0,G,2.0,6.0,7.0,0.0,3.0,0.0,5.0,3.0,100.0,14.0,17.0,Korver,Atlanta,Hawks,Atlanta
17,Jeff Teague,Jeff,31.0,9.0,2.0,4.0,8.0,2.0,0.0,4.0,G,5.0,26.0,13.0,2.0,8.0,0.0,2.0,6.0,75.0,69.0,50.0,Teague,Atlanta,Hawks,Atlanta
