PLAYER_NAME,FIRST_NAME,MIN,FGM,REB,FG3A,AST,FG3M,OREB,TO,START_POSITION,PF,PTS,FGA,STL,FTA,BLK,DREB,FTM,FT_PCT,FG_PCT,FG3_PCT,SECOND_NAME,TEAM_CITY
Carmelo Anthony,Carmelo,46,18,6,9,4,3,0,3,F,6,45,36,0,7,1,6,6,86,50,33,Anthony,New York
Kristaps Porzingis,Kristaps,30,6,5,3,1,0,3,2,F,6,15,14,0,3,3,2,3,100,43,0,Porzingis,New York
Joakim Noah,Joakim,41,2,14,0,5,0,7,1,C,6,6,5,3,2,2,7,2,100,40,0,Noah,New York
Courtney Lee,Courtney,52,6,9,8,2,3,2,1,G,5,17,16,2,2,1,7,2,100,38,38,Lee,New York
Brandon Jennings,Brandon,53,5,3,8,11,4,0,1,G,5,18,15,1,6,0,3,4,67,33,50,Jennings,New York
Mindaugas Kuzminskas,Mindaugas,36,5,4,7,4,1,0,1,N/A,1,13,13,1,3,1,4,2,67,39,14,Kuzminskas,New York
Kyle O'Quinn,Kyle,26,1,12,0,1,0,2,1,N/A,6,2,9,1,0,3,10,0,0,11,0,O'Quinn,New York
Ron Baker,Ron,16,3,1,3,2,2,0,1,N/A,0,8,4,0,0,0,1,0,0,75,67,Baker,New York
Justin Holiday,Justin,36,5,9,13,2,5,1,1,N/A,2,15,15,1,0,0,8,0,0,33,39,Holiday,New York
Willy Hernangomez,Willy,3,0,0,0,0,0,0,0,N/A,2,0,1,0,0,0,0,0,0,0,0,Hernangomez,New York
Maurice Ndour,Maurice,N/A,N/A,N/A,N/A,N/A,N/A,N/A,N/A,N/A,N/A,N/A,N/A,N/A,N/A,N/A,N/A,N/A,N/A,N/A,N/A,Ndour,New York
Marshall Plumlee,Marshall,N/A,N/A,N/A,N/A,N/A,N/A,N/A,N/A,N/A,N/A,N/A,N/A,N/A,N/A,N/A,N/A,N/A,N/A,N/A,N/A,Plumlee,New York
Sasha Vujacic,Sasha,N/A,N/A,N/A,N/A,N/A,N/A,N/A,N/A,N/A,N/A,N/A,N/A,N/A,N/A,N/A,N/A,N/A,N/A,N/A,N/A,Vujacic,New York
Tim Hardaway Jr.,Tim,58,5,5,9,8,0,0,1,F,4,19,20,1,12,0,5,9,75,25,0,Hardaway,Atlanta
Paul Millsap,Paul,60,13,19,8,7,3,8,3,F,4,37,29,1,10,0,11,8,80,45,38,Millsap,Atlanta
Dwight Howard,Dwight,38,8,12,0,1,0,4,2,C,6,19,11,0,7,1,8,3,43,73,0,Howard,Atlanta
Kent Bazemore,Kent,50,9,10,5,0,4,2,1,G,2,24,15,0,2,0,8,2,100,60,80,Bazemore,Atlanta
Dennis Schroder,Dennis,55,9,4,4,15,1,1,6,G,2,23,25,0,7,0,3,4,57,36,25,Schroder,Atlanta
Malcolm Delaney,Malcolm,22,1,2,1,2,0,0,1,N/A,2,4,6,2,2,0,2,2,100,17,0,Delaney,Atlanta
Taurean Prince,Taurean,4,1,0,0,0,0,0,0,N/A,1,2,2,0,0,0,0,0,0,50,0,Prince,Atlanta
Mike Muscala,Mike,22,1,8,1,2,0,1,0,N/A,1,2,3,0,0,0,7,0,0,33,0,Muscala,Atlanta
Mike Dunleavy,Mike,22,5,3,3,1,2,0,0,N/A,0,12,6,0,0,1,3,0,0,83,67,Dunleavy,Atlanta
Kris Humphries,Kris,10,0,1,0,0,0,1,0,N/A,2,0,2,0,0,0,0,0,0,0,0,Humphries,Atlanta
DeAndre' Bembry,DeAndre',N/A,N/A,N/A,N/A,N/A,N/A,N/A,N/A,N/A,N/A,N/A,N/A,N/A,N/A,N/A,N/A,N/A,N/A,N/A,N/A,Bembry,Atlanta
Lamar Patterson,Lamar,N/A,N/A,N/A,N/A,N/A,N/A,N/A,N/A,N/A,N/A,N/A,N/A,N/A,N/A,N/A,N/A,N/A,N/A,N/A,N/A,Patterson,Atlanta
Mike Scott,Mike,N/A,N/A,N/A,N/A,N/A,N/A,N/A,N/A,N/A,N/A,N/A,N/A,N/A,N/A,N/A,N/A,N/A,N/A,N/A,N/A,Scott,Atlanta
