PLAYER_NAME,FIRST_NAME,MIN,FGM,REB,FG3A,AST,FG3M,OREB,TO,START_POSITION,PF,PTS,FGA,STL,FTA,BLK,DREB,FTM,FT_PCT,FG_PCT,FG3_PCT,SECOND_NAME,TEAM_CITY
Luol Deng,Luol,34,5,12,5,0,2,2,1,F,2,12,12,2,0,1,10,0,0,42,40,Deng,Los Angeles
Julius Randle,Julius,27,3,4,1,1,1,1,2,F,4,7,7,0,0,2,3,0,0,43,100,Randle,Los Angeles
Timofey Mozgov,Timofey,23,1,6,0,1,0,1,1,C,5,8,4,1,7,2,5,6,86,25,0,Mozgov,Los Angeles
Nick Young,Nick,24,3,0,2,0,1,0,0,G,5,13,7,0,6,1,0,6,100,43,50,Young,Los Angeles
D'Angelo Russell,D'Angelo,32,3,5,5,5,1,2,4,G,3,9,14,2,5,0,3,2,40,21,20,Russell,Los Angeles
Brandon Ingram,Brandon,4,1,0,1,0,0,0,0,N/A,1,2,2,0,0,0,0,0,0,50,0,Ingram,Los Angeles
Jordan Clarkson,Jordan,25,2,2,3,0,0,0,3,N/A,2,4,9,0,0,1,2,0,0,22,0,Clarkson,Los Angeles
Larry Nance Jr.,Larry,16,2,3,2,0,1,0,0,N/A,2,5,4,0,1,0,3,0,0,50,50,Nance,Los Angeles
Tarik Black,Tarik,10,4,7,0,0,0,4,0,N/A,2,8,6,0,0,0,3,0,0,67,0,Black,Los Angeles
Lou Williams,Lou,27,6,0,4,6,3,0,1,N/A,2,17,12,1,2,0,0,2,100,50,75,Williams,Los Angeles
Marcelo Huertas,Marcelo,15,2,4,0,3,0,1,2,N/A,0,4,6,0,0,0,3,0,0,33,0,Huertas,Los Angeles
Thomas Robinson,Thomas,2,0,0,0,0,0,0,0,N/A,1,0,1,0,0,0,0,0,0,0,0,Robinson,Los Angeles
Metta World Peace,Metta,N/A,N/A,N/A,N/A,N/A,N/A,N/A,N/A,N/A,N/A,N/A,N/A,N/A,N/A,N/A,N/A,N/A,N/A,N/A,N/A,World,Los Angeles
Joe Johnson,Joe,32,4,7,4,2,1,2,1,F,1,11,11,0,2,0,5,2,100,36,25,Johnson,Utah
Boris Diaw,Boris,18,0,3,0,2,0,1,1,F,1,0,1,0,0,0,2,0,0,0,0,Diaw,Utah
Rudy Gobert,Rudy,32,4,13,0,1,0,6,1,C,2,13,9,0,8,4,7,5,63,44,0,Gobert,Utah
Rodney Hood,Rodney,32,5,6,8,1,2,0,1,G,4,15,14,1,5,0,6,3,60,36,25,Hood,Utah
George Hill,George,35,7,3,7,3,2,0,1,G,4,23,14,0,9,1,3,7,78,50,29,Hill,Utah
Dante Exum,Dante,22,1,0,1,2,0,0,1,N/A,0,4,2,0,2,0,0,2,100,50,0,Exum,Utah
Derrick Favors,Derrick,20,4,8,0,2,0,4,5,N/A,3,15,7,2,11,2,4,7,64,57,0,Favors,Utah
Joe Ingles,Joe,8,0,1,0,0,0,0,1,N/A,1,0,1,0,0,0,1,0,0,0,0,Ingles,Utah
Trey Lyles,Trey,18,2,2,4,0,1,0,1,N/A,0,6,8,0,1,0,2,1,100,25,25,Lyles,Utah
Shelvin Mack,Shelvin,23,4,4,1,1,0,0,1,N/A,2,9,8,1,2,0,4,1,50,50,0,Mack,Utah
Joel Bolomboy,Joel,N/A,N/A,N/A,N/A,N/A,N/A,N/A,N/A,N/A,N/A,N/A,N/A,N/A,N/A,N/A,N/A,N/A,N/A,N/A,N/A,Bolomboy,Utah
Raul Neto,Raul,N/A,N/A,N/A,N/A,N/A,N/A,N/A,N/A,N/A,N/A,N/A,N/A,N/A,N/A,N/A,N/A,N/A,N/A,N/A,N/A,Neto,Utah
Jeff Withey,Jeff,N/A,N/A,N/A,N/A,N/A,N/A,N/A,N/A,N/A,N/A,N/A,N/A,N/A,N/A,N/A,N/A,N/A,N/A,N/A,N/A,Withey,Utah
