PLAYER_NAME,FIRST_NAME,MIN,FGM,REB,FG3A,AST,FG3M,OREB,TO,START_POSITION,PF,PTS,FGA,STL,FTA,BLK,DREB,FTM,FT_PCT,FG_PCT,FG3_PCT,SECOND_NAME,TEAM_CITY
Thabo Sefolosha,Thabo,28,4,5,1,1,0,0,0,F,2,8,9,1,0,0,5,0,0,44,0,Sefolosha,Atlanta
Paul Millsap,Paul,30,6,6,4,4,2,0,5,F,2,16,12,4,5,0,6,2,40,50,50,Millsap,Atlanta
Dwight Howard,Dwight,30,5,12,0,1,0,3,0,C,2,13,9,1,3,1,9,3,100,56,0,Howard,Atlanta
Kent Bazemore,Kent,27,6,0,3,4,3,0,0,G,2,17,9,2,2,0,0,2,100,67,100,Bazemore,Atlanta
Dennis Schroder,Dennis,30,7,6,1,7,0,0,3,G,1,18,13,1,6,0,6,4,67,54,0,Schroder,Atlanta
Kyle Korver,Kyle,17,1,3,2,7,0,0,0,N/A,0,2,5,1,0,1,3,0,0,20,0,Korver,Atlanta
Tim Hardaway Jr.,Tim,21,5,2,4,2,2,0,2,N/A,0,12,9,0,0,0,2,0,0,56,50,Hardaway,Atlanta
Malcolm Delaney,Malcolm,20,5,3,1,0,1,0,0,N/A,1,11,7,1,0,0,3,0,0,71,100,Delaney,Atlanta
Mike Muscala,Mike,22,3,1,2,1,2,0,2,N/A,2,8,3,1,0,0,1,0,0,100,100,Muscala,Atlanta
Kris Humphries,Kris,14,2,0,1,0,0,0,0,N/A,0,6,5,0,2,1,0,2,100,40,0,Humphries,Atlanta
DeAndre' Bembry,DeAndre',2,0,1,0,0,0,0,0,N/A,0,0,0,0,0,0,1,0,0,0,0,Bembry,Atlanta
Ryan Kelly,Ryan,N/A,N/A,N/A,N/A,N/A,N/A,N/A,N/A,N/A,N/A,N/A,N/A,N/A,N/A,N/A,N/A,N/A,N/A,N/A,N/A,Kelly,Atlanta
Aaron Gordon,Aaron,25,6,10,4,2,2,4,2,F,1,15,11,0,1,0,6,1,100,55,50,Gordon,Orlando
Serge Ibaka,Serge,33,4,11,4,0,0,4,3,F,4,9,13,1,1,1,7,1,100,31,0,Ibaka,Orlando
Bismack Biyombo,Bismack,21,0,2,0,0,0,1,2,C,1,2,2,1,2,0,1,2,100,0,0,Biyombo,Orlando
Jodie Meeks,Jodie,24,4,2,1,1,0,0,0,G,3,8,8,2,0,0,2,0,0,50,0,Meeks,Orlando
Elfrid Payton,Elfrid,35,6,4,3,6,1,1,3,G,2,15,13,3,2,1,3,2,100,46,33,Payton,Orlando
Evan Fournier,Evan,30,6,1,6,1,2,0,2,N/A,2,14,14,1,0,0,1,0,0,43,33,Fournier,Orlando
Nikola Vucevic,Nikola,30,5,6,1,6,0,0,5,N/A,2,10,13,1,0,3,6,0,0,39,0,Vucevic,Orlando
Jeff Green,Jeff,21,3,1,1,1,1,0,0,N/A,2,10,4,0,4,1,1,3,75,75,100,Green,Orlando
D.J. Augustin,D.J.,13,2,2,4,1,2,0,0,N/A,0,6,4,0,0,0,2,0,0,50,50,Augustin,Orlando
Arinze Onuaku,Arinze,2,0,0,0,0,0,0,0,N/A,0,0,0,0,0,0,0,0,0,0,0,Onuaku,Orlando
Damjan Rudez,Damjan,2,0,1,1,0,0,0,0,N/A,0,0,1,0,0,0,1,0,0,0,0,Rudez,Orlando
C.J. Watson,C.J.,2,0,0,1,1,0,0,0,N/A,0,0,1,0,0,0,0,0,0,0,0,Watson,Orlando
Mario Hezonja,Mario,2,1,0,2,0,1,0,0,N/A,0,3,2,0,0,0,0,0,0,50,50,Hezonja,Orlando
