PLAYER_NAME,FIRST_NAME,MIN,FGM,REB,FG3A,AST,FG3M,OREB,TO,START_POSITION,PF,PTS,FGA,STL,FTA,BLK,DREB,FTM,FT_PCT,FG_PCT,FG3_PCT,SECOND_NAME,TEAM_CITY
Luc Mbah a Moute,Luc,12,1,1,1,1,1,0,0,F,2,5,4,1,2,0,1,2,100,25,100,Mbah,LA
Blake Griffin,Blake,23,9,4,1,2,0,2,2,F,4,20,14,1,3,0,2,2,67,64,0,Griffin,LA
DeAndre Jordan,DeAndre,23,4,5,0,3,0,2,1,C,0,8,4,0,3,0,3,0,0,100,0,Jordan,LA
JJ Redick,JJ,26,4,1,5,0,3,0,4,G,1,13,8,1,2,0,1,2,100,50,60,Redick,LA
Austin Rivers,Austin,38,3,2,4,6,1,0,1,G,3,10,11,1,6,0,2,3,50,27,25,Rivers,LA
Wesley Johnson,Wesley,10,1,2,3,0,1,0,0,N/A,0,3,4,0,0,0,2,0,0,25,33,Johnson,LA
Raymond Felton,Raymond,28,3,7,5,5,2,2,3,N/A,1,10,12,0,2,1,5,2,100,25,40,Felton,LA
Jamal Crawford,Jamal,30,2,1,3,2,1,0,2,N/A,5,5,7,2,0,0,1,0,0,29,33,Crawford,LA
Marreese Speights,Marreese,19,2,3,3,2,1,0,0,N/A,1,5,6,0,0,1,3,0,0,33,33,Speights,LA
Brandon Bass,Brandon,15,4,5,0,2,0,2,1,N/A,0,9,6,0,2,0,3,1,50,67,0,Bass,LA
Alan Anderson,Alan,11,2,0,3,1,2,0,0,N/A,0,6,4,1,0,0,0,0,0,50,67,Anderson,LA
Diamond Stone,Diamond,5,1,1,0,0,0,0,0,N/A,1,4,2,0,2,0,1,2,100,50,0,Stone,LA
Paul Pierce,Paul,N/A,N/A,N/A,N/A,N/A,N/A,N/A,N/A,N/A,N/A,N/A,N/A,N/A,N/A,N/A,N/A,N/A,N/A,N/A,N/A,Pierce,LA
Kevin Durant,Kevin,29,9,4,4,7,3,1,0,F,1,23,11,1,2,1,3,2,100,82,75,Durant,Golden State
Draymond Green,Draymond,26,1,5,1,5,0,0,1,F,3,5,4,2,4,2,5,3,75,25,0,Green,Golden State
Zaza Pachulia,Zaza,14,2,6,0,3,0,2,1,C,3,4,3,1,0,0,4,0,0,67,0,Pachulia,Golden State
Klay Thompson,Klay,27,7,1,3,1,2,0,2,G,1,16,11,1,1,0,1,0,0,64,67,Thompson,Golden State
Stephen Curry,Stephen,29,15,9,15,6,9,0,2,G,1,43,23,0,4,0,9,4,100,65,60,Curry,Golden State
Andre Iguodala,Andre,24,3,6,3,5,1,0,0,N/A,0,9,6,1,2,0,6,2,100,50,33,Iguodala,Golden State
JaVale McGee,JaVale,10,4,3,0,0,0,2,1,N/A,2,9,5,0,1,2,1,1,100,80,0,McGee,Golden State
Patrick McCaw,Patrick,18,2,2,4,1,1,0,0,N/A,1,5,5,0,0,0,2,0,0,40,25,McCaw,Golden State
James Michael McAdoo,James,19,5,4,0,1,0,3,2,N/A,2,10,8,1,0,0,1,0,0,63,0,Michael,Golden State
Shaun Livingston,Shaun,16,4,2,0,1,0,0,0,N/A,1,8,6,1,0,1,2,0,0,67,0,Livingston,Golden State
Kevon Looney,Kevon,12,2,4,1,2,0,1,1,N/A,1,4,4,1,0,0,3,0,0,50,0,Looney,Golden State
Ian Clark,Ian,12,2,1,3,1,1,0,1,N/A,0,5,5,0,0,0,1,0,0,40,33,Clark,Golden State
Anderson Varejao,Anderson,5,1,1,0,2,0,0,0,N/A,1,3,1,0,2,1,1,1,50,100,0,Varejao,Golden State
