PLAYER_NAME,TO,FIRST_NAME,MIN,REB,FG3A,AST,FG3M,OREB,FGM,START_POSITION,PF,PTS,FGA,STL,FTA,BLK,DREB,FTM,FT_PCT,FG_PCT,FG3_PCT,SECOND_NAME,TEAM_CITY
Trevor Ariza,0,Trevor,41,7,4,1,2,3,7,F,2,16,11,2,0,0,4,0,0,64,50,Ariza,Houston
Clint Capela,1,Clint,36,11,0,0,0,5,7,F,2,18,11,3,8,1,6,4,50,64,0,Capela,Houston
Dwight Howard,0,Dwight,30,6,0,2,0,2,6,C,1,14,14,0,5,0,4,2,40,43,0,Howard,Houston
Patrick Beverley,1,Patrick,34,3,2,2,0,0,2,G,5,7,5,5,3,0,3,3,100,40,0,Beverley,Houston
James Harden,2,James,45,7,7,9,0,3,10,G,2,26,28,2,10,0,4,6,60,36,0,Harden,Houston
Terrence Jones,0,Terrence,25,4,3,1,1,3,2,N/A,2,8,8,0,4,1,1,3,75,25,33,Jones,Houston
Jason Terry,1,Jason,20,0,4,0,2,0,2,N/A,3,7,4,3,2,0,0,1,50,50,50,Terry,Houston
KJ McDaniels,0,KJ,5,1,0,0,0,1,0,N/A,2,0,2,0,0,0,0,0,0,0,0,McDaniels,Houston
Marcus Thornton,1,Marcus,21,0,5,1,2,0,6,N/A,0,18,11,1,4,0,0,4,100,55,40,Thornton,Houston
Corey Brewer,2,Corey,7,0,0,0,0,0,1,N/A,0,2,1,0,0,0,0,0,0,100,0,Brewer,Houston
Montrezl Harrell,N/A,Montrezl,N/A,N/A,N/A,N/A,N/A,N/A,N/A,N/A,N/A,N/A,N/A,N/A,N/A,N/A,N/A,N/A,N/A,N/A,N/A,Harrell,Houston
Ty Lawson,N/A,Ty,N/A,N/A,N/A,N/A,N/A,N/A,N/A,N/A,N/A,N/A,N/A,N/A,N/A,N/A,N/A,N/A,N/A,N/A,N/A,Lawson,Houston
Kristaps Porzingis,2,Kristaps,41,13,1,1,0,3,8,F,5,20,13,1,4,2,10,4,100,62,0,Porzingis,New York
Lance Thomas,2,Lance,36,3,2,0,1,1,6,F,2,15,10,0,2,0,2,2,100,60,50,Thomas,New York
Robin Lopez,1,Robin,15,3,0,2,0,0,0,C,3,0,1,0,0,1,3,0,0,0,0,Lopez,New York
Arron Afflalo,1,Arron,41,7,4,3,2,1,13,G,1,31,19,1,4,0,6,3,75,68,50,Afflalo,New York
Jose Calderon,5,Jose,38,5,4,5,1,0,2,G,4,7,7,1,2,0,5,2,100,29,25,Calderon,New York
Kevin Seraphin,5,Kevin,32,7,0,4,0,0,7,N/A,3,14,10,1,0,4,7,0,0,70,0,Seraphin,New York
Derrick Williams,1,Derrick,15,4,1,1,1,0,4,N/A,2,12,5,0,3,0,4,3,100,80,100,Williams,New York
Langston Galloway,3,Langston,26,0,4,4,0,0,2,N/A,3,4,9,1,0,0,0,0,0,22,0,Galloway,New York
Cleanthony Early,0,Cleanthony,6,0,1,0,0,0,0,N/A,0,0,1,0,0,0,0,0,0,0,0,Early,New York
Jerian Grant,1,Jerian,12,1,1,2,1,0,3,N/A,0,7,3,0,0,0,1,0,0,100,100,Grant,New York
Kyle O'Quinn,0,Kyle,4,0,0,0,0,0,0,N/A,1,1,0,0,2,0,0,1,50,0,0,O'Quinn,New York
Carmelo Anthony,N/A,Carmelo,N/A,N/A,N/A,N/A,N/A,N/A,N/A,N/A,N/A,N/A,N/A,N/A,N/A,N/A,N/A,N/A,N/A,N/A,N/A,Anthony,New York
Sasha Vujacic,N/A,Sasha,N/A,N/A,N/A,N/A,N/A,N/A,N/A,N/A,N/A,N/A,N/A,N/A,N/A,N/A,N/A,N/A,N/A,N/A,N/A,Vujacic,New York
