PLAYER_NAME,TO,FIRST_NAME,MIN,REB,FG3A,AST,FG3M,OREB,FGM,START_POSITION,PF,PTS,FGA,STL,FTA,BLK,DREB,FTM,FT_PCT,FG_PCT,FG3_PCT,SECOND_NAME,TEAM_CITY
DeMarre Carroll,1,DeMarre,33,9,1,1,0,3,4,F,1,11,8,2,6,1,6,3,50,50,0,Carroll,Atlanta
Paul Millsap,4,Paul,37,6,1,0,0,3,11,F,3,27,17,1,7,1,3,5,71,65,0,Millsap,Atlanta
Al Horford,3,Al,33,5,0,4,0,0,6,C,5,13,12,0,4,1,5,1,25,50,0,Horford,Atlanta
Kyle Korver,0,Kyle,36,8,9,1,4,0,5,G,1,14,11,1,0,1,8,0,0,46,44,Korver,Atlanta
Jeff Teague,1,Jeff,35,3,2,6,0,1,8,G,0,22,16,2,6,0,2,6,100,50,0,Teague,Atlanta
Pero Antic,1,Pero,22,3,3,0,1,1,4,N/A,3,10,8,0,1,1,2,1,100,50,33,Antic,Atlanta
Thabo Sefolosha,2,Thabo,28,12,1,3,1,2,3,N/A,2,13,4,2,6,0,10,6,100,75,100,Sefolosha,Atlanta
Dennis Schroder,2,Dennis,13,0,0,2,0,0,2,N/A,0,5,5,1,1,0,0,1,100,40,0,Schroder,Atlanta
Mike Scott,0,Mike,4,0,0,0,0,0,0,N/A,0,0,3,0,0,0,0,0,0,0,0,Scott,Atlanta
Kent Bazemore,N/A,Kent,N/A,N/A,N/A,N/A,N/A,N/A,N/A,N/A,N/A,N/A,N/A,N/A,N/A,N/A,N/A,N/A,N/A,N/A,N/A,Bazemore,Atlanta
Elton Brand,N/A,Elton,N/A,N/A,N/A,N/A,N/A,N/A,N/A,N/A,N/A,N/A,N/A,N/A,N/A,N/A,N/A,N/A,N/A,N/A,N/A,Brand,Atlanta
Shelvin Mack,N/A,Shelvin,N/A,N/A,N/A,N/A,N/A,N/A,N/A,N/A,N/A,N/A,N/A,N/A,N/A,N/A,N/A,N/A,N/A,N/A,N/A,Mack,Atlanta
Mike Muscala,N/A,Mike,N/A,N/A,N/A,N/A,N/A,N/A,N/A,N/A,N/A,N/A,N/A,N/A,N/A,N/A,N/A,N/A,N/A,N/A,N/A,Muscala,Atlanta
Nicolas Batum,3,Nicolas,37,4,8,3,2,0,7,F,1,16,14,2,0,1,4,0,0,50,25,Batum,Portland
LaMarcus Aldridge,4,LaMarcus,39,12,0,4,0,5,14,F,1,30,25,1,2,2,7,2,100,56,0,Aldridge,Portland
Joel Freeland,0,Joel,18,5,0,1,0,2,1,C,4,4,3,0,2,3,3,2,100,33,0,Freeland,Portland
Wesley Matthews,0,Wesley,34,1,10,3,4,1,5,G,2,19,14,1,5,0,0,5,100,36,40,Matthews,Portland
Damian Lillard,2,Damian,39,8,6,7,2,2,7,G,5,16,18,0,1,1,6,0,0,39,33,Lillard,Portland
Chris Kaman,3,Chris,15,7,0,3,0,0,1,N/A,1,2,4,0,0,0,7,0,0,25,0,Kaman,Portland
Steve Blake,3,Steve,23,1,2,2,1,0,2,N/A,3,5,4,0,0,0,1,0,0,50,50,Blake,Portland
Allen Crabbe,0,Allen,8,1,0,0,0,1,0,N/A,0,0,1,0,0,0,0,0,0,0,0,Crabbe,Portland
Dorell Wright,1,Dorell,10,0,4,0,3,0,3,N/A,4,10,5,1,2,0,0,1,50,60,75,Wright,Portland
CJ McCollum,0,CJ,8,0,3,0,1,0,2,N/A,1,5,5,1,0,0,0,0,0,40,33,McCollum,Portland
Thomas Robinson,2,Thomas,10,5,0,1,0,0,0,N/A,1,0,0,0,0,0,5,0,0,0,0,Robinson,Portland
Will Barton,N/A,Will,N/A,N/A,N/A,N/A,N/A,N/A,N/A,N/A,N/A,N/A,N/A,N/A,N/A,N/A,N/A,N/A,N/A,N/A,N/A,Barton,Portland
Meyers Leonard,N/A,Meyers,N/A,N/A,N/A,N/A,N/A,N/A,N/A,N/A,N/A,N/A,N/A,N/A,N/A,N/A,N/A,N/A,N/A,N/A,N/A,Leonard,Portland
