PLAYER_NAME,TO,FIRST_NAME,MIN,REB,FG3A,AST,FG3M,OREB,FGM,START_POSITION,PF,PTS,FGA,STL,FTA,BLK,DREB,FTM,FT_PCT,FG_PCT,FG3_PCT,SECOND_NAME,TEAM_CITY
Otto Porter,0,Otto,28,1,7,4,4,0,8,F,4,20,11,0,0,0,1,0,0,73,57,Porter,Washington
Markieff Morris,3,Markieff,32,4,4,2,1,2,6,F,1,13,13,0,0,2,2,0,0,46,25,Morris,Washington
Marcin Gortat,2,Marcin,29,12,0,0,0,5,2,C,2,6,9,3,4,1,7,2,50,22,0,Gortat,Washington
Bradley Beal,3,Bradley,35,4,5,4,1,1,10,G,0,24,21,1,3,0,3,3,100,48,20,Beal,Washington
John Wall,5,John,40,7,5,13,2,0,4,G,1,14,16,1,5,1,7,4,80,25,40,Wall,Washington
Garrett Temple,0,Garrett,25,5,2,3,1,1,3,N/A,1,11,4,1,5,0,4,4,80,75,50,Temple,Washington
Nene,2,Nene,21,6,0,2,0,0,7,N/A,4,15,8,0,1,0,6,1,100,88,0,N/A,Washington
Kelly Oubre Jr.,1,Kelly,4,0,1,0,0,0,2,N/A,2,4,3,0,0,0,0,0,0,67,0,Oubre,Washington
Jared Dudley,1,Jared,16,3,2,2,0,1,0,N/A,2,2,3,0,2,0,2,2,100,0,0,Dudley,Washington
Ramon Sessions,3,Ramon,9,0,0,0,0,0,1,N/A,2,2,1,0,0,0,0,0,0,100,0,Sessions,Washington
Drew Gooden,N/A,Drew,N/A,N/A,N/A,N/A,N/A,N/A,N/A,N/A,N/A,N/A,N/A,N/A,N/A,N/A,N/A,N/A,N/A,N/A,N/A,Gooden,Washington
JJ Hickson,N/A,JJ,N/A,N/A,N/A,N/A,N/A,N/A,N/A,N/A,N/A,N/A,N/A,N/A,N/A,N/A,N/A,N/A,N/A,N/A,N/A,Hickson,Washington
Marcus Thornton,N/A,Marcus,N/A,N/A,N/A,N/A,N/A,N/A,N/A,N/A,N/A,N/A,N/A,N/A,N/A,N/A,N/A,N/A,N/A,N/A,N/A,Thornton,Washington
Rudy Gay,2,Rudy,34,4,3,1,0,1,6,F,0,15,14,0,4,0,3,3,75,43,0,Gay,Sacramento
Quincy Acy,0,Quincy,13,5,1,0,1,1,3,F,1,7,3,1,0,0,4,0,0,100,100,Acy,Sacramento
DeMarcus Cousins,5,DeMarcus,32,10,1,4,1,1,11,C,3,29,18,5,9,4,9,6,67,61,100,Cousins,Sacramento
Seth Curry,0,Seth,17,0,2,0,1,0,2,G,2,5,5,0,0,0,0,0,0,40,50,Curry,Sacramento
Rajon Rondo,3,Rajon,34,1,4,11,2,0,6,G,2,15,12,4,2,0,1,1,50,50,50,Rondo,Sacramento
Willie Cauley-Stein,0,Willie,23,5,0,0,0,2,3,N/A,1,6,7,1,2,1,3,0,0,43,0,Cauley-Stein,Sacramento
Darren Collison,2,Darren,31,4,3,10,1,0,5,N/A,1,13,8,1,2,1,4,2,100,63,33,Collison,Sacramento
Kosta Koufos,1,Kosta,16,2,0,0,0,0,5,N/A,1,12,5,0,2,0,2,2,100,100,0,Koufos,Sacramento
Omri Casspi,2,Omri,26,8,2,1,1,1,5,N/A,2,15,7,0,4,0,7,4,100,71,50,Casspi,Sacramento
Ben McLemore,1,Ben,14,1,2,0,1,0,1,N/A,2,3,5,1,0,0,1,0,0,20,50,McLemore,Sacramento
James Anderson,N/A,James,N/A,N/A,N/A,N/A,N/A,N/A,N/A,N/A,N/A,N/A,N/A,N/A,N/A,N/A,N/A,N/A,N/A,N/A,N/A,Anderson,Sacramento
Marco Belinelli,N/A,Marco,N/A,N/A,N/A,N/A,N/A,N/A,N/A,N/A,N/A,N/A,N/A,N/A,N/A,N/A,N/A,N/A,N/A,N/A,N/A,Belinelli,Sacramento
Caron Butler,N/A,Caron,N/A,N/A,N/A,N/A,N/A,N/A,N/A,N/A,N/A,N/A,N/A,N/A,N/A,N/A,N/A,N/A,N/A,N/A,N/A,Butler,Sacramento
