PLAYER_NAME,FIRST_NAME,MIN,FGM,REB,FG3A,AST,FG3M,OREB,TO,START_POSITION,PF,PTS,FGA,STL,FTA,BLK,DREB,FTM,FT_PCT,FG_PCT,FG3_PCT,SECOND_NAME,TEAM_CITY
Gordon Hayward,Gordon,27,2,3,6,2,0,1,2,F,3,6,10,0,3,0,2,2,67,20,0,Hayward,Utah
Boris Diaw,Boris,16,1,3,0,1,0,0,4,F,0,2,5,0,0,0,3,0,0,20,0,Diaw,Utah
Rudy Gobert,Rudy,31,5,17,0,1,0,2,2,C,3,11,6,0,3,2,15,1,33,83,0,Gobert,Utah
Rodney Hood,Rodney,11,0,1,3,1,0,0,0,G,2,0,5,0,2,0,1,0,0,0,0,Hood,Utah
Dante Exum,Dante,26,2,1,2,0,2,0,3,G,2,6,2,0,0,0,1,0,0,100,100,Exum,Utah
Joe Ingles,Joe,27,4,5,7,3,3,1,2,N/A,4,11,13,2,0,0,4,0,0,31,43,Ingles,Utah
Trey Lyles,Trey,24,2,3,4,1,2,3,3,N/A,0,11,10,0,6,0,0,5,83,20,50,Lyles,Utah
Shelvin Mack,Shelvin,22,3,1,2,2,0,0,4,N/A,1,6,7,0,2,0,1,0,0,43,0,Mack,Utah
Joe Johnson,Joe,22,5,2,3,0,2,0,2,N/A,1,14,9,0,2,0,2,2,100,56,67,Johnson,Utah
Jeff Withey,Jeff,17,0,5,0,0,0,2,1,N/A,0,0,1,1,0,1,3,0,0,0,0,Withey,Utah
Raul Neto,Raul,13,3,1,3,2,0,0,0,N/A,1,6,7,2,0,0,1,0,0,43,0,Neto,Utah
Joel Bolomboy,Joel,4,0,2,0,0,0,1,0,N/A,0,1,1,0,2,0,1,1,50,0,0,Bolomboy,Utah
Derrick Favors,Derrick,N/A,N/A,N/A,N/A,N/A,N/A,N/A,N/A,N/A,N/A,N/A,N/A,N/A,N/A,N/A,N/A,N/A,N/A,N/A,N/A,Favors,Utah
Kevin Durant,Kevin,25,8,5,1,1,0,1,1,F,4,22,14,0,6,0,4,6,100,57,0,Durant,Golden State
Draymond Green,Draymond,31,6,11,5,4,2,0,2,F,3,15,11,5,2,0,11,1,50,55,40,Green,Golden State
Zaza Pachulia,Zaza,15,0,3,0,1,0,1,0,C,0,2,1,0,2,0,2,2,100,0,0,Pachulia,Golden State
Klay Thompson,Klay,31,8,5,3,1,1,0,1,G,0,17,13,1,0,0,5,0,0,62,33,Thompson,Golden State
Stephen Curry,Stephen,30,8,3,9,4,4,0,0,G,0,25,18,3,5,0,3,5,100,44,44,Curry,Golden State
JaVale McGee,JaVale,15,4,7,1,1,0,2,0,N/A,0,8,14,1,0,0,5,0,0,29,0,McGee,Golden State
Andre Iguodala,Andre,26,1,1,1,4,1,0,1,N/A,3,3,3,2,0,1,1,0,0,33,100,Iguodala,Golden State
Ian Clark,Ian,10,2,1,2,1,1,0,2,N/A,2,6,5,1,2,0,1,1,50,40,50,Clark,Golden State
David West,David,11,2,3,0,1,0,1,1,N/A,0,4,3,0,0,0,2,0,0,67,0,West,Golden State
Shaun Livingston,Shaun,18,1,2,0,4,0,1,0,N/A,5,2,4,0,0,0,1,0,0,25,0,Livingston,Golden State
Patrick McCaw,Patrick,11,0,0,0,1,0,0,0,N/A,0,0,1,0,0,0,0,0,0,0,0,McCaw,Golden State
Kevon Looney,Kevon,9,0,4,1,1,0,0,1,N/A,1,0,2,0,0,1,4,0,0,0,0,Looney,Golden State
Anderson Varejao,Anderson,7,0,5,0,0,0,3,1,N/A,0,0,1,0,0,1,2,0,0,0,0,Varejao,Golden State
