PLAYER_NAME,FIRST_NAME,MIN,FGM,REB,FG3A,AST,FG3M,OREB,TO,START_POSITION,PF,PTS,FGA,STL,FTA,BLK,DREB,FTM,FT_PCT,FG_PCT,FG3_PCT,SECOND_NAME,TEAM_CITY
Trevor Ariza,Trevor,30,3,7,4,1,3,0,0,F,2,9,5,1,0,0,7,0,0,60,75,Ariza,Houston
Ryan Anderson,Ryan,28,7,3,7,0,4,1,1,F,3,22,12,1,4,1,2,4,100,58,57,Anderson,Houston
Nene,Nene,19,5,7,0,0,0,1,1,C,3,12,8,1,5,1,6,2,40,63,0,N/A,Houston
Corey Brewer,Corey,20,3,3,3,1,2,0,1,G,1,8,6,1,0,0,3,0,0,50,67,Brewer,Houston
James Harden,James,30,9,5,7,11,4,2,7,G,2,34,16,0,12,1,3,12,100,56,57,Harden,Houston
Montrezl Harrell,Montrezl,26,3,2,0,1,0,2,0,N/A,2,7,7,0,2,1,0,1,50,43,0,Harrell,Houston
Eric Gordon,Eric,27,4,5,5,3,2,1,1,N/A,2,13,9,0,3,1,4,3,100,44,40,Gordon,Houston
Sam Dekker,Sam,27,4,11,3,3,1,3,1,N/A,1,9,7,3,0,0,8,0,0,57,33,Dekker,Houston
Tyler Ennis,Tyler,18,3,2,1,2,1,0,3,N/A,4,7,5,0,0,0,2,0,0,60,100,Ennis,Houston
KJ McDaniels,KJ,8,0,1,1,1,0,0,1,N/A,2,2,2,0,2,0,1,2,100,0,0,McDaniels,Houston
Kyle Wiltjer,Kyle,3,0,0,1,0,0,0,0,N/A,0,0,1,0,0,0,0,0,0,0,0,Wiltjer,Houston
Bobby Brown,Bobby,3,0,1,0,0,0,0,0,N/A,0,0,0,0,0,0,1,0,0,0,0,Brown,Houston
Patrick Beverley,Patrick,N/A,N/A,N/A,N/A,N/A,N/A,N/A,N/A,N/A,N/A,N/A,N/A,N/A,N/A,N/A,N/A,N/A,N/A,N/A,N/A,Beverley,Houston
Harrison Barnes,Harrison,32,7,3,3,1,1,0,0,F,2,21,16,0,6,0,3,6,100,44,33,Barnes,Dallas
Dirk Nowitzki,Dirk,15,2,3,0,0,0,1,1,F,0,7,8,0,4,0,2,3,75,25,0,Nowitzki,Dallas
Andrew Bogut,Andrew,11,0,6,0,2,0,2,2,C,1,0,0,0,0,2,4,0,0,0,0,Bogut,Dallas
Wesley Matthews,Wesley,29,7,1,7,1,3,0,0,G,2,19,13,1,2,0,1,2,100,54,43,Matthews,Dallas
Deron Williams,Deron,23,2,3,5,6,2,2,2,G,2,6,11,0,1,0,1,0,0,18,40,Williams,Dallas
Dorian Finney-Smith,Dorian,25,2,1,1,1,0,0,1,N/A,1,4,3,0,0,0,1,0,0,67,0,Finney-Smith,Dallas
Devin Harris,Devin,14,1,1,3,0,1,0,0,N/A,1,3,3,0,0,0,1,0,0,33,33,Harris,Dallas
Seth Curry,Seth,22,4,3,6,3,3,1,0,N/A,0,11,10,1,0,0,2,0,0,40,50,Curry,Dallas
Dwight Powell,Dwight,23,4,2,1,3,1,1,0,N/A,5,13,6,1,6,0,1,4,67,67,100,Powell,Dallas
Justin Anderson,Justin,21,4,8,6,2,2,2,0,N/A,1,13,8,1,4,2,6,3,75,50,33,Anderson,Dallas
Salah Mejri,Salah,5,0,4,0,0,0,2,1,N/A,3,0,0,0,0,1,2,0,0,0,0,Mejri,Dallas
Pierre Jackson,Pierre,11,2,1,2,2,1,0,2,N/A,0,7,5,0,2,0,1,2,100,40,50,Jackson,Dallas
Nicolas Brussino,Nicolas,9,1,2,4,1,1,1,0,N/A,0,3,4,2,0,0,1,0,0,25,25,Brussino,Dallas
