PLAYER_NAME,FIRST_NAME,MIN,FGM,REB,FG3A,AST,FG3M,OREB,TO,START_POSITION,PF,PTS,FGA,STL,FTA,BLK,DREB,FTM,FT_PCT,FG_PCT,FG3_PCT,SECOND_NAME,TEAM_CITY
Michael Kidd-Gilchrist,Michael,21,1,6,0,2,0,1,1,F,6,2,3,0,0,0,5,0,0,33,0,Kidd-Gilchrist,Charlotte
Marvin Williams,Marvin,39,2,6,3,1,1,0,0,F,5,8,6,0,4,0,6,3,75,33,33,Williams,Charlotte
Frank Kaminsky,Frank,28,5,5,5,4,1,0,2,C,6,16,13,0,5,0,5,5,100,39,20,Kaminsky,Charlotte
Nicolas Batum,Nicolas,43,9,8,13,4,8,0,5,G,3,31,18,0,5,1,8,5,100,50,62,Batum,Charlotte
Kemba Walker,Kemba,43,11,2,10,2,6,0,3,G,2,34,19,1,8,0,2,6,75,58,60,Walker,Charlotte
Christian Wood,Christian,23,2,6,1,1,0,3,1,N/A,3,4,4,0,0,0,3,0,0,50,0,Wood,Charlotte
Jeremy Lamb,Jeremy,37,5,6,3,2,1,1,3,N/A,4,19,10,0,8,0,5,8,100,50,33,Lamb,Charlotte
Marco Belinelli,Marco,14,2,2,3,0,1,0,1,N/A,2,5,4,0,0,0,2,0,0,50,33,Belinelli,Charlotte
Brian Roberts,Brian,10,1,1,2,0,0,0,0,N/A,1,2,3,0,0,0,1,0,0,33,0,Roberts,Charlotte
Treveon Graham,Treveon,7,0,1,0,0,0,0,0,N/A,0,0,0,0,0,0,1,0,0,0,0,Graham,Charlotte
Johnny O'Bryant III,Johnny,N/A,N/A,N/A,N/A,N/A,N/A,N/A,N/A,N/A,N/A,N/A,N/A,N/A,N/A,N/A,N/A,N/A,N/A,N/A,N/A,O'Bryant,Charlotte
Miles Plumlee,Miles,N/A,N/A,N/A,N/A,N/A,N/A,N/A,N/A,N/A,N/A,N/A,N/A,N/A,N/A,N/A,N/A,N/A,N/A,N/A,N/A,Plumlee,Charlotte
Luc Mbah a Moute,Luc,35,3,0,1,0,1,0,0,F,3,7,6,4,0,1,0,0,0,50,100,Mbah,LA
Blake Griffin,Blake,42,15,10,4,5,3,4,1,F,4,43,26,2,16,0,6,10,63,58,75,Griffin,LA
DeAndre Jordan,DeAndre,43,9,19,0,1,0,9,3,C,2,20,10,3,4,2,10,2,50,90,0,Jordan,LA
JJ Redick,JJ,38,9,2,7,2,3,0,2,G,2,22,16,1,2,0,2,1,50,56,43,Redick,LA
Chris Paul,Chris,41,4,9,6,17,2,0,0,G,3,15,18,1,6,0,9,5,83,22,33,Paul,LA
Austin Rivers,Austin,20,2,1,5,1,0,1,0,N/A,5,5,8,0,1,0,0,1,100,25,0,Rivers,LA
Jamal Crawford,Jamal,16,1,1,3,0,0,0,2,N/A,2,4,5,2,2,0,1,2,100,20,0,Crawford,LA
Raymond Felton,Raymond,12,0,2,1,1,0,1,0,N/A,1,0,2,1,0,0,1,0,0,0,0,Felton,LA
Marreese Speights,Marreese,8,1,0,3,0,1,0,1,N/A,3,5,3,0,2,0,0,2,100,33,33,Speights,LA
Wesley Johnson,Wesley,5,0,2,1,0,0,0,0,N/A,0,0,1,0,0,0,2,0,0,0,0,Johnson,LA
Alan Anderson,Alan,5,1,1,1,0,0,0,0,N/A,0,3,2,0,1,0,1,1,100,50,0,Anderson,LA
Brandon Bass,Brandon,N/A,N/A,N/A,N/A,N/A,N/A,N/A,N/A,N/A,N/A,N/A,N/A,N/A,N/A,N/A,N/A,N/A,N/A,N/A,N/A,Bass,LA
Paul Pierce,Paul,N/A,N/A,N/A,N/A,N/A,N/A,N/A,N/A,N/A,N/A,N/A,N/A,N/A,N/A,N/A,N/A,N/A,N/A,N/A,N/A,Pierce,LA
