PLAYER_NAME,FIRST_NAME,MIN,FGM,REB,FG3A,AST,FG3M,OREB,TO,START_POSITION,PF,PTS,FGA,STL,FTA,BLK,DREB,FTM,FT_PCT,FG_PCT,FG3_PCT,SECOND_NAME,TEAM_CITY
Aaron Gordon,Aaron,26,5,3,2,3,1,1,0,F,2,16,10,2,6,0,2,5,83,50,50,Gordon,Orlando
Serge Ibaka,Serge,24,2,2,4,2,1,2,2,F,2,5,9,0,0,0,0,0,0,22,25,Ibaka,Orlando
Nikola Vucevic,Nikola,24,4,7,0,2,0,0,0,C,3,8,10,2,0,0,7,0,0,40,0,Vucevic,Orlando
Evan Fournier,Evan,32,3,4,3,3,0,2,4,G,0,9,12,1,3,0,2,3,100,25,0,Fournier,Orlando
Elfrid Payton,Elfrid,26,3,3,4,0,0,2,2,G,1,12,12,0,8,0,1,6,75,25,0,Payton,Orlando
D.J. Augustin,D.J.,28,2,1,6,3,2,0,1,N/A,2,8,8,1,2,1,1,2,100,25,33,Augustin,Orlando
Jeff Green,Jeff,18,3,5,3,0,1,0,2,N/A,0,12,7,1,5,0,5,5,100,43,33,Green,Orlando
Bismack Biyombo,Bismack,25,1,2,0,1,0,0,2,N/A,3,4,2,0,2,3,2,2,100,50,0,Biyombo,Orlando
C.J. Watson,C.J.,20,3,2,3,3,2,0,0,N/A,2,8,4,1,0,0,2,0,0,75,67,Watson,Orlando
Mario Hezonja,Mario,12,1,3,1,0,0,0,0,N/A,2,4,3,0,2,0,3,2,100,33,0,Hezonja,Orlando
Damjan Rudez,Damjan,6,0,1,1,0,0,0,0,N/A,2,0,1,0,0,0,1,0,0,0,0,Rudez,Orlando
CJ Wilcox,CJ,N/A,N/A,N/A,N/A,N/A,N/A,N/A,N/A,N/A,N/A,N/A,N/A,N/A,N/A,N/A,N/A,N/A,N/A,N/A,N/A,Wilcox,Orlando
Tim Hardaway Jr.,Tim,27,8,5,6,2,3,0,1,F,0,21,14,2,2,0,5,2,100,57,50,Hardaway,Atlanta
Paul Millsap,Paul,28,7,5,3,4,1,1,0,F,3,21,14,0,8,0,4,6,75,50,33,Millsap,Atlanta
Dwight Howard,Dwight,24,5,13,0,3,0,4,2,C,1,11,6,1,3,0,9,1,33,83,0,Howard,Atlanta
Kent Bazemore,Kent,27,4,3,2,3,0,1,2,G,1,8,6,2,0,0,2,0,0,67,0,Bazemore,Atlanta
Dennis Schroder,Dennis,26,6,4,5,10,2,0,2,G,1,17,11,2,4,0,4,3,75,55,40,Schroder,Atlanta
DeAndre' Bembry,DeAndre',23,0,5,2,1,0,1,0,N/A,2,0,4,1,0,0,4,0,0,0,0,Bembry,Atlanta
Mike Muscala,Mike,20,1,4,2,2,1,1,3,N/A,1,5,2,0,2,1,3,2,100,50,50,Muscala,Atlanta
Mike Dunleavy,Mike,16,2,3,4,1,1,0,4,N/A,2,5,6,0,0,0,3,0,0,33,25,Dunleavy,Atlanta
Malcolm Delaney,Malcolm,21,5,1,4,1,2,0,0,N/A,4,12,8,0,0,0,1,0,0,63,50,Delaney,Atlanta
Kris Humphries,Kris,12,2,3,0,1,0,1,1,N/A,1,6,4,0,2,0,2,2,100,50,0,Humphries,Atlanta
Taurean Prince,Taurean,5,0,1,0,0,0,0,0,N/A,0,5,0,0,6,1,1,5,83,0,0,Prince,Atlanta
Mike Scott,Mike,5,1,1,0,0,0,1,0,N/A,1,2,3,0,0,0,0,0,0,33,0,Scott,Atlanta
Lamar Patterson,Lamar,5,0,0,0,0,0,0,0,N/A,3,0,0,0,0,0,0,0,0,0,0,Patterson,Atlanta
