PLAYER_NAME,FIRST_NAME,MIN,FGM,REB,FG3A,AST,FG3M,OREB,TO,START_POSITION,PF,PTS,FGA,STL,FTA,BLK,DREB,FTM,FT_PCT,FG_PCT,FG3_PCT,SECOND_NAME,TEAM_CITY
Brandon Ingram,Brandon,20,1,2,1,0,0,0,1,F,4,2,3,0,0,0,2,0,0,33,0,Ingram,Los Angeles
Julius Randle,Julius,26,6,7,1,2,0,1,3,F,5,15,12,1,6,0,6,3,50,50,0,Randle,Los Angeles
Tarik Black,Tarik,20,3,4,0,3,0,1,3,C,1,7,5,1,2,2,3,1,50,60,0,Black,Los Angeles
Nick Young,Nick,29,8,2,8,4,5,1,1,G,3,26,11,2,5,0,1,5,100,73,63,Young,Los Angeles
D'Angelo Russell,D'Angelo,27,4,3,8,5,4,0,2,G,1,14,9,1,2,0,3,2,100,44,50,Russell,Los Angeles
Luol Deng,Luol,29,0,3,2,0,0,0,0,N/A,0,0,3,1,0,0,3,0,0,0,0,Deng,Los Angeles
Larry Nance Jr.,Larry,28,1,5,0,3,0,2,0,N/A,2,11,3,1,10,0,3,9,90,33,0,Nance,Los Angeles
Ivica Zubac,Ivica,21,7,6,0,2,0,1,2,N/A,3,15,11,0,1,1,5,1,100,64,0,Zubac,Los Angeles
Lou Williams,Lou,19,5,1,5,2,3,0,4,N/A,1,21,9,1,9,0,1,8,89,56,60,Williams,Los Angeles
Jordan Clarkson,Jordan,21,4,0,6,4,3,0,1,N/A,4,11,9,1,0,0,0,0,0,44,50,Clarkson,Los Angeles
Jose Calderon,Jose,N/A,N/A,N/A,N/A,N/A,N/A,N/A,N/A,N/A,N/A,N/A,N/A,N/A,N/A,N/A,N/A,N/A,N/A,N/A,N/A,Calderon,Los Angeles
Timofey Mozgov,Timofey,N/A,N/A,N/A,N/A,N/A,N/A,N/A,N/A,N/A,N/A,N/A,N/A,N/A,N/A,N/A,N/A,N/A,N/A,N/A,N/A,Mozgov,Los Angeles
Thomas Robinson,Thomas,N/A,N/A,N/A,N/A,N/A,N/A,N/A,N/A,N/A,N/A,N/A,N/A,N/A,N/A,N/A,N/A,N/A,N/A,N/A,N/A,Robinson,Los Angeles
Giannis Antetokounmpo,Giannis,42,11,8,6,6,1,1,5,F,3,41,20,2,21,3,7,18,86,55,17,Antetokounmpo,Milwaukee
Thon Maker,Thon,17,3,6,4,1,1,1,0,F,5,7,6,0,0,0,5,0,0,50,25,Maker,Milwaukee
John Henson,John,16,1,3,0,1,0,0,0,C,1,2,1,1,0,0,3,0,0,100,0,Henson,Milwaukee
Tony Snell,Tony,23,2,3,2,1,1,0,0,G,2,6,4,1,1,0,3,1,100,50,50,Snell,Milwaukee
Matthew Dellavedova,Matthew,18,2,1,2,2,0,0,3,G,0,5,5,1,1,0,1,1,100,40,0,Dellavedova,Milwaukee
Khris Middleton,Khris,21,2,1,2,6,1,0,1,N/A,2,6,7,3,2,0,1,1,50,29,50,Middleton,Milwaukee
Malcolm Brogdon,Malcolm,27,8,2,3,3,1,0,4,N/A,3,18,11,1,1,0,2,1,100,73,33,Brogdon,Milwaukee
Greg Monroe,Greg,19,3,1,0,3,0,0,2,N/A,4,8,6,1,2,0,1,2,100,50,0,Monroe,Milwaukee
Jason Terry,Jason,16,1,1,1,1,1,1,1,N/A,5,3,1,0,0,1,0,0,0,100,100,Terry,Milwaukee
Mirza Teletovic,Mirza,19,1,3,5,1,1,0,1,N/A,1,3,6,1,0,0,3,0,0,17,20,Teletovic,Milwaukee
Michael Beasley,Michael,23,6,5,3,2,1,1,3,N/A,3,15,9,0,3,1,4,2,67,67,33,Beasley,Milwaukee
Spencer Hawes,Spencer,N/A,N/A,N/A,N/A,N/A,N/A,N/A,N/A,N/A,N/A,N/A,N/A,N/A,N/A,N/A,N/A,N/A,N/A,N/A,N/A,Hawes,Milwaukee
Rashad Vaughn,Rashad,N/A,N/A,N/A,N/A,N/A,N/A,N/A,N/A,N/A,N/A,N/A,N/A,N/A,N/A,N/A,N/A,N/A,N/A,N/A,N/A,Vaughn,Milwaukee
