PLAYER_NAME,TO,FIRST_NAME,MIN,REB,FG3A,AST,FG3M,OREB,FGM,START_POSITION,PF,PTS,FGA,STL,FTA,BLK,DREB,FTM,FT_PCT,FG_PCT,FG3_PCT,SECOND_NAME,TEAM_CITY
Solomon Hill,1,Solomon,29,4,1,1,0,0,1,F,2,2,5,1,2,0,4,0,0,20,0,Hill,Indiana
David West,3,David,27,6,0,3,0,2,5,F,3,10,12,0,0,1,4,0,0,42,0,West,Indiana
Roy Hibbert,2,Roy,31,10,0,1,0,4,6,C,3,15,14,2,3,1,6,3,100,43,0,Hibbert,Indiana
Rodney Stuckey,2,Rodney,20,2,2,0,1,1,4,G,2,9,10,0,0,0,1,0,0,40,50,Stuckey,Indiana
Donald Sloan,1,Donald,23,4,2,4,0,0,3,G,1,6,9,0,0,0,4,0,0,33,0,Sloan,Indiana
CJ Miles,1,CJ,21,2,3,0,1,0,6,N/A,3,17,9,1,4,0,2,4,100,67,33,Miles,Indiana
Ian Mahinmi,1,Ian,15,5,0,0,0,0,2,N/A,2,4,2,1,0,0,5,0,0,100,0,Mahinmi,Indiana
Luis Scola,0,Luis,19,5,0,2,0,0,4,N/A,1,8,7,1,1,1,5,0,0,57,0,Scola,Indiana
CJ Watson,5,CJ,25,1,2,7,1,0,5,N/A,4,14,9,1,4,0,1,3,75,56,50,Watson,Indiana
Chris Copeland,2,Chris,24,0,3,2,1,0,3,N/A,3,10,5,0,3,0,0,3,100,60,33,Copeland,Indiana
Lavoy Allen,1,Lavoy,2,2,0,0,0,1,1,N/A,0,2,2,0,0,0,1,0,0,50,0,Allen,Indiana
Damjan Rudez,0,Damjan,2,0,0,0,0,0,1,N/A,0,2,1,0,0,0,0,0,0,100,0,Rudez,Indiana
Shayne Whittington,0,Shayne,2,0,0,0,0,0,0,N/A,0,0,0,1,0,0,0,0,0,0,0,Whittington,Indiana
PJ Tucker,1,PJ,23,7,2,1,0,1,2,F,1,4,6,1,0,0,6,0,0,33,0,Tucker,Phoenix
Markieff Morris,0,Markieff,30,6,2,1,0,1,6,F,0,15,16,0,3,0,5,3,100,38,0,Morris,Phoenix
Miles Plumlee,1,Miles,28,7,0,1,0,4,2,C,5,6,4,1,6,3,3,2,33,50,0,Plumlee,Phoenix
Goran Dragic,3,Goran,35,5,6,3,5,0,11,G,2,34,15,4,7,0,5,7,100,73,83,Dragic,Phoenix
Eric Bledsoe,2,Eric,39,3,4,7,1,0,11,G,0,27,20,4,5,0,3,4,80,55,25,Bledsoe,Phoenix
Alex Len,1,Alex,15,2,0,1,0,0,0,N/A,3,0,2,1,0,2,2,0,0,0,0,Len,Phoenix
Gerald Green,2,Gerald,21,1,8,2,4,0,5,N/A,3,15,11,1,2,0,1,1,50,46,50,Green,Phoenix
Marcus Morris,1,Marcus,23,6,0,0,0,0,3,N/A,4,7,5,0,2,0,6,1,50,60,0,Morris,Phoenix
Anthony Tolliver,0,Anthony,18,5,1,1,1,2,1,N/A,1,3,2,0,0,0,3,0,0,50,100,Tolliver,Phoenix
TJ Warren,0,TJ,2,0,1,0,1,0,1,N/A,0,3,2,0,0,0,0,0,0,50,100,Warren,Phoenix
Archie Goodwin,0,Archie,2,1,0,0,0,0,1,N/A,0,2,2,0,1,0,1,0,0,50,0,Goodwin,Phoenix
Tyler Ennis,1,Tyler,2,0,1,1,0,0,0,N/A,0,0,1,0,0,0,0,0,0,0,0,Ennis,Phoenix
Shavlik Randolph,0,Shavlik,2,1,0,0,0,1,0,N/A,0,0,0,1,0,0,0,0,0,0,0,Randolph,Phoenix
