PLAYER_NAME,FIRST_NAME,MIN,FGM,REB,FG3A,AST,FG3M,OREB,TO,START_POSITION,PF,PTS,FGA,STL,FTA,BLK,DREB,FTM,FT_PCT,FG_PCT,FG3_PCT,SECOND_NAME,TEAM_CITY
Harrison Barnes,Harrison,34,13,2,5,1,4,0,1,F,3,30,23,0,0,0,2,0,0,56,80,Barnes,Dallas
Dirk Nowitzki,Dirk,31,8,5,10,4,5,0,0,F,5,26,16,0,7,0,5,5,71,50,50,Nowitzki,Dallas
Andrew Bogut,Andrew,18,1,4,0,2,0,3,2,C,3,2,2,0,0,1,1,0,0,50,0,Bogut,Dallas
Wesley Matthews,Wesley,37,1,4,3,5,0,0,2,G,3,2,7,0,0,0,4,0,0,14,0,Matthews,Dallas
Deron Williams,Deron,33,5,2,3,7,1,1,3,G,2,11,9,1,0,0,1,0,0,56,33,Williams,Dallas
Seth Curry,Seth,30,3,2,3,0,2,1,3,N/A,0,8,6,1,0,1,1,0,0,50,67,Curry,Dallas
Dorian Finney-Smith,Dorian,7,1,0,1,0,1,0,1,N/A,1,3,1,1,0,0,0,0,0,100,100,Finney-Smith,Dallas
Devin Harris,Devin,14,2,1,1,1,0,0,1,N/A,0,4,5,0,0,0,1,0,0,40,0,Harris,Dallas
J.J. Barea,J.J.,14,0,2,1,4,0,0,1,N/A,1,0,4,0,0,0,2,0,0,0,0,Barea,Dallas
Dwight Powell,Dwight,6,0,0,0,0,0,0,0,N/A,0,2,1,0,2,0,0,2,100,0,0,Powell,Dallas
Justin Anderson,Justin,6,1,0,1,0,0,0,0,N/A,1,2,2,0,0,0,0,0,0,50,0,Anderson,Dallas
Salah Mejri,Salah,10,1,3,0,0,0,0,0,N/A,2,2,2,0,0,0,3,0,0,50,0,Mejri,Dallas
Andrew Wiggins,Andrew,36,5,4,1,0,0,3,3,F,3,13,11,0,6,0,1,3,50,46,0,Wiggins,Minnesota
Gorgui Dieng,Gorgui,25,5,5,0,0,0,2,1,F,1,12,8,0,4,0,3,2,50,63,0,Dieng,Minnesota
Karl-Anthony Towns,Karl-Anthony,37,15,11,3,4,2,1,3,C,4,34,19,1,2,3,10,2,100,79,67,Towns,Minnesota
Zach LaVine,Zach,29,2,6,4,5,1,0,2,G,2,5,7,1,0,0,6,0,0,29,25,LaVine,Minnesota
Ricky Rubio,Ricky,30,3,5,2,15,0,0,3,G,4,13,9,5,7,0,5,7,100,33,0,Rubio,Minnesota
Shabazz Muhammad,Shabazz,20,5,2,2,0,1,0,1,N/A,2,11,9,0,0,0,2,0,0,56,50,Muhammad,Minnesota
Nemanja Bjelica,Nemanja,29,1,5,2,2,1,1,0,N/A,5,3,2,1,0,0,4,0,0,50,50,Bjelica,Minnesota
Kris Dunn,Kris,18,1,1,1,3,0,0,4,N/A,2,3,3,2,2,1,1,1,50,33,0,Dunn,Minnesota
Cole Aldrich,Cole,4,0,2,0,1,0,1,1,N/A,0,0,0,0,0,0,1,0,0,0,0,Aldrich,Minnesota
Tyus Jones,Tyus,11,3,1,1,0,1,1,0,N/A,1,7,3,1,0,0,0,0,0,100,100,Jones,Minnesota
Jordan Hill,Jordan,N/A,N/A,N/A,N/A,N/A,N/A,N/A,N/A,N/A,N/A,N/A,N/A,N/A,N/A,N/A,N/A,N/A,N/A,N/A,N/A,Hill,Minnesota
Adreian Payne,Adreian,N/A,N/A,N/A,N/A,N/A,N/A,N/A,N/A,N/A,N/A,N/A,N/A,N/A,N/A,N/A,N/A,N/A,N/A,N/A,N/A,Payne,Minnesota
Brandon Rush,Brandon,N/A,N/A,N/A,N/A,N/A,N/A,N/A,N/A,N/A,N/A,N/A,N/A,N/A,N/A,N/A,N/A,N/A,N/A,N/A,N/A,Rush,Minnesota
