PLAYER_NAME,FIRST_NAME,MIN,FGM,REB,FG3A,AST,FG3M,OREB,TO,START_POSITION,PF,PTS,FGA,STL,FTA,BLK,DREB,FTM,FT_PCT,FG_PCT,FG3_PCT,SECOND_NAME,TEAM_CITY
Tobias Harris,Tobias,39,8,4,4,1,1,0,1,F,3,21,18,3,5,0,4,4,80,44,25,Harris,Detroit
Marcus Morris,Marcus,35,5,5,5,2,0,1,2,F,3,10,15,0,2,0,4,0,0,33,0,Morris,Detroit
Andre Drummond,Andre,36,5,8,0,2,0,2,0,C,2,10,10,3,0,0,6,0,0,50,0,Drummond,Detroit
Kentavious Caldwell-Pope,Kentavious,34,4,2,6,0,0,0,1,G,2,10,13,1,2,0,2,2,100,31,0,Caldwell-Pope,Detroit
Ish Smith,Ish,31,6,1,0,3,0,0,1,G,2,14,11,0,2,0,1,2,100,55,0,Smith,Detroit
Jon Leuer,Jon,22,4,3,3,0,0,0,1,N/A,2,8,7,0,0,0,3,0,0,57,0,Leuer,Detroit
Aron Baynes,Aron,12,1,4,0,1,0,2,2,N/A,3,7,2,0,6,1,2,5,83,50,0,Baynes,Detroit
Darrun Hilliard,Darrun,12,1,1,1,0,0,0,0,N/A,2,2,3,0,0,0,1,0,0,33,0,Hilliard,Detroit
Beno Udrih,Beno,17,3,2,0,2,0,1,0,N/A,0,6,3,0,0,0,1,0,0,100,0,Udrih,Detroit
Stanley Johnson,Stanley,2,0,2,0,0,0,0,0,N/A,1,0,0,0,0,0,2,0,0,0,0,Johnson,Detroit
Henry Ellenson,Henry,N/A,N/A,N/A,N/A,N/A,N/A,N/A,N/A,N/A,N/A,N/A,N/A,N/A,N/A,N/A,N/A,N/A,N/A,N/A,N/A,Ellenson,Detroit
Michael Gbinije,Michael,N/A,N/A,N/A,N/A,N/A,N/A,N/A,N/A,N/A,N/A,N/A,N/A,N/A,N/A,N/A,N/A,N/A,N/A,N/A,N/A,Gbinije,Detroit
Boban Marjanovic,Boban,N/A,N/A,N/A,N/A,N/A,N/A,N/A,N/A,N/A,N/A,N/A,N/A,N/A,N/A,N/A,N/A,N/A,N/A,N/A,N/A,Marjanovic,Detroit
Andre Roberson,Andre,30,2,1,1,2,0,0,0,F,0,4,4,0,0,0,1,0,0,50,0,Roberson,Oklahoma City
Domantas Sabonis,Domantas,24,1,3,2,1,1,1,0,F,5,3,4,1,0,0,2,0,0,25,50,Sabonis,Oklahoma City
Steven Adams,Steven,29,7,9,0,0,0,3,2,C,1,16,9,1,5,0,6,2,40,78,0,Adams,Oklahoma City
Victor Oladipo,Victor,33,6,6,5,2,3,1,0,G,2,18,10,1,6,0,5,3,50,60,60,Oladipo,Oklahoma City
Russell Westbrook,Russell,37,8,13,5,15,0,3,5,G,2,17,22,1,2,1,10,1,50,36,0,Westbrook,Oklahoma City
Anthony Morrow,Anthony,26,8,1,6,1,3,0,0,N/A,1,21,12,0,2,0,1,2,100,67,50,Morrow,Oklahoma City
Joffrey Lauvergne,Joffrey,12,1,4,1,1,0,1,0,N/A,0,6,4,0,8,0,3,4,50,25,0,Lauvergne,Oklahoma City
Semaj Christon,Semaj,4,0,0,0,1,0,0,0,N/A,0,0,2,0,0,0,0,0,0,0,0,Christon,Oklahoma City
Jerami Grant,Jerami,26,4,3,3,0,1,1,1,N/A,2,9,8,0,0,1,2,0,0,50,33,Grant,Oklahoma City
Enes Kanter,Enes,18,5,3,0,0,0,0,2,N/A,3,12,8,0,3,1,3,2,67,63,0,Kanter,Oklahoma City
Alex Abrines,Alex,1,0,0,0,0,0,0,0,N/A,0,0,0,0,0,0,0,0,0,0,0,Abrines,Oklahoma City
Nick Collison,Nick,N/A,N/A,N/A,N/A,N/A,N/A,N/A,N/A,N/A,N/A,N/A,N/A,N/A,N/A,N/A,N/A,N/A,N/A,N/A,N/A,Collison,Oklahoma City
Kyle Singler,Kyle,N/A,N/A,N/A,N/A,N/A,N/A,N/A,N/A,N/A,N/A,N/A,N/A,N/A,N/A,N/A,N/A,N/A,N/A,N/A,N/A,Singler,Oklahoma City
