PLAYER_NAME,TO,FIRST_NAME,MIN,REB,FG3A,AST,FG3M,OREB,FGM,START_POSITION,PF,PTS,FGA,STL,FTA,BLK,DREB,FTM,FT_PCT,FG_PCT,FG3_PCT,SECOND_NAME,TEAM_CITY
Andre Roberson,1,Andre,22,3,0,1,0,0,0,F,2,1,3,0,2,0,3,1,50,0,0,Roberson,Oklahoma City
Domantas Sabonis,0,Domantas,26,5,2,0,0,2,3,F,1,6,6,1,0,0,3,0,0,50,0,Sabonis,Oklahoma City
Steven Adams,4,Steven,23,8,0,1,0,6,7,C,5,15,10,0,1,2,2,1,100,70,0,Adams,Oklahoma City
Anthony Morrow,0,Anthony,20,0,5,1,1,0,3,G,0,9,7,0,2,0,0,2,100,43,20,Morrow,Oklahoma City
Russell Westbrook,7,Russell,37,17,1,11,0,0,11,G,0,29,22,0,10,0,17,7,70,50,0,Westbrook,Oklahoma City
Alex Abrines,0,Alex,22,2,7,0,4,1,5,N/A,4,14,9,0,0,1,1,0,0,56,57,Abrines,Oklahoma City
Enes Kanter,4,Enes,33,8,1,2,0,5,9,N/A,1,19,16,1,4,0,3,1,25,56,0,Kanter,Oklahoma City
Jerami Grant,0,Jerami,24,0,3,1,0,0,3,N/A,5,10,7,0,4,1,0,4,100,43,0,Grant,Oklahoma City
Joffrey Lauvergne,0,Joffrey,11,2,0,1,0,0,1,N/A,2,3,2,0,2,0,2,1,50,50,0,Lauvergne,Oklahoma City
Semaj Christon,1,Semaj,11,1,0,3,0,0,0,N/A,1,0,0,0,0,0,1,0,0,0,0,Christon,Oklahoma City
Kyle Singler,0,Kyle,10,0,0,0,0,0,0,N/A,0,0,0,1,0,0,0,0,0,0,0,Singler,Oklahoma City
Nick Collison,N/A,Nick,N/A,N/A,N/A,N/A,N/A,N/A,N/A,N/A,N/A,N/A,N/A,N/A,N/A,N/A,N/A,N/A,N/A,N/A,N/A,Collison,Oklahoma City
Justise Winslow,3,Justise,35,3,2,5,0,0,2,F,3,7,10,2,3,1,3,3,100,20,0,Winslow,Miami
Derrick Williams,1,Derrick,15,2,1,0,1,0,4,F,0,9,4,1,0,0,2,0,0,100,100,Williams,Miami
Hassan Whiteside,4,Hassan,31,8,0,1,0,4,4,C,4,12,11,2,6,0,4,4,67,36,0,Whiteside,Miami
Rodney McGruder,0,Rodney,36,1,2,1,1,1,3,G,2,7,5,0,0,0,0,0,0,60,50,McGruder,Miami
Josh Richardson,0,Josh,37,5,6,3,2,0,9,G,4,22,16,1,2,0,5,2,100,56,33,Richardson,Miami
Willie Reed,1,Willie,12,6,1,0,0,2,3,N/A,2,6,7,0,0,2,4,0,0,43,0,Reed,Miami
James Johnson,3,James,25,5,5,2,1,2,6,N/A,5,16,13,2,6,0,3,3,50,46,20,Johnson,Miami
Tyler Johnson,0,Tyler,30,2,3,2,2,0,5,N/A,2,15,13,1,4,1,2,3,75,39,67,Johnson,Miami
Wayne Ellington,0,Wayne,13,0,3,0,0,0,0,N/A,1,0,3,1,0,0,0,0,0,0,0,Ellington,Miami
Udonis Haslem,0,Udonis,5,0,0,0,0,0,0,N/A,0,0,0,0,0,0,0,0,0,0,0,Haslem,Miami
Luke Babbitt,N/A,Luke,N/A,N/A,N/A,N/A,N/A,N/A,N/A,N/A,N/A,N/A,N/A,N/A,N/A,N/A,N/A,N/A,N/A,N/A,N/A,Babbitt,Miami
Goran Dragic,N/A,Goran,N/A,N/A,N/A,N/A,N/A,N/A,N/A,N/A,N/A,N/A,N/A,N/A,N/A,N/A,N/A,N/A,N/A,N/A,N/A,Dragic,Miami
Josh McRoberts,N/A,Josh,N/A,N/A,N/A,N/A,N/A,N/A,N/A,N/A,N/A,N/A,N/A,N/A,N/A,N/A,N/A,N/A,N/A,N/A,N/A,McRoberts,Miami
