PLAYER_NAME,FIRST_NAME,MIN,FGM,REB,FG3A,AST,FG3M,OREB,TO,START_POSITION,PF,PTS,FGA,STL,FTA,BLK,DREB,FTM,FT_PCT,FG_PCT,FG3_PCT,SECOND_NAME,TEAM_CITY
Arron Afflalo,Arron,23,1,4,2,1,1,0,1,F,0,3,7,0,0,0,4,0,0,14,50,Afflalo,Sacramento
Kosta Koufos,Kosta,14,1,2,0,1,0,0,1,F,2,2,7,0,0,1,2,0,0,14,0,Koufos,Sacramento
Willie Cauley-Stein,Willie,28,5,4,0,2,0,1,1,C,3,12,6,1,2,0,3,2,100,83,0,Cauley-Stein,Sacramento
Buddy Hield,Buddy,33,7,8,9,7,4,2,3,G,3,22,14,2,4,0,6,4,100,50,44,Hield,Sacramento
Ty Lawson,Ty,24,8,0,2,2,2,0,2,G,2,20,9,1,4,0,0,2,50,89,100,Lawson,Sacramento
Langston Galloway,Langston,25,3,2,3,0,2,0,2,N/A,1,8,8,0,0,0,2,0,0,38,67,Galloway,Sacramento
Georgios Papagiannis,Georgios,27,3,4,1,1,0,2,3,N/A,2,7,6,0,1,1,2,1,100,50,0,Papagiannis,Sacramento
Garrett Temple,Garrett,16,2,2,1,3,1,0,3,N/A,2,5,5,2,0,1,2,0,0,40,100,Temple,Sacramento
Ben McLemore,Ben,22,5,1,2,2,0,0,1,N/A,0,11,10,1,2,0,1,1,50,50,0,McLemore,Sacramento
Skal Labissiere,Skal,27,5,10,1,8,0,1,2,N/A,1,10,11,0,0,1,9,0,0,46,0,Labissiere,Sacramento
Darren Collison,Darren,N/A,N/A,N/A,N/A,N/A,N/A,N/A,N/A,N/A,N/A,N/A,N/A,N/A,N/A,N/A,N/A,N/A,N/A,N/A,N/A,Collison,Sacramento
Tyreke Evans,Tyreke,N/A,N/A,N/A,N/A,N/A,N/A,N/A,N/A,N/A,N/A,N/A,N/A,N/A,N/A,N/A,N/A,N/A,N/A,N/A,N/A,Evans,Sacramento
Anthony Tolliver,Anthony,N/A,N/A,N/A,N/A,N/A,N/A,N/A,N/A,N/A,N/A,N/A,N/A,N/A,N/A,N/A,N/A,N/A,N/A,N/A,N/A,Tolliver,Sacramento
Patrick McCaw,Patrick,16,2,2,1,0,0,1,0,F,2,4,3,0,0,1,1,0,0,67,0,McCaw,Golden State
Draymond Green,Draymond,34,8,4,9,8,3,1,4,F,1,23,17,3,5,1,3,4,80,47,33,Green,Golden State
Zaza Pachulia,Zaza,19,1,8,0,3,0,2,2,C,1,4,4,2,2,1,6,2,100,25,0,Pachulia,Golden State
Klay Thompson,Klay,30,3,4,7,0,2,0,1,G,2,8,14,0,0,1,4,0,0,21,29,Thompson,Golden State
Stephen Curry,Stephen,33,9,7,11,12,5,1,3,G,0,27,18,6,4,0,6,4,100,50,46,Curry,Golden State
Shaun Livingston,Shaun,19,4,0,0,1,0,0,0,N/A,1,8,4,1,0,0,0,0,0,100,0,Livingston,Golden State
Andre Iguodala,Andre,27,4,1,1,3,0,0,0,N/A,1,9,7,0,2,0,1,1,50,57,0,Iguodala,Golden State
JaVale McGee,JaVale,12,3,10,0,1,0,6,1,N/A,1,9,5,1,3,0,4,3,100,60,0,McGee,Golden State
David West,David,14,4,3,0,4,0,1,0,N/A,3,8,5,1,0,3,2,0,0,80,0,West,Golden State
Ian Clark,Ian,18,5,0,1,3,0,0,0,N/A,1,10,10,0,0,0,0,0,0,50,0,Clark,Golden State
Matt Barnes,Matt,14,1,4,1,1,0,1,0,N/A,2,2,2,0,0,1,3,0,0,50,0,Barnes,Golden State
James Michael McAdoo,James,3,0,0,0,0,0,0,0,N/A,0,2,0,0,2,0,0,2,100,0,0,Michael,Golden State
Kevon Looney,Kevon,2,0,1,0,1,0,0,1,N/A,0,0,0,0,0,0,1,0,0,0,0,Looney,Golden State
