PLAYER_NAME,FIRST_NAME,MIN,FGM,REB,FG3A,AST,FG3M,OREB,TO,START_POSITION,PF,PTS,FGA,STL,FTA,BLK,DREB,FTM,FT_PCT,FG_PCT,FG3_PCT,SECOND_NAME,TEAM_CITY
Trevor Ariza,Trevor,35,6,10,11,3,6,0,3,F,1,18,11,2,0,0,10,0,0,55,55,Ariza,Houston
Ryan Anderson,Ryan,29,4,0,7,4,3,0,1,F,2,13,10,0,2,0,0,2,100,40,43,Anderson,Houston
Clint Capela,Clint,30,7,10,0,0,0,3,1,C,2,17,14,0,4,2,7,3,75,50,0,Capela,Houston
Patrick Beverley,Patrick,31,2,7,4,6,2,3,1,G,3,7,5,2,2,0,4,1,50,40,50,Beverley,Houston
James Harden,James,40,6,9,11,10,3,1,5,G,2,23,18,0,8,0,8,8,100,33,27,Harden,Houston
Eric Gordon,Eric,29,5,2,12,1,4,0,1,N/A,2,14,13,1,0,0,2,0,0,39,33,Gordon,Houston
Nene,Nene,15,4,0,0,0,0,0,0,N/A,4,10,5,0,2,0,0,2,100,80,0,N/A,Houston
Sam Dekker,Sam,15,1,2,3,3,1,1,1,N/A,0,3,3,2,0,0,1,0,0,33,33,Dekker,Houston
Corey Brewer,Corey,13,4,2,2,0,2,0,0,N/A,3,10,5,1,0,0,2,0,0,80,100,Brewer,Houston
Montrezl Harrell,Montrezl,3,1,0,0,0,0,0,1,N/A,0,2,1,0,2,0,0,0,0,100,0,Harrell,Houston
Bobby Brown,Bobby,N/A,N/A,N/A,N/A,N/A,N/A,N/A,N/A,N/A,N/A,N/A,N/A,N/A,N/A,N/A,N/A,N/A,N/A,N/A,N/A,Brown,Houston
Tyler Ennis,Tyler,N/A,N/A,N/A,N/A,N/A,N/A,N/A,N/A,N/A,N/A,N/A,N/A,N/A,N/A,N/A,N/A,N/A,N/A,N/A,N/A,Ennis,Houston
KJ McDaniels,KJ,N/A,N/A,N/A,N/A,N/A,N/A,N/A,N/A,N/A,N/A,N/A,N/A,N/A,N/A,N/A,N/A,N/A,N/A,N/A,N/A,McDaniels,Houston
Rudy Gay,Rudy,37,4,4,4,3,0,0,0,F,1,10,12,3,2,0,4,2,100,33,0,Gay,Sacramento
Matt Barnes,Matt,33,5,3,7,2,2,0,1,F,1,12,10,0,0,0,3,0,0,50,29,Barnes,Sacramento
DeMarcus Cousins,DeMarcus,30,12,9,9,1,5,0,4,C,5,32,22,0,5,5,9,3,60,55,56,Cousins,Sacramento
Ty Lawson,Ty,24,3,4,1,3,1,2,2,G,2,12,6,0,6,0,2,5,83,50,100,Lawson,Sacramento
Darren Collison,Darren,25,2,3,3,4,0,0,1,G,1,8,6,2,4,0,3,4,100,33,0,Collison,Sacramento
Arron Afflalo,Arron,16,2,2,2,5,0,0,0,N/A,1,4,6,0,0,0,2,0,0,33,0,Afflalo,Sacramento
Ben McLemore,Ben,4,0,0,0,0,0,0,1,N/A,0,0,0,0,0,0,0,0,0,0,0,McLemore,Sacramento
Kosta Koufos,Kosta,18,5,5,0,0,0,2,1,N/A,3,10,5,0,0,1,3,0,0,100,0,Koufos,Sacramento
Garrett Temple,Garrett,24,3,3,4,1,1,0,3,N/A,2,9,6,2,2,0,3,2,100,50,25,Temple,Sacramento
Omri Casspi,Omri,28,3,4,2,5,0,0,1,N/A,2,7,7,0,2,0,4,1,50,43,0,Casspi,Sacramento
Willie Cauley-Stein,Willie,N/A,N/A,N/A,N/A,N/A,N/A,N/A,N/A,N/A,N/A,N/A,N/A,N/A,N/A,N/A,N/A,N/A,N/A,N/A,N/A,Cauley-Stein,Sacramento
Skal Labissiere,Skal,N/A,N/A,N/A,N/A,N/A,N/A,N/A,N/A,N/A,N/A,N/A,N/A,N/A,N/A,N/A,N/A,N/A,N/A,N/A,N/A,Labissiere,Sacramento
Anthony Tolliver,Anthony,N/A,N/A,N/A,N/A,N/A,N/A,N/A,N/A,N/A,N/A,N/A,N/A,N/A,N/A,N/A,N/A,N/A,N/A,N/A,N/A,Tolliver,Sacramento
