PLAYER_NAME,FIRST_NAME,MIN,FGM,REB,FG3A,AST,FG3M,OREB,TO,START_POSITION,PF,PTS,FGA,STL,FTA,BLK,DREB,FTM,FT_PCT,FG_PCT,FG3_PCT,SECOND_NAME,TEAM_CITY
Andre Roberson,Andre,27,0,5,2,1,0,5,0,F,1,1,6,3,4,1,0,1,25,0,0,Roberson,Oklahoma City
Domantas Sabonis,Domantas,28,3,3,4,1,0,0,1,F,5,7,8,0,2,0,3,1,50,38,0,Sabonis,Oklahoma City
Steven Adams,Steven,20,3,4,0,1,0,1,3,C,1,6,6,1,0,0,3,0,0,50,0,Adams,Oklahoma City
Victor Oladipo,Victor,40,7,1,7,2,1,0,2,G,3,23,14,2,8,1,1,8,100,50,14,Oladipo,Oklahoma City
Russell Westbrook,Russell,36,11,11,5,10,4,2,7,G,1,36,21,4,11,0,9,10,91,52,80,Westbrook,Oklahoma City
Alex Abrines,Alex,17,3,3,4,1,3,1,2,N/A,4,13,5,1,5,0,2,4,80,60,75,Abrines,Oklahoma City
Enes Kanter,Enes,32,10,12,1,2,0,7,4,N/A,5,29,18,1,11,1,5,9,82,56,0,Kanter,Oklahoma City
Cameron Payne,Cameron,18,2,2,3,1,0,1,0,N/A,4,4,7,2,0,0,1,0,0,29,0,Payne,Oklahoma City
Jerami Grant,Jerami,19,1,2,1,0,1,0,0,N/A,2,3,2,0,0,1,2,0,0,50,100,Grant,Oklahoma City
Joffrey Lauvergne,Joffrey,4,0,1,1,1,0,0,0,N/A,2,0,3,0,0,0,1,0,0,0,0,Lauvergne,Oklahoma City
Nick Collison,Nick,N/A,N/A,N/A,N/A,N/A,N/A,N/A,N/A,N/A,N/A,N/A,N/A,N/A,N/A,N/A,N/A,N/A,N/A,N/A,N/A,Collison,Oklahoma City
Anthony Morrow,Anthony,N/A,N/A,N/A,N/A,N/A,N/A,N/A,N/A,N/A,N/A,N/A,N/A,N/A,N/A,N/A,N/A,N/A,N/A,N/A,N/A,Morrow,Oklahoma City
Kyle Singler,Kyle,N/A,N/A,N/A,N/A,N/A,N/A,N/A,N/A,N/A,N/A,N/A,N/A,N/A,N/A,N/A,N/A,N/A,N/A,N/A,N/A,Singler,Oklahoma City
Rudy Gay,Rudy,36,6,10,5,2,2,2,3,F,4,22,18,2,9,2,8,8,89,33,40,Gay,Sacramento
Anthony Tolliver,Anthony,32,4,4,4,2,2,0,2,F,3,10,6,2,0,1,4,0,0,67,50,Tolliver,Sacramento
DeMarcus Cousins,DeMarcus,34,8,11,6,7,1,6,6,C,2,31,20,3,17,1,5,14,82,40,17,Cousins,Sacramento
Garrett Temple,Garrett,24,3,4,2,3,0,0,0,G,2,8,6,0,2,0,4,2,100,50,0,Temple,Sacramento
Darren Collison,Darren,27,7,1,3,2,2,0,1,G,4,21,9,2,6,0,1,5,83,78,67,Collison,Sacramento
Arron Afflalo,Arron,18,2,3,1,0,1,0,4,N/A,1,7,5,0,2,1,3,2,100,40,100,Afflalo,Sacramento
Kosta Koufos,Kosta,16,3,1,0,1,0,1,2,N/A,5,6,6,2,0,1,0,0,0,50,0,Koufos,Sacramento
Ty Lawson,Ty,21,0,1,2,4,0,0,1,N/A,1,4,3,1,4,0,1,4,100,0,0,Lawson,Sacramento
Matt Barnes,Matt,27,3,8,2,3,1,4,2,N/A,5,7,6,1,0,0,4,0,0,50,50,Barnes,Sacramento
Willie Cauley-Stein,Willie,5,1,1,0,0,0,1,1,N/A,2,2,2,0,0,0,0,0,0,50,0,Cauley-Stein,Sacramento
Omri Casspi,Omri,N/A,N/A,N/A,N/A,N/A,N/A,N/A,N/A,N/A,N/A,N/A,N/A,N/A,N/A,N/A,N/A,N/A,N/A,N/A,N/A,Casspi,Sacramento
Ben McLemore,Ben,N/A,N/A,N/A,N/A,N/A,N/A,N/A,N/A,N/A,N/A,N/A,N/A,N/A,N/A,N/A,N/A,N/A,N/A,N/A,N/A,McLemore,Sacramento
Malachi Richardson,Malachi,N/A,N/A,N/A,N/A,N/A,N/A,N/A,N/A,N/A,N/A,N/A,N/A,N/A,N/A,N/A,N/A,N/A,N/A,N/A,N/A,Richardson,Sacramento
