PLAYER_NAME,FIRST_NAME,MIN,FGM,REB,FG3A,AST,FG3M,OREB,TO,START_POSITION,PF,PTS,FGA,STL,FTA,BLK,DREB,FTM,FT_PCT,FG_PCT,FG3_PCT,SECOND_NAME,TEAM_CITY
Jimmy Butler,Jimmy,36,8,9,5,2,2,2,2,F,5,23,21,0,5,0,7,5,100,38,40,Butler,Chicago
Taj Gibson,Taj,26,3,9,0,3,0,5,4,F,2,8,12,2,3,2,4,2,67,25,0,Gibson,Chicago
Robin Lopez,Robin,14,3,5,0,0,0,3,2,C,1,8,6,0,4,2,2,2,50,50,0,Lopez,Chicago
Dwyane Wade,Dwyane,35,5,1,3,4,0,0,0,G,0,15,13,2,6,0,1,5,83,39,0,Wade,Chicago
Rajon Rondo,Rajon,34,6,9,2,5,0,2,4,G,3,12,11,1,0,1,7,0,0,55,0,Rondo,Chicago
Nikola Mirotic,Nikola,35,3,6,6,1,3,0,2,N/A,1,17,6,0,11,1,6,8,73,50,50,Mirotic,Chicago
Isaiah Canaan,Isaiah,19,1,0,3,3,1,0,1,N/A,2,4,4,1,2,0,0,1,50,25,33,Canaan,Chicago
Cristiano Felicio,Cristiano,10,0,1,0,0,0,0,1,N/A,2,0,1,1,0,0,1,0,0,0,0,Felicio,Chicago
Denzel Valentine,Denzel,7,1,0,1,0,1,0,1,N/A,0,3,2,0,0,0,0,0,0,50,100,Valentine,Chicago
Jerian Grant,Jerian,13,3,2,0,3,0,0,1,N/A,1,6,3,0,0,0,2,0,0,100,0,Grant,Chicago
Bobby Portis,Bobby,11,2,7,0,0,0,3,1,N/A,2,4,2,0,0,1,4,0,0,100,0,Portis,Chicago
RJ Hunter,RJ,N/A,N/A,N/A,N/A,N/A,N/A,N/A,N/A,N/A,N/A,N/A,N/A,N/A,N/A,N/A,N/A,N/A,N/A,N/A,N/A,Hunter,Chicago
Paul Zipser,Paul,N/A,N/A,N/A,N/A,N/A,N/A,N/A,N/A,N/A,N/A,N/A,N/A,N/A,N/A,N/A,N/A,N/A,N/A,N/A,N/A,Zipser,Chicago
Jae Crowder,Jae,14,4,5,2,1,2,0,1,F,1,10,6,0,0,0,5,0,0,67,100,Crowder,Boston
Amir Johnson,Amir,30,9,6,4,3,4,1,0,F,2,23,11,3,2,2,5,1,50,82,100,Johnson,Boston
Tyler Zeller,Tyler,25,5,4,0,0,0,3,0,C,3,11,11,1,2,0,1,1,50,46,0,Zeller,Boston
Avery Bradley,Avery,39,6,5,7,4,1,2,1,G,4,13,15,0,0,0,3,0,0,40,14,Bradley,Boston
Isaiah Thomas,Isaiah,36,8,2,7,10,4,1,3,G,3,23,18,3,4,1,1,3,75,44,57,Thomas,Boston
Marcus Smart,Marcus,34,2,5,6,5,1,0,6,N/A,1,7,8,1,4,1,5,2,50,25,17,Smart,Boston
Jaylen Brown,Jaylen,8,1,2,2,0,1,1,0,N/A,4,3,3,1,0,0,1,0,0,33,50,Brown,Boston
Jordan Mickey,Jordan,6,0,0,0,0,0,0,1,N/A,0,0,1,0,0,0,0,0,0,0,0,Mickey,Boston
Jonas Jerebko,Jonas,22,2,6,0,2,0,1,0,N/A,4,6,5,1,2,0,5,2,100,40,0,Jerebko,Boston
Terry Rozier,Terry,13,3,2,2,0,1,0,0,N/A,1,7,6,0,1,0,2,0,0,50,50,Rozier,Boston
James Young,James,1,0,1,0,0,0,0,0,N/A,0,0,0,0,0,0,1,0,0,0,0,Young,Boston
Gerald Green,Gerald,14,1,1,2,3,0,1,0,N/A,1,4,3,0,2,0,0,2,100,33,0,Green,Boston
Demetrius Jackson,Demetrius,N/A,N/A,N/A,N/A,N/A,N/A,N/A,N/A,N/A,N/A,N/A,N/A,N/A,N/A,N/A,N/A,N/A,N/A,N/A,N/A,Jackson,Boston
