PLAYER_NAME,TO,FIRST_NAME,MIN,REB,FG3A,AST,FG3M,OREB,FGM,START_POSITION,PF,PTS,FGA,STL,FTA,BLK,DREB,FTM,FT_PCT,FG_PCT,FG3_PCT,SECOND_NAME,TEAM_CITY
Tobias Harris,1,Tobias,22,5,2,1,0,0,2,F,2,4,5,0,0,1,5,0,0,40,0,Harris,Orlando
Channing Frye,0,Channing,13,2,4,0,1,0,1,F,4,3,4,0,0,0,2,0,0,25,25,Frye,Orlando
Nikola Vucevic,1,Nikola,13,3,0,1,0,0,2,C,4,4,5,0,0,0,3,0,0,40,0,Vucevic,Orlando
Evan Fournier,3,Evan,28,1,4,2,1,0,2,G,3,9,5,0,4,0,1,4,100,40,25,Fournier,Orlando
Elfrid Payton,2,Elfrid,16,3,0,4,0,2,0,G,2,0,5,0,0,0,1,0,0,0,0,Payton,Orlando
Jason Smith,2,Jason,13,3,0,0,0,0,3,N/A,4,8,3,0,2,0,3,2,100,100,0,Smith,Orlando
Aaron Gordon,1,Aaron,26,7,2,2,1,1,5,N/A,3,11,10,0,0,0,6,0,0,50,50,Gordon,Orlando
Andrew Nicholson,0,Andrew,28,6,3,0,1,1,2,N/A,3,6,6,0,2,0,5,1,50,33,33,Nicholson,Orlando
Victor Oladipo,0,Victor,14,0,2,2,0,0,3,N/A,0,6,11,0,1,0,0,0,0,27,0,Oladipo,Orlando
Mario Hezonja,2,Mario,27,6,6,3,2,1,3,N/A,1,10,11,0,2,0,5,2,100,27,33,Hezonja,Orlando
Dewayne Dedmon,0,Dewayne,22,5,0,0,0,0,4,N/A,2,8,6,0,0,1,5,0,0,67,0,Dedmon,Orlando
Shabazz Napier,2,Shabazz,18,4,2,1,0,0,2,N/A,1,10,5,1,6,0,4,6,100,40,0,Napier,Orlando
LeBron James,0,LeBron,29,5,7,3,4,0,11,F,2,29,18,2,4,0,5,3,75,61,57,James,Cleveland
Kevin Love,1,Kevin,29,13,2,2,1,1,2,F,1,10,5,1,8,0,12,5,63,40,50,Love,Cleveland
Tristan Thompson,0,Tristan,29,12,0,0,0,6,4,C,0,10,6,0,8,0,6,2,25,67,0,Thompson,Cleveland
JR Smith,0,JR,20,2,5,1,1,1,1,G,2,3,7,1,0,1,1,0,0,14,20,Smith,Cleveland
Kyrie Irving,1,Kyrie,21,2,4,5,0,1,4,G,1,13,12,0,7,0,1,5,71,33,0,Irving,Cleveland
Matthew Dellavedova,1,Matthew,19,3,5,6,1,0,1,N/A,1,3,6,0,0,0,3,0,0,17,20,Dellavedova,Cleveland
Iman Shumpert,0,Iman,21,2,2,1,1,0,1,N/A,2,3,3,0,0,0,2,0,0,33,50,Shumpert,Cleveland
Richard Jefferson,0,Richard,19,0,4,1,2,0,2,N/A,3,6,5,1,3,0,0,0,0,40,50,Jefferson,Cleveland
Timofey Mozgov,0,Timofey,13,5,0,2,0,1,2,N/A,2,7,4,1,3,0,4,3,100,50,0,Mozgov,Cleveland
James Jones,0,James,18,3,4,1,1,2,3,N/A,0,10,6,0,3,0,1,3,100,50,25,Jones,Cleveland
Mo Williams,0,Mo,8,1,4,1,1,0,2,N/A,1,8,6,0,3,0,1,3,100,33,25,Williams,Cleveland
Anderson Varejao,0,Anderson,7,3,0,1,0,0,0,N/A,1,0,1,0,0,0,3,0,0,0,0,Varejao,Cleveland
Jared Cunningham,1,Jared,7,2,0,0,0,0,1,N/A,1,2,3,0,0,0,2,0,0,33,0,Cunningham,Cleveland
