PLAYER_NAME,TO,FIRST_NAME,MIN,REB,FG3A,AST,FG3M,OREB,FGM,START_POSITION,PF,PTS,FGA,STL,FTA,BLK,DREB,FTM,FT_PCT,FG_PCT,FG3_PCT,SECOND_NAME,TEAM_CITY
Trevor Ariza,0,Trevor,4,0,1,0,0,0,1,F,0,2,3,0,0,0,0,0,0,33,0,Ariza,Houston
Clint Capela,3,Clint,27,9,0,0,0,3,3,F,2,6,8,0,2,0,6,0,0,38,0,Capela,Houston
Dwight Howard,4,Dwight,29,9,0,0,0,2,4,C,1,10,5,2,4,2,7,2,50,80,0,Howard,Houston
James Harden,7,James,35,3,5,9,1,0,2,G,2,10,9,3,6,0,3,5,83,22,20,Harden,Houston
Patrick Beverley,2,Patrick,28,0,7,3,2,0,4,G,4,10,10,5,0,0,0,0,0,40,29,Beverley,Houston
Donatas Motiejunas,2,Donatas,7,1,0,1,0,0,0,N/A,0,0,0,0,0,0,1,0,0,0,0,Motiejunas,Houston
Corey Brewer,4,Corey,34,3,8,2,4,3,9,N/A,3,22,16,3,0,0,0,0,0,56,50,Brewer,Houston
Ty Lawson,0,Ty,19,0,0,5,0,0,0,N/A,0,0,3,1,0,1,0,0,0,0,0,Lawson,Houston
Terrence Jones,0,Terrence,16,3,2,2,1,1,2,N/A,2,5,5,1,0,0,2,0,0,40,50,Jones,Houston
Marcus Thornton,1,Marcus,26,6,8,3,5,0,12,N/A,0,32,18,3,3,0,6,3,100,67,63,Thornton,Houston
Jason Terry,0,Jason,15,2,4,1,2,1,2,N/A,1,8,5,2,2,0,1,2,100,40,50,Terry,Houston
Joe Johnson,2,Joe,43,5,5,8,2,3,9,F,3,22,15,3,3,0,2,2,67,60,40,Johnson,Brooklyn
Thaddeus Young,5,Thaddeus,34,12,0,5,0,2,10,F,2,20,13,3,0,0,10,0,0,77,0,Young,Brooklyn
Brook Lopez,6,Brook,39,8,0,0,0,4,9,C,3,24,14,1,6,5,4,6,100,64,0,Lopez,Brooklyn
Bojan Bogdanovic,0,Bojan,38,5,7,1,3,1,8,G,1,19,16,2,2,0,4,0,0,50,43,Bogdanovic,Brooklyn
Jarrett Jack,5,Jarrett,37,5,1,9,0,1,4,G,2,10,8,3,2,0,4,2,100,50,0,Jack,Brooklyn
Thomas Robinson,1,Thomas,11,4,0,0,0,0,1,N/A,4,3,3,0,1,2,4,1,100,33,0,Robinson,Brooklyn
Shane Larkin,4,Shane,16,0,0,3,0,0,0,N/A,0,2,2,2,2,0,0,2,100,0,0,Larkin,Brooklyn
Wayne Ellington,1,Wayne,16,2,3,0,1,1,3,N/A,1,7,8,0,0,0,1,0,0,38,33,Ellington,Brooklyn
Markel Brown,0,Markel,6,1,2,1,1,0,1,N/A,1,3,2,0,0,0,1,0,0,50,50,Brown,Brooklyn
Andrea Bargnani,N/A,Andrea,N/A,N/A,N/A,N/A,N/A,N/A,N/A,N/A,N/A,N/A,N/A,N/A,N/A,N/A,N/A,N/A,N/A,N/A,N/A,Bargnani,Brooklyn
Sergey Karasev,N/A,Sergey,N/A,N/A,N/A,N/A,N/A,N/A,N/A,N/A,N/A,N/A,N/A,N/A,N/A,N/A,N/A,N/A,N/A,N/A,N/A,Karasev,Brooklyn
Willie Reed,N/A,Willie,N/A,N/A,N/A,N/A,N/A,N/A,N/A,N/A,N/A,N/A,N/A,N/A,N/A,N/A,N/A,N/A,N/A,N/A,N/A,Reed,Brooklyn
Donald Sloan,N/A,Donald,N/A,N/A,N/A,N/A,N/A,N/A,N/A,N/A,N/A,N/A,N/A,N/A,N/A,N/A,N/A,N/A,N/A,N/A,N/A,Sloan,Brooklyn
