PLAYER_NAME,TO,FIRST_NAME,MIN,REB,FG3A,AST,FG3M,OREB,FGM,START_POSITION,PF,PTS,FGA,STL,FTA,BLK,DREB,FTM,FT_PCT,FG_PCT,FG3_PCT,SECOND_NAME,TEAM_CITY
Tony Snell,1,Tony,16,3,4,0,2,0,2,F,2,6,7,1,0,0,3,0,0,29,50,Snell,Chicago
Nikola Mirotic,2,Nikola,29,7,4,2,2,2,8,F,4,25,14,0,8,1,5,7,88,57,50,Mirotic,Chicago
Pau Gasol,1,Pau,27,11,1,4,0,3,4,C,4,9,16,0,2,0,8,1,50,25,0,Gasol,Chicago
Jimmy Butler,4,Jimmy,40,5,4,5,2,0,4,G,2,16,10,2,6,2,5,6,100,40,50,Butler,Chicago
Derrick Rose,3,Derrick,31,6,5,5,2,1,4,G,1,10,16,1,0,1,5,0,0,25,40,Rose,Chicago
Kirk Hinrich,1,Kirk,22,1,4,2,3,0,3,N/A,3,11,7,0,2,0,1,2,100,43,75,Hinrich,Chicago
E'Twaun Moore,0,E'Twaun,27,1,0,2,0,0,3,N/A,3,7,7,3,2,0,1,1,50,43,0,Moore,Chicago
Joakim Noah,2,Joakim,19,5,0,0,0,1,0,N/A,2,0,2,0,0,2,4,0,0,0,0,Noah,Chicago
Taj Gibson,1,Taj,19,6,1,1,0,1,2,N/A,2,4,5,0,0,1,5,0,0,40,0,Gibson,Chicago
Doug McDermott,0,Doug,6,1,2,0,0,1,0,N/A,0,0,4,0,0,0,0,0,0,0,0,McDermott,Chicago
Cristiano Felicio,0,Cristiano,2,0,0,0,0,0,1,N/A,0,2,1,0,0,0,0,0,0,100,0,Felicio,Chicago
Bobby Portis,0,Bobby,2,1,1,0,0,0,1,N/A,0,2,3,0,0,0,1,0,0,33,0,Portis,Chicago
Aaron Brooks,N/A,Aaron,N/A,N/A,N/A,N/A,N/A,N/A,N/A,N/A,N/A,N/A,N/A,N/A,N/A,N/A,N/A,N/A,N/A,N/A,N/A,Brooks,Chicago
CJ Miles,0,CJ,32,3,8,1,3,0,6,F,4,16,12,0,1,0,3,1,100,50,38,Miles,Indiana
Paul George,5,Paul,39,8,10,2,4,0,11,F,4,33,24,0,7,0,8,7,100,46,40,George,Indiana
Ian Mahinmi,2,Ian,27,9,0,4,0,3,4,C,4,15,8,1,10,1,6,7,70,50,0,Mahinmi,Indiana
Monta Ellis,0,Monta,30,5,3,5,0,2,5,G,0,14,13,3,6,0,3,4,67,39,0,Ellis,Indiana
George Hill,1,George,32,10,2,3,0,2,3,G,1,6,8,1,1,1,8,0,0,38,0,Hill,Indiana
Lavoy Allen,1,Lavoy,27,10,0,0,0,1,6,N/A,1,12,10,0,0,2,9,0,0,60,0,Allen,Indiana
Rodney Stuckey,3,Rodney,28,3,1,0,1,0,2,N/A,4,8,6,2,4,0,3,3,75,33,100,Stuckey,Indiana
Chase Budinger,1,Chase,11,0,2,0,0,0,0,N/A,0,0,2,0,0,0,0,0,0,0,0,Budinger,Indiana
Solomon Hill,0,Solomon,12,3,1,3,0,0,0,N/A,0,0,1,1,0,0,3,0,0,0,0,Hill,Indiana
Glenn Robinson,0,Glenn,2,0,0,0,0,0,0,N/A,0,0,0,0,0,0,0,0,0,0,0,Robinson,Indiana
Joe Young,0,Joe,2,0,1,0,0,0,0,N/A,0,0,3,0,0,0,0,0,0,0,0,Young,Indiana
Jordan Hill,N/A,Jordan,N/A,N/A,N/A,N/A,N/A,N/A,N/A,N/A,N/A,N/A,N/A,N/A,N/A,N/A,N/A,N/A,N/A,N/A,N/A,Hill,Indiana
Myles Turner,N/A,Myles,N/A,N/A,N/A,N/A,N/A,N/A,N/A,N/A,N/A,N/A,N/A,N/A,N/A,N/A,N/A,N/A,N/A,N/A,N/A,Turner,Indiana
