PLAYER_NAME,TO,FIRST_NAME,MIN,REB,FG3A,AST,FG3M,OREB,FGM,START_POSITION,PF,PTS,FGA,STL,FTA,BLK,DREB,FTM,FT_PCT,FG_PCT,FG3_PCT,SECOND_NAME,TEAM_CITY
Wayne Ellington,1,Wayne,29,5,5,4,2,1,4,F,1,10,11,1,0,0,4,0,0,36,40,Ellington,Brooklyn
Thaddeus Young,1,Thaddeus,40,9,1,2,0,4,8,F,3,21,20,2,8,0,5,5,63,40,0,Young,Brooklyn
Brook Lopez,1,Brook,34,7,1,1,0,3,10,C,0,24,17,0,5,3,4,4,80,59,0,Lopez,Brooklyn
Markel Brown,2,Markel,28,3,2,1,1,0,2,G,1,5,7,0,0,0,3,0,0,29,50,Brown,Brooklyn
Donald Sloan,0,Donald,34,9,3,9,1,1,4,G,1,14,13,1,5,0,8,5,100,31,33,Sloan,Brooklyn
Sergey Karasev,2,Sergey,16,2,1,1,1,1,1,N/A,1,3,5,0,0,0,1,0,0,20,100,Karasev,Brooklyn
Sean Kilpatrick,2,Sean,24,3,3,0,0,0,4,N/A,2,10,7,0,2,0,3,2,100,57,0,Kilpatrick,Brooklyn
Shane Larkin,3,Shane,15,0,1,3,0,0,0,N/A,2,0,4,4,0,0,0,0,0,0,0,Larkin,Brooklyn
Thomas Robinson,0,Thomas,14,2,0,1,0,0,0,N/A,2,2,1,0,2,0,2,2,100,0,0,Robinson,Brooklyn
Chris McCullough,0,Chris,8,1,0,0,0,1,0,N/A,1,0,2,0,0,1,0,0,0,0,0,McCullough,Brooklyn
Bojan Bogdanovic,N/A,Bojan,N/A,N/A,N/A,N/A,N/A,N/A,N/A,N/A,N/A,N/A,N/A,N/A,N/A,N/A,N/A,N/A,N/A,N/A,N/A,Bogdanovic,Brooklyn
Willie Reed,N/A,Willie,N/A,N/A,N/A,N/A,N/A,N/A,N/A,N/A,N/A,N/A,N/A,N/A,N/A,N/A,N/A,N/A,N/A,N/A,N/A,Reed,Brooklyn
Robert Covington,0,Robert,17,4,6,0,4,0,4,F,0,12,7,0,0,0,4,0,0,57,67,Covington,Philadelphia
Jerami Grant,1,Jerami,17,2,2,3,0,1,2,F,1,7,7,0,4,2,1,3,75,29,0,Grant,Philadelphia
Nerlens Noel,5,Nerlens,34,11,0,2,0,4,6,C,4,13,10,2,3,3,7,1,33,60,0,Noel,Philadelphia
Hollis Thompson,1,Hollis,33,7,4,4,1,2,5,G,3,11,11,1,0,0,5,0,0,46,25,Thompson,Philadelphia
Ish Smith,0,Ish,32,7,5,9,1,1,4,G,3,10,13,0,2,0,6,1,50,31,20,Smith,Philadelphia
Isaiah Canaan,0,Isaiah,27,3,5,1,0,0,2,N/A,3,4,7,0,0,0,3,0,0,29,0,Canaan,Philadelphia
Nik Stauskas,4,Nik,21,3,4,1,1,1,3,N/A,0,10,8,0,4,0,2,3,75,38,25,Stauskas,Philadelphia
Richaun Holmes,2,Richaun,12,0,0,0,0,0,1,N/A,1,2,5,1,0,0,0,0,0,20,0,Holmes,Philadelphia
TJ McConnell,1,TJ,16,2,2,4,2,1,4,N/A,1,10,6,0,0,0,1,0,0,67,100,McConnell,Philadelphia
Carl Landry,1,Carl,25,8,0,1,0,1,7,N/A,2,16,9,0,2,0,7,2,100,78,0,Landry,Philadelphia
Elton Brand,1,Elton,7,2,0,0,0,0,0,N/A,2,0,1,1,0,1,2,0,0,0,0,Brand,Philadelphia
Kendall Marshall,N/A,Kendall,N/A,N/A,N/A,N/A,N/A,N/A,N/A,N/A,N/A,N/A,N/A,N/A,N/A,N/A,N/A,N/A,N/A,N/A,N/A,Marshall,Philadelphia
Sonny Weems,N/A,Sonny,N/A,N/A,N/A,N/A,N/A,N/A,N/A,N/A,N/A,N/A,N/A,N/A,N/A,N/A,N/A,N/A,N/A,N/A,N/A,Weems,Philadelphia
