PLAYER_NAME,FIRST_NAME,MIN,FGM,REB,FG3A,AST,FG3M,OREB,TO,START_POSITION,PF,PTS,FGA,STL,FTA,BLK,DREB,FTM,FT_PCT,FG_PCT,FG3_PCT,SECOND_NAME,TEAM_CITY
DeMarre Carroll,DeMarre,21,3,3,1,0,0,0,0,F,2,8,4,0,5,0,3,2,40,75,0,Carroll,Toronto
Pascal Siakam,Pascal,28,2,7,1,0,0,3,2,F,4,6,4,0,2,4,4,2,100,50,0,Siakam,Toronto
Jonas Valanciunas,Jonas,26,8,13,0,0,0,6,0,C,1,16,15,0,0,1,7,0,0,53,0,Valanciunas,Toronto
DeMar DeRozan,DeMar,30,13,5,3,4,1,0,3,G,2,31,21,1,4,0,5,4,100,62,33,DeRozan,Toronto
Kyle Lowry,Kyle,35,3,3,7,10,2,0,4,G,1,16,9,1,8,0,3,8,100,33,29,Lowry,Toronto
Lucas Nogueira,Lucas,17,3,5,0,1,0,0,0,N/A,1,6,4,0,0,1,5,0,0,75,0,Nogueira,Toronto
Patrick Patterson,Patrick,20,1,4,3,1,1,0,0,N/A,1,3,4,2,0,0,4,0,0,25,33,Patterson,Toronto
Terrence Ross,Terrence,23,4,2,8,0,3,0,0,N/A,1,11,13,1,0,1,2,0,0,31,38,Ross,Toronto
Fred VanVleet,Fred,23,2,2,1,4,0,0,0,N/A,3,4,5,3,0,0,2,0,0,40,0,VanVleet,Toronto
Norman Powell,Norman,8,4,1,2,0,0,0,1,N/A,0,8,6,1,0,0,1,0,0,67,0,Powell,Toronto
Jakob Poeltl,Jakob,5,0,2,0,0,0,1,0,N/A,0,0,1,1,2,0,1,0,0,0,0,Poeltl,Toronto
Bruno Caboclo,Bruno,4,0,0,1,0,0,0,0,N/A,0,0,1,0,0,0,0,0,0,0,0,Caboclo,Toronto
Cory Joseph,Cory,N/A,N/A,N/A,N/A,N/A,N/A,N/A,N/A,N/A,N/A,N/A,N/A,N/A,N/A,N/A,N/A,N/A,N/A,N/A,N/A,Joseph,Toronto
Aaron Gordon,Aaron,20,3,1,4,0,1,0,1,F,2,7,9,0,0,0,1,0,0,33,25,Gordon,Orlando
Serge Ibaka,Serge,22,5,4,1,0,0,0,0,F,0,10,9,0,0,0,4,0,0,56,0,Ibaka,Orlando
Bismack Biyombo,Bismack,27,3,12,0,1,0,2,4,C,1,8,5,1,2,3,10,2,100,60,0,Biyombo,Orlando
Evan Fournier,Evan,26,6,3,2,3,0,2,3,G,5,15,10,1,3,0,1,3,100,60,0,Fournier,Orlando
D.J. Augustin,D.J.,13,0,3,1,2,0,1,1,G,3,0,4,2,0,0,2,0,0,0,0,Augustin,Orlando
Elfrid Payton,Elfrid,25,6,2,2,3,0,0,1,N/A,0,13,10,0,1,0,2,1,100,60,0,Payton,Orlando
Nikola Vucevic,Nikola,25,5,9,0,1,0,5,1,N/A,2,10,12,0,0,0,4,0,0,42,0,Vucevic,Orlando
Jeff Green,Jeff,25,1,3,4,1,0,0,2,N/A,1,3,7,0,2,0,3,1,50,14,0,Green,Orlando
Jodie Meeks,Jodie,24,1,0,2,1,0,0,0,N/A,1,2,6,0,0,0,0,0,0,17,0,Meeks,Orlando
Damjan Rudez,Damjan,10,1,1,2,0,1,0,1,N/A,1,3,2,0,0,0,1,0,0,50,50,Rudez,Orlando
C.J. Watson,C.J.,9,1,0,3,1,1,0,2,N/A,0,3,4,0,0,0,0,0,0,25,33,Watson,Orlando
Mario Hezonja,Mario,7,2,1,0,0,0,0,3,N/A,0,5,3,1,1,0,1,1,100,67,0,Hezonja,Orlando
Arinze Onuaku,Arinze,7,0,3,0,0,0,0,0,N/A,1,0,2,0,0,0,3,0,0,0,0,Onuaku,Orlando
