PLAYER_NAME,TO,FIRST_NAME,MIN,REB,FG3A,AST,FG3M,OREB,FGM,START_POSITION,PF,PTS,FGA,STL,FTA,BLK,DREB,FTM,FT_PCT,FG_PCT,FG3_PCT,SECOND_NAME,TEAM_CITY
CJ Miles,4,CJ,29,5,4,1,1,1,6,F,4,17,10,2,4,0,4,4,100,60,25,Miles,Indiana
Paul George,6,Paul,37,10,5,3,2,1,10,F,4,26,22,1,5,0,9,4,80,46,40,George,Indiana
Ian Mahinmi,3,Ian,25,2,0,0,0,1,4,C,4,11,7,1,8,3,1,3,38,57,0,Mahinmi,Indiana
Monta Ellis,2,Monta,35,2,3,6,1,1,4,G,3,13,9,4,6,0,1,4,67,44,33,Ellis,Indiana
George Hill,1,George,37,4,3,5,1,0,3,G,5,7,8,0,0,0,4,0,0,38,33,Hill,Indiana
Chase Budinger,2,Chase,22,3,2,2,1,1,4,N/A,2,10,7,0,2,2,2,1,50,57,50,Budinger,Indiana
Myles Turner,0,Myles,1,0,0,0,0,0,0,N/A,0,0,0,0,0,0,0,0,0,0,0,Turner,Indiana
Jordan Hill,0,Jordan,23,8,0,3,0,3,5,N/A,2,12,10,0,4,0,5,2,50,50,0,Hill,Indiana
Lavoy Allen,0,Lavoy,18,4,0,0,0,1,2,N/A,4,6,5,0,2,0,3,2,100,40,0,Allen,Indiana
Glenn Robinson,0,Glenn,14,3,0,0,0,1,0,N/A,0,0,1,1,0,1,2,0,0,0,0,Robinson,Indiana
Solomon Hill,N/A,Solomon,N/A,N/A,N/A,N/A,N/A,N/A,N/A,N/A,N/A,N/A,N/A,N/A,N/A,N/A,N/A,N/A,N/A,N/A,N/A,Hill,Indiana
Rodney Stuckey,N/A,Rodney,N/A,N/A,N/A,N/A,N/A,N/A,N/A,N/A,N/A,N/A,N/A,N/A,N/A,N/A,N/A,N/A,N/A,N/A,N/A,Stuckey,Indiana
Joe Young,N/A,Joe,N/A,N/A,N/A,N/A,N/A,N/A,N/A,N/A,N/A,N/A,N/A,N/A,N/A,N/A,N/A,N/A,N/A,N/A,N/A,Young,Indiana
Jae Crowder,4,Jae,26,5,3,2,1,0,1,F,5,5,5,5,2,0,5,2,100,20,33,Crowder,Boston
Amir Johnson,2,Amir,14,2,1,1,0,0,3,F,1,7,5,1,4,1,2,1,25,60,0,Johnson,Boston
Jared Sullinger,4,Jared,33,11,3,2,1,3,5,C,3,11,10,1,0,0,8,0,0,50,33,Sullinger,Boston
Evan Turner,2,Evan,33,3,0,3,0,0,9,G,2,20,13,1,2,2,3,2,100,69,0,Turner,Boston
Isaiah Thomas,2,Isaiah,30,3,4,4,1,0,4,G,2,14,13,0,7,0,3,5,71,31,25,Thomas,Boston
Marcus Smart,1,Marcus,21,1,4,2,0,1,1,N/A,4,8,6,1,8,0,0,6,75,17,0,Smart,Boston
Jonas Jerebko,0,Jonas,16,2,0,1,0,1,0,N/A,3,0,1,0,0,0,1,0,0,0,0,Jerebko,Boston
Kelly Olynyk,2,Kelly,15,0,2,1,0,0,1,N/A,2,4,5,1,2,0,0,2,100,20,0,Olynyk,Boston
RJ Hunter,0,RJ,20,2,3,1,1,0,2,N/A,0,5,5,0,0,0,2,0,0,40,33,Hunter,Boston
David Lee,1,David,16,6,0,0,0,2,4,N/A,2,13,5,0,7,0,4,5,71,80,0,Lee,Boston
Terry Rozier,0,Terry,16,1,4,1,0,1,2,N/A,2,4,9,0,0,0,0,0,0,22,0,Rozier,Boston
James Young,N/A,James,N/A,N/A,N/A,N/A,N/A,N/A,N/A,N/A,N/A,N/A,N/A,N/A,N/A,N/A,N/A,N/A,N/A,N/A,N/A,Young,Boston
Tyler Zeller,N/A,Tyler,N/A,N/A,N/A,N/A,N/A,N/A,N/A,N/A,N/A,N/A,N/A,N/A,N/A,N/A,N/A,N/A,N/A,N/A,N/A,Zeller,Boston
