PLAYER_NAME,TO,FIRST_NAME,MIN,REB,FG3A,AST,FG3M,OREB,FGM,START_POSITION,PF,PTS,FGA,STL,FTA,BLK,DREB,FTM,FT_PCT,FG_PCT,FG3_PCT,SECOND_NAME,TEAM_CITY
Paul Pierce,2,Paul,25,4,2,2,0,1,1,F,5,4,5,1,2,0,3,2,100,20,0,Pierce,Washington
Nene,0,Nene,29,3,0,1,0,0,7,F,3,17,12,0,5,0,3,3,60,58,0,N/A,Washington
Marcin Gortat,3,Marcin,29,9,0,2,0,2,4,C,6,14,5,0,6,1,7,6,100,80,0,Gortat,Washington
Bradley Beal,1,Bradley,39,2,4,2,0,1,8,G,2,23,19,2,10,0,1,7,70,42,0,Beal,Washington
John Wall,2,John,39,7,5,9,3,0,9,G,3,24,15,1,4,0,7,3,75,60,60,Wall,Washington
Kris Humphries,0,Kris,19,6,0,0,0,0,0,N/A,1,0,4,1,0,1,6,0,0,0,0,Humphries,Washington
Garrett Temple,0,Garrett,18,2,2,0,0,0,2,N/A,1,6,6,1,2,0,2,2,100,33,0,Temple,Washington
Otto Porter,1,Otto,20,3,2,1,0,0,1,N/A,1,3,7,0,1,0,3,1,100,14,0,Porter,Washington
Kevin Seraphin,2,Kevin,18,5,0,1,0,1,1,N/A,1,2,3,0,0,0,4,0,0,33,0,Seraphin,Washington
Martell Webster,1,Martell,5,0,1,1,1,0,1,N/A,1,3,1,1,0,0,0,0,0,100,100,Webster,Washington
Rasual Butler,0,Rasual,1,0,0,0,0,0,0,N/A,0,0,0,0,0,0,0,0,0,0,0,Butler,Washington
Drew Gooden,N/A,Drew,N/A,N/A,N/A,N/A,N/A,N/A,N/A,N/A,N/A,N/A,N/A,N/A,N/A,N/A,N/A,N/A,N/A,N/A,N/A,Gooden,Washington
Andre Miller,N/A,Andre,N/A,N/A,N/A,N/A,N/A,N/A,N/A,N/A,N/A,N/A,N/A,N/A,N/A,N/A,N/A,N/A,N/A,N/A,N/A,Miller,Washington
DeMarre Carroll,1,DeMarre,33,2,7,0,3,0,4,F,2,14,10,1,4,0,2,3,75,40,43,Carroll,Atlanta
Paul Millsap,1,Paul,33,7,3,1,2,0,4,F,4,11,7,3,2,1,7,1,50,57,67,Millsap,Atlanta
Al Horford,1,Al,34,13,0,2,0,6,10,C,0,21,24,1,1,1,7,1,100,42,0,Horford,Atlanta
Kyle Korver,1,Kyle,37,5,6,6,1,0,1,G,2,6,7,0,3,0,5,3,100,14,17,Korver,Atlanta
Jeff Teague,4,Jeff,31,2,4,8,2,0,9,G,5,26,13,2,8,0,2,6,75,69,50,Teague,Atlanta
Pero Antic,1,Pero,14,6,2,1,1,1,3,N/A,2,9,5,0,4,0,5,2,50,60,50,Antic,Atlanta
Kent Bazemore,4,Kent,24,5,1,1,1,2,1,N/A,2,3,2,0,2,0,3,0,0,50,100,Bazemore,Atlanta
Dennis Schroder,1,Dennis,18,3,0,4,0,0,4,N/A,3,10,8,0,3,0,3,2,67,50,0,Schroder,Atlanta
Mike Scott,0,Mike,14,3,2,1,1,0,2,N/A,2,5,4,0,0,0,3,0,0,50,50,Scott,Atlanta
John Jenkins,0,John,1,0,0,0,0,0,0,N/A,0,0,0,0,0,0,0,0,0,0,0,Jenkins,Atlanta
Elton Brand,N/A,Elton,N/A,N/A,N/A,N/A,N/A,N/A,N/A,N/A,N/A,N/A,N/A,N/A,N/A,N/A,N/A,N/A,N/A,N/A,N/A,Brand,Atlanta
Mike Muscala,N/A,Mike,N/A,N/A,N/A,N/A,N/A,N/A,N/A,N/A,N/A,N/A,N/A,N/A,N/A,N/A,N/A,N/A,N/A,N/A,N/A,Muscala,Atlanta
Adreian Payne,N/A,Adreian,N/A,N/A,N/A,N/A,N/A,N/A,N/A,N/A,N/A,N/A,N/A,N/A,N/A,N/A,N/A,N/A,N/A,N/A,N/A,Payne,Atlanta
