PLAYER_NAME,FIRST_NAME,MIN,FGM,REB,FG3A,AST,FG3M,OREB,TO,START_POSITION,PF,PTS,FGA,STL,FTA,BLK,DREB,FTM,FT_PCT,FG_PCT,FG3_PCT,SECOND_NAME,TEAM_CITY
Thabo Sefolosha,Thabo,35,2,5,3,1,1,2,1,F,3,5,6,1,0,0,3,0,0,33,33,Sefolosha,Atlanta
Paul Millsap,Paul,36,7,5,4,1,2,1,3,F,5,21,16,0,6,0,4,5,83,44,50,Millsap,Atlanta
Dwight Howard,Dwight,27,3,17,0,2,0,2,3,C,4,7,5,0,4,3,15,1,25,60,0,Howard,Atlanta
Kent Bazemore,Kent,33,8,6,6,3,4,1,1,G,2,25,13,0,7,0,5,5,71,62,67,Bazemore,Atlanta
Dennis Schroder,Dennis,32,10,2,6,6,3,1,4,G,3,28,16,0,5,0,1,5,100,63,50,Schroder,Atlanta
Mike Muscala,Mike,22,5,3,2,2,0,3,2,N/A,0,10,8,0,0,1,0,0,0,63,0,Muscala,Atlanta
Tim Hardaway Jr.,Tim,29,3,2,7,2,1,1,1,N/A,0,8,11,0,2,0,1,1,50,27,14,Hardaway,Atlanta
Kris Humphries,Kris,4,0,2,1,1,0,0,0,N/A,1,0,1,0,0,0,2,0,0,0,0,Humphries,Atlanta
Malcolm Delaney,Malcolm,14,2,4,0,4,0,0,3,N/A,2,4,3,0,0,0,4,0,0,67,0,Delaney,Atlanta
Taurean Prince,Taurean,9,1,4,0,0,0,0,1,N/A,1,2,2,0,0,0,4,0,0,50,0,Prince,Atlanta
DeAndre' Bembry,DeAndre',N/A,N/A,N/A,N/A,N/A,N/A,N/A,N/A,N/A,N/A,N/A,N/A,N/A,N/A,N/A,N/A,N/A,N/A,N/A,N/A,Bembry,Atlanta
Ryan Kelly,Ryan,N/A,N/A,N/A,N/A,N/A,N/A,N/A,N/A,N/A,N/A,N/A,N/A,N/A,N/A,N/A,N/A,N/A,N/A,N/A,N/A,Kelly,Atlanta
Kyle Korver,Kyle,N/A,N/A,N/A,N/A,N/A,N/A,N/A,N/A,N/A,N/A,N/A,N/A,N/A,N/A,N/A,N/A,N/A,N/A,N/A,N/A,Korver,Atlanta
LeBron James,LeBron,37,8,9,5,5,2,2,1,F,3,23,17,3,5,0,7,5,100,47,40,James,Cleveland
Kevin Love,Kevin,38,7,12,4,3,0,6,2,F,4,24,17,3,11,0,6,10,91,41,0,Love,Cleveland
Tristan Thompson,Tristan,25,0,2,0,0,0,0,0,C,3,0,0,1,2,0,2,0,0,0,0,Thompson,Cleveland
JR Smith,JR,32,2,2,10,3,2,1,1,G,1,6,13,2,0,0,1,0,0,15,20,Smith,Cleveland
Kyrie Irving,Kyrie,39,11,1,7,4,1,0,0,G,3,29,27,0,7,1,1,6,86,41,14,Irving,Cleveland
Channing Frye,Channing,27,5,7,8,1,3,2,0,N/A,0,13,15,0,0,0,5,0,0,33,38,Frye,Cleveland
Mike Dunleavy,Mike,13,1,1,4,1,1,0,0,N/A,2,3,4,1,0,0,1,0,0,25,25,Dunleavy,Cleveland
Richard Jefferson,Richard,7,1,0,2,0,1,0,0,N/A,2,3,2,0,0,0,0,0,0,50,50,Jefferson,Cleveland
Iman Shumpert,Iman,22,2,5,2,4,1,2,2,N/A,2,5,4,2,0,0,3,0,0,50,50,Shumpert,Cleveland
Chris Andersen,Chris,N/A,N/A,N/A,N/A,N/A,N/A,N/A,N/A,N/A,N/A,N/A,N/A,N/A,N/A,N/A,N/A,N/A,N/A,N/A,N/A,Andersen,Cleveland
Kay Felder,Kay,N/A,N/A,N/A,N/A,N/A,N/A,N/A,N/A,N/A,N/A,N/A,N/A,N/A,N/A,N/A,N/A,N/A,N/A,N/A,N/A,Felder,Cleveland
James Jones,James,N/A,N/A,N/A,N/A,N/A,N/A,N/A,N/A,N/A,N/A,N/A,N/A,N/A,N/A,N/A,N/A,N/A,N/A,N/A,N/A,Jones,Cleveland
Jordan McRae,Jordan,N/A,N/A,N/A,N/A,N/A,N/A,N/A,N/A,N/A,N/A,N/A,N/A,N/A,N/A,N/A,N/A,N/A,N/A,N/A,N/A,McRae,Cleveland
