PLAYER_NAME,FIRST_NAME,MIN,FGM,REB,FG3A,AST,FG3M,OREB,TO,START_POSITION,PF,PTS,FGA,STL,FTA,BLK,DREB,FTM,FT_PCT,FG_PCT,FG3_PCT,SECOND_NAME,TEAM_CITY
Chandler Parsons,Chandler,23,3,4,2,1,0,0,1,F,2,9,6,0,3,0,4,3,100,50,0,Parsons,Memphis
JaMychal Green,JaMychal,27,2,6,0,0,0,4,1,F,2,8,6,0,4,2,2,4,100,33,0,Green,Memphis
Marc Gasol,Marc,33,9,5,6,0,2,0,6,C,2,22,17,1,4,0,5,2,50,53,33,Gasol,Memphis
James Ennis III,James,22,0,3,1,1,0,1,0,G,5,0,2,0,0,0,2,0,0,0,0,Ennis,Memphis
Mike Conley,Mike,31,7,3,5,7,2,0,0,G,0,18,14,1,2,0,3,2,100,50,40,Conley,Memphis
Vince Carter,Vince,31,6,7,5,2,3,1,3,N/A,3,20,11,1,6,0,6,5,83,55,60,Carter,Memphis
Andrew Harrison,Andrew,26,1,2,2,2,1,0,1,N/A,5,5,4,0,2,0,2,2,100,25,50,Harrison,Memphis
Zach Randolph,Zach,23,7,10,0,0,0,5,2,N/A,4,18,13,0,4,0,5,4,100,54,0,Randolph,Memphis
Deyonta Davis,Deyonta,13,1,3,0,0,0,2,1,N/A,3,2,3,1,1,0,1,0,0,33,0,Davis,Memphis
Jarell Martin,Jarell,11,0,1,0,0,0,1,1,N/A,0,0,0,0,0,0,0,0,0,0,0,Martin,Memphis
Wade Baldwin IV,Wade,N/A,N/A,N/A,N/A,N/A,N/A,N/A,N/A,N/A,N/A,N/A,N/A,N/A,N/A,N/A,N/A,N/A,N/A,N/A,N/A,Baldwin,Memphis
Troy Daniels,Troy,N/A,N/A,N/A,N/A,N/A,N/A,N/A,N/A,N/A,N/A,N/A,N/A,N/A,N/A,N/A,N/A,N/A,N/A,N/A,N/A,Daniels,Memphis
Troy Williams,Troy,N/A,N/A,N/A,N/A,N/A,N/A,N/A,N/A,N/A,N/A,N/A,N/A,N/A,N/A,N/A,N/A,N/A,N/A,N/A,N/A,Williams,Memphis
Gordon Hayward,Gordon,36,4,4,7,3,1,0,2,F,2,13,14,0,4,0,4,4,100,29,14,Hayward,Utah
Derrick Favors,Derrick,21,2,2,0,0,0,0,1,F,3,6,6,2,2,0,2,2,100,33,0,Favors,Utah
Rudy Gobert,Rudy,22,2,5,0,2,0,0,2,C,5,6,3,1,2,1,5,2,100,67,0,Gobert,Utah
Joe Ingles,Joe,33,7,4,7,2,4,0,0,G,4,20,11,1,2,0,4,2,100,64,57,Ingles,Utah
Dante Exum,Dante,30,4,3,3,2,0,1,1,G,4,9,9,0,2,0,2,1,50,44,0,Exum,Utah
Trey Lyles,Trey,32,6,5,6,2,1,1,1,N/A,2,18,12,2,6,0,4,5,83,50,17,Lyles,Utah
Shelvin Mack,Shelvin,28,7,3,3,4,2,2,1,N/A,2,17,9,0,2,0,1,1,50,78,67,Mack,Utah
Joe Johnson,Joe,15,0,1,1,1,0,1,0,N/A,0,1,4,1,2,0,0,1,50,0,0,Johnson,Utah
Boris Diaw,Boris,21,3,1,0,1,0,1,0,N/A,5,6,4,1,0,0,0,0,0,75,0,Diaw,Utah
Raul Neto,Raul,2,0,1,1,0,0,0,0,N/A,0,0,1,0,0,0,1,0,0,0,0,Neto,Utah
Joel Bolomboy,Joel,N/A,N/A,N/A,N/A,N/A,N/A,N/A,N/A,N/A,N/A,N/A,N/A,N/A,N/A,N/A,N/A,N/A,N/A,N/A,N/A,Bolomboy,Utah
George Hill,George,N/A,N/A,N/A,N/A,N/A,N/A,N/A,N/A,N/A,N/A,N/A,N/A,N/A,N/A,N/A,N/A,N/A,N/A,N/A,N/A,Hill,Utah
Jeff Withey,Jeff,N/A,N/A,N/A,N/A,N/A,N/A,N/A,N/A,N/A,N/A,N/A,N/A,N/A,N/A,N/A,N/A,N/A,N/A,N/A,N/A,Withey,Utah
