PLAYER_NAME,FIRST_NAME,MIN,FGM,REB,FG3A,AST,FG3M,OREB,TO,START_POSITION,PF,PTS,FGA,STL,FTA,BLK,DREB,FTM,FT_PCT,FG_PCT,FG3_PCT,SECOND_NAME,TEAM_CITY
Michael Kidd-Gilchrist,Michael,20,1,10,1,1,0,5,1,F,0,6,9,2,4,1,5,4,100,11,0,Kidd-Gilchrist,Charlotte
Marvin Williams,Marvin,28,4,2,4,2,2,0,0,F,1,13,7,2,4,0,2,3,75,57,50,Williams,Charlotte
Cody Zeller,Cody,31,4,7,0,1,0,1,1,C,3,8,9,0,0,2,6,0,0,44,0,Zeller,Charlotte
Nicolas Batum,Nicolas,35,4,10,7,3,4,1,4,G,4,13,13,0,2,0,9,1,50,31,57,Batum,Charlotte
Kemba Walker,Kemba,35,4,2,4,5,1,1,3,G,1,12,16,2,3,0,1,3,100,25,25,Walker,Charlotte
Marco Belinelli,Marco,28,4,3,3,2,1,0,1,N/A,3,14,9,1,5,0,3,5,100,44,33,Belinelli,Charlotte
Frank Kaminsky,Frank,20,1,4,2,0,1,0,1,N/A,0,6,8,1,4,0,4,3,75,13,50,Kaminsky,Charlotte
Roy Hibbert,Roy,17,2,3,0,0,0,1,1,N/A,2,6,3,0,2,1,2,2,100,67,0,Hibbert,Charlotte
Ramon Sessions,Ramon,13,2,0,2,2,1,0,0,N/A,0,8,4,0,4,0,0,3,75,50,50,Sessions,Charlotte
Jeremy Lamb,Jeremy,14,2,5,3,0,0,0,1,N/A,1,8,6,0,4,0,5,4,100,33,0,Lamb,Charlotte
Treveon Graham,Treveon,N/A,N/A,N/A,N/A,N/A,N/A,N/A,N/A,N/A,N/A,N/A,N/A,N/A,N/A,N/A,N/A,N/A,N/A,N/A,N/A,Graham,Charlotte
Spencer Hawes,Spencer,N/A,N/A,N/A,N/A,N/A,N/A,N/A,N/A,N/A,N/A,N/A,N/A,N/A,N/A,N/A,N/A,N/A,N/A,N/A,N/A,Hawes,Charlotte
Brian Roberts,Brian,N/A,N/A,N/A,N/A,N/A,N/A,N/A,N/A,N/A,N/A,N/A,N/A,N/A,N/A,N/A,N/A,N/A,N/A,N/A,N/A,Roberts,Charlotte
Paul George,Paul,36,9,5,7,3,3,0,4,F,1,22,17,1,1,0,5,1,100,53,43,George,Indiana
Thaddeus Young,Thaddeus,30,4,5,2,1,1,0,1,F,2,9,10,0,0,1,5,0,0,40,50,Young,Indiana
Myles Turner,Myles,34,9,7,7,0,4,0,0,C,3,22,16,1,0,4,7,0,0,56,57,Turner,Indiana
Glenn Robinson III,Glenn,33,1,6,2,2,1,1,0,G,2,3,2,1,0,3,5,0,0,50,50,Robinson,Indiana
Jeff Teague,Jeff,35,5,5,3,11,3,1,4,G,3,16,8,1,5,0,4,3,60,63,100,Teague,Indiana
Rodney Stuckey,Rodney,21,5,4,2,4,1,0,2,N/A,3,14,11,0,4,0,4,3,75,46,50,Stuckey,Indiana
Al Jefferson,Al,12,3,3,0,1,0,1,0,N/A,1,6,7,0,0,0,2,0,0,43,0,Jefferson,Indiana
Lavoy Allen,Lavoy,7,1,2,0,0,0,1,0,N/A,1,2,1,0,0,1,1,0,0,100,0,Allen,Indiana
Aaron Brooks,Aaron,13,2,3,4,1,1,1,0,N/A,2,5,5,0,0,0,2,0,0,40,25,Brooks,Indiana
CJ Miles,CJ,19,4,2,9,1,3,0,0,N/A,3,11,11,0,0,2,2,0,0,36,33,Miles,Indiana
Georges Niang,Georges,N/A,N/A,N/A,N/A,N/A,N/A,N/A,N/A,N/A,N/A,N/A,N/A,N/A,N/A,N/A,N/A,N/A,N/A,N/A,N/A,Niang,Indiana
Kevin Seraphin,Kevin,N/A,N/A,N/A,N/A,N/A,N/A,N/A,N/A,N/A,N/A,N/A,N/A,N/A,N/A,N/A,N/A,N/A,N/A,N/A,N/A,Seraphin,Indiana
Joe Young,Joe,N/A,N/A,N/A,N/A,N/A,N/A,N/A,N/A,N/A,N/A,N/A,N/A,N/A,N/A,N/A,N/A,N/A,N/A,N/A,N/A,Young,Indiana
