PLAYER_NAME,TO,FIRST_NAME,MIN,REB,FG3A,AST,FG3M,OREB,FGM,START_POSITION,PF,PTS,FGA,STL,FTA,BLK,DREB,FTM,FT_PCT,FG_PCT,FG3_PCT,SECOND_NAME,TEAM_CITY
DeMarre Carroll,4,DeMarre,35,5,7,2,4,1,8,F,3,21,16,2,2,0,4,1,50,50,57,Carroll,Toronto
Luis Scola,2,Luis,22,9,1,1,1,3,4,F,2,9,9,1,0,0,6,0,0,44,100,Scola,Toronto
Jonas Valanciunas,2,Jonas,23,10,0,2,0,1,2,C,4,6,6,0,2,0,9,2,100,33,0,Valanciunas,Toronto
DeMar DeRozan,3,DeMar,35,7,4,6,1,1,5,G,4,23,15,2,14,0,6,12,86,33,25,DeRozan,Toronto
Kyle Lowry,3,Kyle,34,7,1,9,0,1,3,G,4,14,11,3,10,2,6,8,80,27,0,Lowry,Toronto
Patrick Patterson,1,Patrick,25,0,5,0,2,0,2,N/A,3,8,6,1,2,0,0,2,100,33,40,Patterson,Toronto
Bismack Biyombo,1,Bismack,16,6,0,0,0,2,1,N/A,5,4,2,0,2,1,4,2,100,50,0,Biyombo,Toronto
Terrence Ross,2,Terrence,21,4,6,0,2,0,8,N/A,0,21,12,0,3,0,4,3,100,67,33,Ross,Toronto
Cory Joseph,1,Cory,18,1,2,2,1,0,3,N/A,4,7,5,1,0,0,1,0,0,60,50,Joseph,Toronto
Anthony Bennett,2,Anthony,3,3,0,0,0,0,0,N/A,3,0,0,1,0,0,3,0,0,0,0,Bennett,Toronto
James Johnson,0,James,8,1,0,1,0,0,0,N/A,1,0,0,0,0,0,1,0,0,0,0,Johnson,Toronto
Norman Powell,N/A,Norman,N/A,N/A,N/A,N/A,N/A,N/A,N/A,N/A,N/A,N/A,N/A,N/A,N/A,N/A,N/A,N/A,N/A,N/A,N/A,Powell,Toronto
Delon Wright,N/A,Delon,N/A,N/A,N/A,N/A,N/A,N/A,N/A,N/A,N/A,N/A,N/A,N/A,N/A,N/A,N/A,N/A,N/A,N/A,N/A,Wright,Toronto
Jae Crowder,2,Jae,34,4,2,4,0,1,1,F,3,7,6,3,6,1,3,5,83,17,0,Crowder,Boston
David Lee,1,David,17,6,0,2,0,2,2,F,2,6,5,1,2,0,4,2,100,40,0,Lee,Boston
Tyler Zeller,0,Tyler,16,0,0,1,0,0,4,C,3,10,8,0,2,0,0,2,100,50,0,Zeller,Boston
Avery Bradley,2,Avery,30,5,7,3,3,0,4,G,3,13,11,1,2,1,5,2,100,36,43,Bradley,Boston
Marcus Smart,0,Marcus,28,3,5,2,1,0,2,G,3,6,11,1,2,0,3,1,50,18,20,Smart,Boston
Isaiah Thomas,3,Isaiah,29,1,4,7,1,0,7,N/A,5,25,16,2,11,0,1,10,91,44,25,Thomas,Boston
Kelly Olynyk,0,Kelly,17,2,5,0,1,1,4,N/A,0,11,10,2,3,0,1,2,67,40,20,Olynyk,Boston
Amir Johnson,3,Amir,19,8,1,2,1,1,3,N/A,1,11,3,2,6,0,7,4,67,100,100,Johnson,Boston
Evan Turner,4,Evan,28,4,1,1,0,1,2,N/A,2,6,11,1,4,0,3,2,50,18,0,Turner,Boston
Jared Sullinger,1,Jared,14,3,0,1,0,0,3,N/A,6,6,3,1,1,1,3,0,0,100,0,Sullinger,Boston
Jonas Jerebko,1,Jonas,8,2,1,0,0,1,0,N/A,0,2,1,0,2,0,1,2,100,0,0,Jerebko,Boston
RJ Hunter,N/A,RJ,N/A,N/A,N/A,N/A,N/A,N/A,N/A,N/A,N/A,N/A,N/A,N/A,N/A,N/A,N/A,N/A,N/A,N/A,N/A,Hunter,Boston
Terry Rozier,N/A,Terry,N/A,N/A,N/A,N/A,N/A,N/A,N/A,N/A,N/A,N/A,N/A,N/A,N/A,N/A,N/A,N/A,N/A,N/A,N/A,Rozier,Boston
