PLAYER_NAME,FIRST_NAME,MIN,FGM,REB,FG3A,AST,FG3M,OREB,TO,START_POSITION,PF,PTS,FGA,STL,FTA,BLK,DREB,FTM,FT_PCT,FG_PCT,FG3_PCT,SECOND_NAME,TEAM_CITY
Marcus Morris,Marcus,24,5,7,2,0,1,2,0,F,2,13,9,0,2,0,5,2,100,56,50,Morris,Detroit
Tobias Harris,Tobias,26,6,2,4,2,1,1,0,F,2,17,11,1,5,0,1,4,80,55,25,Harris,Detroit
Andre Drummond,Andre,27,4,14,1,1,0,5,1,C,2,8,12,0,0,0,9,0,0,33,0,Drummond,Detroit
Kentavious Caldwell-Pope,Kentavious,27,3,2,2,3,0,1,0,G,1,11,10,1,5,0,1,5,100,30,0,Caldwell-Pope,Detroit
Reggie Jackson,Reggie,20,3,1,1,5,0,0,1,G,2,6,13,1,0,0,1,0,0,23,0,Jackson,Detroit
Ish Smith,Ish,21,6,1,0,3,0,0,2,N/A,2,12,12,1,0,0,1,0,0,50,0,Smith,Detroit
Jon Leuer,Jon,22,3,7,0,1,0,2,0,N/A,2,8,6,0,2,0,5,2,100,50,0,Leuer,Detroit
Stanley Johnson,Stanley,24,1,1,4,3,1,0,2,N/A,3,5,10,1,2,0,1,2,100,10,25,Johnson,Detroit
Reggie Bullock,Reggie,21,2,2,4,1,1,0,1,N/A,1,6,6,1,1,0,2,1,100,33,25,Bullock,Detroit
Aron Baynes,Aron,19,2,6,0,1,0,5,1,N/A,2,4,6,0,0,1,1,0,0,33,0,Baynes,Detroit
Darrun Hilliard,Darrun,7,1,1,1,0,0,0,0,N/A,0,2,2,0,0,0,1,0,0,50,0,Hilliard,Detroit
Boban Marjanovic,Boban,2,1,1,0,0,0,0,0,N/A,0,4,2,0,2,0,1,2,100,50,0,Marjanovic,Detroit
Beno Udrih,Beno,N/A,N/A,N/A,N/A,N/A,N/A,N/A,N/A,N/A,N/A,N/A,N/A,N/A,N/A,N/A,N/A,N/A,N/A,N/A,N/A,Udrih,Detroit
LeBron James,LeBron,28,6,11,2,12,0,0,2,F,0,16,12,0,5,0,11,4,80,50,0,James,Cleveland
Richard Jefferson,Richard,26,5,2,7,1,4,0,1,F,2,16,9,2,3,0,2,2,67,56,57,Jefferson,Cleveland
Tristan Thompson,Tristan,26,2,9,0,2,0,2,1,C,2,4,4,1,0,2,7,0,0,50,0,Thompson,Cleveland
Iman Shumpert,Iman,36,8,5,3,0,2,0,0,G,1,18,13,0,0,0,5,0,0,62,67,Shumpert,Cleveland
Kyrie Irving,Kyrie,30,9,1,4,6,4,1,2,G,1,26,14,0,4,0,0,4,100,64,100,Irving,Cleveland
JR Smith,JR,23,4,5,4,1,3,0,1,N/A,2,12,5,1,2,0,5,1,50,80,75,Smith,Cleveland
Derrick Williams,Derrick,21,4,0,5,1,3,0,0,N/A,2,13,8,0,4,0,0,2,50,50,60,Williams,Cleveland
Deron Williams,Deron,14,6,2,1,3,1,0,1,N/A,3,13,6,0,0,0,2,0,0,100,100,Williams,Cleveland
Channing Frye,Channing,20,2,3,3,1,2,0,0,N/A,2,6,4,0,0,1,3,0,0,50,67,Frye,Cleveland
DeAndre Liggins,DeAndre,7,0,2,0,2,0,0,1,N/A,1,2,0,0,2,0,2,2,100,0,0,Liggins,Cleveland
James Jones,James,6,0,1,1,0,0,0,0,N/A,0,2,1,0,3,0,1,2,67,0,0,Jones,Cleveland
Larry Sanders,Larry,2,0,0,0,0,0,0,0,N/A,2,0,1,0,0,0,0,0,0,0,0,Sanders,Cleveland
Kyle Korver,Kyle,N/A,N/A,N/A,N/A,N/A,N/A,N/A,N/A,N/A,N/A,N/A,N/A,N/A,N/A,N/A,N/A,N/A,N/A,N/A,N/A,Korver,Cleveland
