PLAYER_NAME,TO,FIRST_NAME,MIN,REB,FG3A,AST,FG3M,OREB,FGM,START_POSITION,PF,PTS,FGA,STL,FTA,BLK,DREB,FTM,FT_PCT,FG_PCT,FG3_PCT,SECOND_NAME,TEAM_CITY
Hollis Thompson,0,Hollis,33,3,7,1,4,2,5,F,4,14,12,0,0,1,1,0,0,42,57,Thompson,Philadelphia
Jerami Grant,2,Jerami,29,3,2,3,1,0,2,F,4,7,10,2,2,0,3,2,100,20,50,Grant,Philadelphia
Carl Landry,0,Carl,24,7,0,1,0,0,6,C,4,16,11,0,4,0,7,4,100,55,0,Landry,Philadelphia
Isaiah Canaan,1,Isaiah,27,2,10,3,3,0,4,G,1,11,11,0,0,0,2,0,0,36,30,Canaan,Philadelphia
Ish Smith,1,Ish,28,7,1,8,1,2,1,G,1,5,9,0,2,1,5,2,100,11,100,Smith,Philadelphia
Richaun Holmes,0,Richaun,15,4,1,1,0,0,2,N/A,3,6,4,1,2,0,4,2,100,50,0,Holmes,Philadelphia
Robert Covington,1,Robert,27,9,10,1,3,2,6,N/A,4,16,15,1,2,1,7,1,50,40,30,Covington,Philadelphia
Nik Stauskas,0,Nik,21,4,3,3,0,1,2,N/A,3,5,6,1,1,1,3,1,100,33,0,Stauskas,Philadelphia
TJ McConnell,2,TJ,20,3,1,5,1,1,7,N/A,2,17,10,2,2,0,2,2,100,70,100,McConnell,Philadelphia
Sonny Weems,1,Sonny,13,1,2,0,2,0,2,N/A,0,6,5,0,0,0,1,0,0,40,100,Weems,Philadelphia
Elton Brand,1,Elton,3,2,0,0,0,0,0,N/A,1,0,1,0,0,0,2,0,0,0,0,Brand,Philadelphia
Kendall Marshall,N/A,Kendall,N/A,N/A,N/A,N/A,N/A,N/A,N/A,N/A,N/A,N/A,N/A,N/A,N/A,N/A,N/A,N/A,N/A,N/A,N/A,Marshall,Philadelphia
Nerlens Noel,N/A,Nerlens,N/A,N/A,N/A,N/A,N/A,N/A,N/A,N/A,N/A,N/A,N/A,N/A,N/A,N/A,N/A,N/A,N/A,N/A,N/A,Noel,Philadelphia
JaKarr Sampson,0,JaKarr,17,2,0,0,0,0,3,F,3,9,5,0,4,2,2,3,75,60,0,Sampson,Denver
Darrell Arthur,3,Darrell,32,7,2,0,1,2,5,F,2,11,13,2,0,2,5,0,0,39,50,Arthur,Denver
Nikola Jokic,1,Nikola,27,8,0,5,0,1,5,C,1,18,6,1,12,0,7,8,67,83,0,Jokic,Denver
Gary Harris,0,Gary,36,5,2,0,1,2,6,G,1,18,11,0,5,0,3,5,100,55,50,Harris,Denver
Emmanuel Mudiay,1,Emmanuel,42,11,5,4,3,1,10,G,1,27,23,0,5,1,10,4,80,44,60,Mudiay,Denver
Will Barton,5,Will,26,4,1,3,0,1,0,N/A,1,2,3,0,2,0,3,2,100,0,0,Barton,Denver
Axel Toupane,1,Axel,15,2,3,1,1,0,1,N/A,2,3,4,0,0,0,2,0,0,25,33,Toupane,Denver
D.J. Augustin,2,D.J.,26,2,4,5,0,0,1,N/A,2,9,5,2,8,0,2,7,88,20,0,Augustin,Denver
Joffrey Lauvergne,1,Joffrey,4,0,0,0,0,0,1,N/A,1,2,2,0,0,0,0,0,0,50,0,Lauvergne,Denver
Jusuf Nurkic,2,Jusuf,16,5,0,0,0,0,1,N/A,5,5,4,2,4,4,5,3,75,25,0,Nurkic,Denver
Kenneth Faried,N/A,Kenneth,N/A,N/A,N/A,N/A,N/A,N/A,N/A,N/A,N/A,N/A,N/A,N/A,N/A,N/A,N/A,N/A,N/A,N/A,N/A,Faried,Denver
Mike Miller,N/A,Mike,N/A,N/A,N/A,N/A,N/A,N/A,N/A,N/A,N/A,N/A,N/A,N/A,N/A,N/A,N/A,N/A,N/A,N/A,N/A,Miller,Denver
Jameer Nelson,N/A,Jameer,N/A,N/A,N/A,N/A,N/A,N/A,N/A,N/A,N/A,N/A,N/A,N/A,N/A,N/A,N/A,N/A,N/A,N/A,N/A,Nelson,Denver
