PLAYER_NAME,TO,FIRST_NAME,MIN,REB,FG3A,AST,FG3M,OREB,FGM,START_POSITION,PF,PTS,FGA,STL,FTA,BLK,DREB,FTM,FT_PCT,FG_PCT,FG3_PCT,SECOND_NAME,TEAM_CITY
Luc Mbah a Moute,2,Luc,24,7,3,0,0,0,3,F,2,7,9,0,2,0,7,1,50,33,0,Mbah,Philadelphia
Robert Covington,2,Robert,22,1,3,0,2,0,2,F,1,8,6,1,3,0,1,2,67,33,67,Covington,Philadelphia
Nerlens Noel,0,Nerlens,24,6,0,0,0,2,3,C,2,7,6,1,2,1,4,1,50,50,0,Noel,Philadelphia
KJ McDaniels,4,KJ,29,5,3,1,1,2,2,G,0,6,9,2,4,1,3,1,25,22,33,McDaniels,Philadelphia
Michael Carter-Williams,5,Michael,26,3,5,6,2,0,3,G,1,10,12,0,2,0,3,2,100,25,40,Carter-Williams,Philadelphia
Jerami Grant,5,Jerami,26,2,4,1,2,0,5,N/A,3,16,10,0,8,0,2,4,50,50,50,Grant,Philadelphia
Henry Sims,0,Henry,8,4,0,1,0,1,1,N/A,1,2,2,0,0,0,3,0,0,50,0,Sims,Philadelphia
Larry Drew II,1,Larry,20,0,1,4,0,0,4,N/A,1,9,6,0,1,0,0,1,100,67,0,Drew,Philadelphia
Hollis Thompson,0,Hollis,20,4,2,1,1,3,2,N/A,2,5,8,0,0,0,1,0,0,25,50,Thompson,Philadelphia
JaKarr Sampson,1,JaKarr,17,3,3,1,1,1,4,N/A,3,9,9,0,0,0,2,0,0,44,33,Sampson,Philadelphia
Furkan Aldemir,1,Furkan,20,11,0,3,0,5,2,N/A,2,4,4,3,0,0,6,0,0,50,0,Aldemir,Philadelphia
Malcolm Thomas,2,Malcolm,5,2,0,0,0,1,0,N/A,1,0,0,0,0,0,1,0,0,0,0,Thomas,Philadelphia
Jeff Green,1,Jeff,28,1,2,1,2,0,6,F,0,18,11,0,4,0,1,4,100,55,100,Green,Memphis
Zach Randolph,3,Zach,27,14,1,4,1,2,8,F,2,17,11,0,0,0,12,0,0,73,100,Randolph,Memphis
Marc Gasol,2,Marc,25,7,0,4,0,0,3,C,4,9,5,2,5,4,7,3,60,60,0,Gasol,Memphis
Courtney Lee,2,Courtney,23,1,2,3,1,0,1,G,1,8,5,2,6,0,1,5,83,20,50,Lee,Memphis
Mike Conley,2,Mike,21,2,2,1,1,1,3,G,3,9,8,1,2,0,1,2,100,38,50,Conley,Memphis
Jon Leuer,2,Jon,17,5,0,1,0,0,2,N/A,1,6,5,0,2,0,5,2,100,40,0,Leuer,Memphis
Tony Allen,2,Tony,19,0,1,2,0,0,2,N/A,2,4,5,0,0,2,0,0,0,40,0,Allen,Memphis
Beno Udrih,1,Beno,27,4,1,5,0,2,3,N/A,1,6,9,2,0,0,2,0,0,33,0,Udrih,Memphis
Kosta Koufos,2,Kosta,23,5,0,0,0,1,1,N/A,2,7,4,0,6,0,4,5,83,25,0,Koufos,Memphis
Vince Carter,1,Vince,24,6,5,3,1,3,6,N/A,3,13,14,2,0,1,3,0,0,43,20,Carter,Memphis
Nick Calathes,0,Nick,7,2,0,0,0,0,2,N/A,1,4,2,1,0,0,2,0,0,100,0,Calathes,Memphis
Tyrus Thomas,N/A,Tyrus,N/A,N/A,N/A,N/A,N/A,N/A,N/A,N/A,N/A,N/A,N/A,N/A,N/A,N/A,N/A,N/A,N/A,N/A,N/A,Thomas,Memphis
