PLAYER_NAME,FIRST_NAME,MIN,FGM,REB,FG3A,AST,FG3M,OREB,TO,START_POSITION,PF,PTS,FGA,STL,FTA,BLK,DREB,FTM,FT_PCT,FG_PCT,FG3_PCT,SECOND_NAME,TEAM_CITY
DeMarre Carroll,DeMarre,40,1,5,3,1,0,0,0,F,3,4,4,3,2,0,5,2,100,25,0,Carroll,Toronto
Jakob Poeltl,Jakob,18,2,1,0,1,0,0,1,F,1,4,2,0,0,1,1,0,0,100,0,Poeltl,Toronto
Jonas Valanciunas,Jonas,22,6,9,0,0,0,5,1,C,2,12,11,0,0,0,4,0,0,55,0,Valanciunas,Toronto
DeMar DeRozan,DeMar,38,5,5,1,3,0,1,3,G,5,18,19,1,9,0,4,8,89,26,0,DeRozan,Toronto
Kyle Lowry,Kyle,38,8,3,11,4,4,0,5,G,5,22,17,1,2,0,3,2,100,47,36,Lowry,Toronto
Cory Joseph,Cory,28,4,5,1,1,1,1,1,N/A,1,10,8,1,2,0,4,1,50,50,100,Joseph,Toronto
Lucas Nogueira,Lucas,25,3,3,0,0,0,0,4,N/A,3,7,4,1,3,0,3,1,33,75,0,Nogueira,Toronto
Norman Powell,Norman,18,4,2,3,4,0,1,1,N/A,4,13,8,2,6,0,1,5,83,50,0,Powell,Toronto
Pascal Siakam,Pascal,5,1,0,0,0,0,0,0,N/A,1,2,2,0,0,0,0,0,0,50,0,Siakam,Toronto
Delon Wright,Delon,10,1,1,1,1,0,0,0,N/A,1,2,2,0,0,0,1,0,0,50,0,Wright,Toronto
Patrick Patterson,Patrick,N/A,N/A,N/A,N/A,N/A,N/A,N/A,N/A,N/A,N/A,N/A,N/A,N/A,N/A,N/A,N/A,N/A,N/A,N/A,N/A,Patterson,Toronto
Jared Sullinger,Jared,N/A,N/A,N/A,N/A,N/A,N/A,N/A,N/A,N/A,N/A,N/A,N/A,N/A,N/A,N/A,N/A,N/A,N/A,N/A,N/A,Sullinger,Toronto
Fred VanVleet,Fred,N/A,N/A,N/A,N/A,N/A,N/A,N/A,N/A,N/A,N/A,N/A,N/A,N/A,N/A,N/A,N/A,N/A,N/A,N/A,N/A,VanVleet,Toronto
Jimmy Butler,Jimmy,38,2,2,3,12,0,1,4,F,4,19,10,5,19,0,1,15,79,20,0,Butler,Chicago
Taj Gibson,Taj,27,6,4,1,0,0,0,0,F,2,14,9,0,2,0,4,2,100,67,0,Gibson,Chicago
Robin Lopez,Robin,21,4,6,0,0,0,2,3,C,1,8,12,0,0,2,4,0,0,33,0,Lopez,Chicago
Jerian Grant,Jerian,15,1,0,2,0,0,0,2,G,4,2,5,0,0,1,0,0,0,20,0,Grant,Chicago
Michael Carter-Williams,Michael,29,2,5,0,3,0,0,1,G,5,8,2,1,6,1,5,4,67,100,0,Carter-Williams,Chicago
Doug McDermott,Doug,32,8,5,4,1,2,0,0,N/A,3,20,13,0,2,0,5,2,100,62,50,McDermott,Chicago
Bobby Portis,Bobby,11,1,4,2,0,1,0,1,N/A,0,6,5,0,4,1,4,3,75,20,50,Portis,Chicago
Rajon Rondo,Rajon,24,5,3,2,4,2,1,5,N/A,0,12,8,0,0,0,2,0,0,63,100,Rondo,Chicago
Cristiano Felicio,Cristiano,27,4,6,0,1,0,3,0,N/A,3,10,6,2,2,0,3,2,100,67,0,Felicio,Chicago
Denzel Valentine,Denzel,15,2,2,3,1,2,0,1,N/A,1,6,3,0,0,0,2,0,0,67,67,Valentine,Chicago
Isaiah Canaan,Isaiah,0,0,0,0,0,0,0,0,N/A,0,0,0,0,0,0,0,0,0,0,0,Canaan,Chicago
Nikola Mirotic,Nikola,N/A,N/A,N/A,N/A,N/A,N/A,N/A,N/A,N/A,N/A,N/A,N/A,N/A,N/A,N/A,N/A,N/A,N/A,N/A,N/A,Mirotic,Chicago
Dwyane Wade,Dwyane,N/A,N/A,N/A,N/A,N/A,N/A,N/A,N/A,N/A,N/A,N/A,N/A,N/A,N/A,N/A,N/A,N/A,N/A,N/A,N/A,Wade,Chicago
