PLAYER_NAME,TO,FIRST_NAME,MIN,REB,FG3A,AST,FG3M,OREB,FGM,START_POSITION,PF,PTS,FGA,STL,FTA,BLK,DREB,FTM,FT_PCT,FG_PCT,FG3_PCT,SECOND_NAME,TEAM_CITY
Nicolas Batum,5,Nicolas,30,4,4,2,1,0,2,F,2,5,7,1,0,1,4,0,0,29,25,Batum,Portland
LaMarcus Aldridge,3,LaMarcus,35,8,0,3,0,0,9,F,1,24,18,1,6,1,8,6,100,50,0,Aldridge,Portland
Chris Kaman,1,Chris,24,5,0,2,0,2,2,C,3,6,5,0,2,2,3,2,100,40,0,Kaman,Portland
Wesley Matthews,2,Wesley,29,1,3,2,0,0,1,G,2,2,4,1,0,0,1,0,0,25,0,Matthews,Portland
Damian Lillard,1,Damian,36,2,5,5,0,0,9,G,2,23,17,0,6,0,2,5,83,53,0,Lillard,Portland
Meyers Leonard,1,Meyers,22,3,2,1,2,0,4,N/A,3,12,4,0,2,2,3,2,100,100,100,Leonard,Portland
Steve Blake,1,Steve,12,0,1,3,0,0,0,N/A,1,0,2,0,0,0,0,0,0,0,0,Blake,Portland
CJ McCollum,2,CJ,20,2,2,0,2,0,7,N/A,1,17,10,1,4,0,2,1,25,70,100,McCollum,Portland
Dorell Wright,0,Dorell,6,1,0,1,0,0,0,N/A,0,0,0,0,0,0,1,0,0,0,0,Wright,Portland
Thomas Robinson,0,Thomas,9,2,0,0,0,0,1,N/A,0,2,3,1,0,0,2,0,0,33,0,Robinson,Portland
Will Barton,0,Will,5,1,0,1,0,0,1,N/A,0,2,2,1,0,0,1,0,0,50,0,Barton,Portland
Allen Crabbe,0,Allen,5,1,1,0,1,0,1,N/A,0,3,1,0,0,0,1,0,0,100,100,Crabbe,Portland
Victor Claver,0,Victor,5,2,1,0,0,0,0,N/A,0,0,1,0,0,0,2,0,0,0,0,Claver,Portland
Kawhi Leonard,0,Kawhi,31,4,4,5,1,0,8,F,2,20,18,3,4,0,4,3,75,44,25,Leonard,San Antonio
Tim Duncan,1,Tim,30,12,0,6,0,3,4,F,2,11,7,1,3,2,9,3,100,57,0,Duncan,San Antonio
Tiago Splitter,2,Tiago,17,4,0,3,0,2,2,C,5,4,4,0,0,0,2,0,0,50,0,Splitter,San Antonio
Danny Green,1,Danny,34,5,5,2,4,0,6,G,1,19,8,2,3,0,5,3,100,75,80,Green,San Antonio
Tony Parker,3,Tony,28,2,2,7,1,1,8,G,3,17,17,2,0,0,1,0,0,47,50,Parker,San Antonio
Manu Ginobili,3,Manu,22,4,6,7,1,0,4,N/A,1,13,12,3,4,0,4,4,100,33,17,Ginobili,San Antonio
Boris Diaw,1,Boris,29,6,2,4,1,1,2,N/A,3,5,5,1,0,2,5,0,0,40,50,Diaw,San Antonio
Patty Mills,0,Patty,22,4,7,0,3,2,7,N/A,0,18,14,0,1,0,2,1,100,50,43,Mills,San Antonio
Aron Baynes,1,Aron,18,6,0,0,0,5,1,N/A,1,3,3,0,2,0,1,1,50,33,0,Baynes,San Antonio
Matt Bonner,0,Matt,3,0,3,0,0,0,0,N/A,0,0,3,0,0,0,0,0,0,0,0,Bonner,San Antonio
Cory Joseph,0,Cory,5,0,0,0,0,0,0,N/A,0,0,2,0,0,0,0,0,0,0,0,Joseph,San Antonio
Kyle Anderson,0,Kyle,2,2,0,0,0,1,0,N/A,0,0,1,0,0,0,1,0,0,0,0,Anderson,San Antonio
Jeff Ayres,N/A,Jeff,N/A,N/A,N/A,N/A,N/A,N/A,N/A,N/A,N/A,N/A,N/A,N/A,N/A,N/A,N/A,N/A,N/A,N/A,N/A,Ayres,San Antonio
