PLAYER_NAME,TO,FIRST_NAME,MIN,REB,FG3A,AST,FG3M,OREB,FGM,START_POSITION,PF,PTS,FGA,STL,FTA,BLK,DREB,FTM,FT_PCT,FG_PCT,FG3_PCT,SECOND_NAME,TEAM_CITY
PJ Hairston,1,PJ,17,3,3,0,0,0,1,F,2,4,5,0,2,0,3,2,100,20,0,Hairston,Charlotte
Marvin Williams,0,Marvin,27,4,2,0,1,0,4,F,1,9,7,1,0,0,4,0,0,57,50,Williams,Charlotte
Al Jefferson,0,Al,30,7,0,1,0,1,6,C,4,13,11,0,2,0,6,1,50,55,0,Jefferson,Charlotte
Nicolas Batum,4,Nicolas,32,4,2,4,1,1,2,G,3,10,6,3,5,0,3,5,100,33,50,Batum,Charlotte
Kemba Walker,3,Kemba,29,1,2,4,2,0,11,G,0,27,15,2,4,0,1,3,75,73,100,Walker,Charlotte
Cody Zeller,1,Cody,24,5,1,1,0,2,0,N/A,2,2,4,1,4,0,3,2,50,0,0,Zeller,Charlotte
Jeremy Lamb,2,Jeremy,23,4,3,0,0,2,2,N/A,2,4,8,0,2,0,2,0,0,25,0,Lamb,Charlotte
Jeremy Lin,2,Jeremy,22,3,4,2,1,0,4,N/A,2,12,10,0,6,0,3,3,50,40,25,Lin,Charlotte
Spencer Hawes,2,Spencer,14,2,0,0,0,0,2,N/A,1,4,3,0,0,0,2,0,0,67,0,Hawes,Charlotte
Frank Kaminsky,0,Frank,9,0,1,2,1,0,2,N/A,1,8,3,0,4,0,0,3,75,67,100,Kaminsky,Charlotte
Troy Daniels,0,Troy,4,0,0,1,0,0,0,N/A,0,0,0,0,0,0,0,0,0,0,0,Daniels,Charlotte
Brian Roberts,0,Brian,4,0,1,0,0,0,0,N/A,0,1,1,0,2,0,0,1,50,0,0,Roberts,Charlotte
Tyler Hansbrough,0,Tyler,4,0,0,0,0,0,0,N/A,0,0,0,0,0,0,0,0,0,0,0,Hansbrough,Charlotte
Kawhi Leonard,0,Kawhi,34,4,4,2,2,0,10,F,3,23,16,2,2,0,4,1,50,63,50,Leonard,San Antonio
LaMarcus Aldridge,1,LaMarcus,17,5,0,2,0,0,6,F,4,16,10,0,4,0,5,4,100,60,0,Aldridge,San Antonio
Tim Duncan,3,Tim,24,8,0,2,0,1,4,C,2,11,5,0,4,0,7,3,75,80,0,Duncan,San Antonio
Danny Green,0,Danny,27,3,3,4,1,1,2,G,2,8,7,2,3,1,2,3,100,29,33,Green,San Antonio
Tony Parker,4,Tony,25,1,0,6,0,0,2,G,1,7,5,2,6,0,1,3,50,40,0,Parker,San Antonio
David West,1,David,29,9,1,6,0,1,4,N/A,2,9,7,0,2,0,8,1,50,57,0,West,San Antonio
Manu Ginobili,1,Manu,18,3,6,3,3,0,5,N/A,2,13,9,3,0,0,3,0,0,56,50,Ginobili,San Antonio
Boris Diaw,0,Boris,16,2,0,4,0,1,2,N/A,2,4,3,0,0,1,1,0,0,67,0,Diaw,San Antonio
Patty Mills,1,Patty,19,2,6,4,3,0,6,N/A,3,15,9,2,0,0,2,0,0,67,50,Mills,San Antonio
Rasual Butler,1,Rasual,10,1,1,0,0,0,1,N/A,0,2,3,0,0,0,1,0,0,33,0,Butler,San Antonio
Kyle Anderson,0,Kyle,13,2,0,2,0,1,2,N/A,1,4,5,0,2,1,1,0,0,40,0,Anderson,San Antonio
Ray McCallum,0,Ray,4,1,0,0,0,0,0,N/A,1,0,0,0,0,0,1,0,0,0,0,McCallum,San Antonio
Boban Marjanovic,0,Boban,4,1,0,0,0,1,1,N/A,3,2,2,0,0,0,0,0,0,50,0,Marjanovic,San Antonio
