PLAYER_NAME,FIRST_NAME,MIN,FGM,REB,FG3A,AST,FG3M,OREB,TO,START_POSITION,PF,PTS,FGA,STL,FTA,BLK,DREB,FTM,FT_PCT,FG_PCT,FG3_PCT,SECOND_NAME,TEAM_CITY
Andre Roberson,Andre,31,6,4,2,3,1,1,0,F,3,13,8,2,0,0,3,0,0,75,50,Roberson,Oklahoma City
Taj Gibson,Taj,24,4,4,0,1,0,3,0,F,1,10,8,2,3,0,1,2,67,50,0,Gibson,Oklahoma City
Steven Adams,Steven,25,5,5,0,2,0,2,1,C,3,10,8,1,0,1,3,0,0,63,0,Adams,Oklahoma City
Victor Oladipo,Victor,28,9,5,3,2,3,2,2,G,0,23,15,0,3,0,3,2,67,60,100,Oladipo,Oklahoma City
Russell Westbrook,Russell,28,8,10,8,16,4,0,2,G,2,24,17,1,4,0,10,4,100,47,50,Westbrook,Oklahoma City
Enes Kanter,Enes,19,5,7,0,1,0,2,4,N/A,2,14,9,1,5,0,5,4,80,56,0,Kanter,Oklahoma City
Alex Abrines,Alex,20,3,2,6,2,2,0,1,N/A,1,10,7,2,2,0,2,2,100,43,33,Abrines,Oklahoma City
Domantas Sabonis,Domantas,19,3,6,1,2,1,0,1,N/A,6,8,7,0,2,0,6,1,50,43,100,Sabonis,Oklahoma City
Semaj Christon,Semaj,21,0,2,0,1,0,0,2,N/A,1,0,1,1,0,0,2,0,0,0,0,Christon,Oklahoma City
Doug McDermott,Doug,16,2,2,4,1,2,0,1,N/A,2,6,5,0,0,0,2,0,0,40,50,McDermott,Oklahoma City
Jerami Grant,Jerami,7,2,0,1,0,1,0,2,N/A,1,5,2,0,0,0,0,0,0,100,100,Grant,Oklahoma City
Norris Cole,Norris,3,0,0,0,2,0,0,2,N/A,0,0,1,0,0,0,0,0,0,0,0,Cole,Oklahoma City
Nick Collison,Nick,N/A,N/A,N/A,N/A,N/A,N/A,N/A,N/A,N/A,N/A,N/A,N/A,N/A,N/A,N/A,N/A,N/A,N/A,N/A,N/A,Collison,Oklahoma City
DeMarre Carroll,DeMarre,15,1,3,2,0,0,1,1,F,1,2,3,1,0,1,2,0,0,33,0,Carroll,Toronto
Serge Ibaka,Serge,27,5,3,4,1,0,0,3,F,3,10,11,0,0,1,3,0,0,46,0,Ibaka,Toronto
Jonas Valanciunas,Jonas,17,3,5,0,0,0,2,1,C,3,7,7,0,1,2,3,1,100,43,0,Valanciunas,Toronto
DeMar DeRozan,DeMar,29,8,3,1,3,0,0,3,G,1,22,14,0,7,0,3,6,86,57,0,DeRozan,Toronto
Cory Joseph,Cory,30,5,2,1,6,1,0,2,G,2,11,8,2,2,0,2,0,0,63,100,Joseph,Toronto
Jakob Poeltl,Jakob,17,2,2,0,0,0,1,0,N/A,2,6,3,0,2,2,1,2,100,67,0,Poeltl,Toronto
PJ Tucker,PJ,18,2,3,3,1,1,0,1,N/A,0,6,6,0,2,1,3,1,50,33,33,Tucker,Toronto
Patrick Patterson,Patrick,22,0,4,3,1,0,1,1,N/A,3,3,4,2,4,0,3,3,75,0,0,Patterson,Toronto
Delon Wright,Delon,20,2,2,1,1,0,0,1,N/A,2,10,6,2,7,0,2,6,86,33,0,Wright,Toronto
Norman Powell,Norman,22,4,4,3,0,1,1,0,N/A,3,13,12,0,5,0,3,4,80,33,33,Powell,Toronto
Fred VanVleet,Fred,12,2,1,1,2,1,0,1,N/A,0,5,4,2,0,1,1,0,0,50,100,VanVleet,Toronto
Pascal Siakam,Pascal,6,3,0,1,0,1,0,0,N/A,0,7,3,0,0,1,0,0,0,100,100,Siakam,Toronto
Lucas Nogueira,Lucas,6,0,0,0,0,0,0,0,N/A,0,0,0,1,0,1,0,0,0,0,0,Nogueira,Toronto
