PLAYER_NAME,FIRST_NAME,MIN,FGM,REB,FG3A,AST,FG3M,OREB,TO,START_POSITION,PF,PTS,FGA,STL,FTA,BLK,DREB,FTM,FT_PCT,FG_PCT,FG3_PCT,SECOND_NAME,TEAM_CITY
PJ Tucker,PJ,34,3,9,6,3,1,1,1,F,1,9,8,4,2,0,8,2,100,38,17,Tucker,Toronto
Serge Ibaka,Serge,32,8,8,2,1,2,2,0,F,4,18,16,0,0,0,6,0,0,50,100,Ibaka,Toronto
Jonas Valanciunas,Jonas,22,4,6,0,1,0,3,0,C,2,9,9,1,1,0,3,1,100,44,0,Valanciunas,Toronto
DeMar DeRozan,DeMar,37,8,3,2,6,1,0,3,G,3,18,17,1,2,1,3,1,50,47,50,DeRozan,Toronto
Cory Joseph,Cory,36,4,7,2,5,0,3,2,G,2,8,11,0,0,0,4,0,0,36,0,Joseph,Toronto
Jakob Poeltl,Jakob,18,2,3,0,0,0,0,1,N/A,2,4,2,1,0,1,3,0,0,100,0,Poeltl,Toronto
Delon Wright,Delon,24,3,3,3,4,1,1,4,N/A,3,8,7,1,2,1,2,1,50,43,33,Wright,Toronto
Patrick Patterson,Patrick,24,5,5,4,1,4,2,0,N/A,2,14,6,0,0,0,3,0,0,83,100,Patterson,Toronto
Norman Powell,Norman,14,2,0,2,1,0,0,3,N/A,2,6,5,1,2,0,0,2,100,40,0,Powell,Toronto
DeMarre Carroll,DeMarre,N/A,N/A,N/A,N/A,N/A,N/A,N/A,N/A,N/A,N/A,N/A,N/A,N/A,N/A,N/A,N/A,N/A,N/A,N/A,N/A,Carroll,Toronto
Lucas Nogueira,Lucas,N/A,N/A,N/A,N/A,N/A,N/A,N/A,N/A,N/A,N/A,N/A,N/A,N/A,N/A,N/A,N/A,N/A,N/A,N/A,N/A,Nogueira,Toronto
Pascal Siakam,Pascal,N/A,N/A,N/A,N/A,N/A,N/A,N/A,N/A,N/A,N/A,N/A,N/A,N/A,N/A,N/A,N/A,N/A,N/A,N/A,N/A,Siakam,Toronto
Fred VanVleet,Fred,N/A,N/A,N/A,N/A,N/A,N/A,N/A,N/A,N/A,N/A,N/A,N/A,N/A,N/A,N/A,N/A,N/A,N/A,N/A,N/A,VanVleet,Toronto
Harrison Barnes,Harrison,37,8,7,2,2,0,1,0,F,0,23,17,3,7,0,6,7,100,47,0,Barnes,Dallas
Dirk Nowitzki,Dirk,29,4,5,2,0,1,1,1,F,4,9,11,0,0,0,4,0,0,36,50,Nowitzki,Dallas
Nerlens Noel,Nerlens,25,1,8,0,0,0,5,1,C,3,3,3,0,1,1,3,1,100,33,0,Noel,Dallas
Wesley Matthews,Wesley,34,2,6,7,5,0,1,3,G,2,4,12,2,2,2,5,0,0,17,0,Matthews,Dallas
Seth Curry,Seth,30,4,1,6,2,2,0,0,G,1,11,10,1,1,0,1,1,100,40,33,Curry,Dallas
J.J. Barea,J.J.,18,3,1,4,3,2,0,2,N/A,2,9,8,0,2,0,1,1,50,38,50,Barea,Dallas
Salah Mejri,Salah,15,1,5,0,1,0,2,0,N/A,1,2,2,0,0,0,3,0,0,50,0,Mejri,Dallas
Devin Harris,Devin,18,3,1,2,3,0,0,2,N/A,2,7,5,2,1,0,1,1,100,60,0,Harris,Dallas
Dorian Finney-Smith,Dorian,12,1,1,1,0,0,1,1,N/A,0,6,3,1,4,0,0,4,100,33,0,Finney-Smith,Dallas
Dwight Powell,Dwight,4,0,1,0,0,0,1,0,N/A,0,2,1,0,2,1,0,2,100,0,0,Powell,Dallas
Yogi Ferrell,Yogi,18,4,4,4,4,2,0,2,N/A,1,10,10,1,0,0,4,0,0,40,50,Ferrell,Dallas
Nicolas Brussino,Nicolas,N/A,N/A,N/A,N/A,N/A,N/A,N/A,N/A,N/A,N/A,N/A,N/A,N/A,N/A,N/A,N/A,N/A,N/A,N/A,N/A,Brussino,Dallas
AJ Hammons,AJ,N/A,N/A,N/A,N/A,N/A,N/A,N/A,N/A,N/A,N/A,N/A,N/A,N/A,N/A,N/A,N/A,N/A,N/A,N/A,N/A,Hammons,Dallas
