PLAYER_NAME,FIRST_NAME,MIN,FGM,REB,FG3A,AST,FG3M,OREB,TO,START_POSITION,PF,PTS,FGA,STL,FTA,BLK,DREB,FTM,FT_PCT,FG_PCT,FG3_PCT,SECOND_NAME,TEAM_CITY
Jeff Green,Jeff,31,4,4,4,4,1,1,3,F,0,11,9,1,2,0,3,2,100,44,25,Green,Orlando
Serge Ibaka,Serge,37,6,9,4,1,3,2,3,F,3,21,11,2,6,3,7,6,100,55,75,Ibaka,Orlando
Nikola Vucevic,Nikola,28,4,11,1,2,0,3,3,C,3,8,12,0,0,1,8,0,0,33,0,Vucevic,Orlando
Evan Fournier,Evan,37,6,5,5,2,2,0,5,G,1,18,13,0,4,0,5,4,100,46,40,Fournier,Orlando
Elfrid Payton,Elfrid,35,4,8,3,7,0,0,1,G,2,8,9,3,2,0,8,0,0,44,0,Payton,Orlando
Aaron Gordon,Aaron,21,1,4,3,0,0,0,2,N/A,2,5,5,1,6,0,4,3,50,20,0,Gordon,Orlando
Bismack Biyombo,Bismack,22,6,10,0,1,0,3,2,N/A,2,13,8,0,2,1,7,1,50,75,0,Biyombo,Orlando
Damjan Rudez,Damjan,5,0,0,2,0,0,0,3,N/A,1,0,2,0,0,0,0,0,0,0,0,Rudez,Orlando
D.J. Augustin,D.J.,13,0,3,2,3,0,1,2,N/A,2,2,6,0,2,0,2,2,100,0,0,Augustin,Orlando
C.J. Watson,C.J.,10,1,0,1,1,1,0,0,N/A,2,3,2,1,0,0,0,0,0,50,100,Watson,Orlando
Mario Hezonja,Mario,N/A,N/A,N/A,N/A,N/A,N/A,N/A,N/A,N/A,N/A,N/A,N/A,N/A,N/A,N/A,N/A,N/A,N/A,N/A,N/A,Hezonja,Orlando
CJ Wilcox,CJ,N/A,N/A,N/A,N/A,N/A,N/A,N/A,N/A,N/A,N/A,N/A,N/A,N/A,N/A,N/A,N/A,N/A,N/A,N/A,N/A,Wilcox,Orlando
Stephen Zimmerman,Stephen,N/A,N/A,N/A,N/A,N/A,N/A,N/A,N/A,N/A,N/A,N/A,N/A,N/A,N/A,N/A,N/A,N/A,N/A,N/A,N/A,Zimmerman,Orlando
Giannis Antetokounmpo,Giannis,39,6,11,2,10,0,2,4,F,4,21,13,5,9,3,9,9,100,46,0,Antetokounmpo,Milwaukee
Jabari Parker,Jabari,35,8,3,7,3,5,0,0,F,0,22,17,3,5,0,3,1,20,47,71,Parker,Milwaukee
John Henson,John,22,1,2,0,2,0,0,0,C,3,2,5,0,0,3,2,0,0,20,0,Henson,Milwaukee
Tony Snell,Tony,25,3,2,4,1,1,0,0,G,0,7,7,1,0,1,2,0,0,43,25,Snell,Milwaukee
Matthew Dellavedova,Matthew,27,3,1,5,4,1,0,6,G,4,7,7,1,0,0,1,0,0,43,20,Dellavedova,Milwaukee
Malcolm Brogdon,Malcolm,21,1,2,3,3,0,1,2,N/A,1,5,6,1,3,0,1,3,100,17,0,Brogdon,Milwaukee
Mirza Teletovic,Mirza,13,2,5,5,0,1,0,0,N/A,3,7,6,1,4,0,5,2,50,33,20,Teletovic,Milwaukee
Michael Beasley,Michael,20,7,3,1,1,0,1,0,N/A,2,14,14,0,0,0,2,0,0,50,0,Beasley,Milwaukee
Miles Plumlee,Miles,10,1,4,0,0,0,3,1,N/A,3,2,3,1,0,0,1,0,0,33,0,Plumlee,Milwaukee
Jason Terry,Jason,20,2,2,2,1,0,0,0,N/A,1,4,4,2,0,1,2,0,0,50,0,Terry,Milwaukee
Greg Monroe,Greg,8,1,2,0,0,0,0,0,N/A,1,2,4,1,0,1,2,0,0,25,0,Monroe,Milwaukee
Thon Maker,Thon,N/A,N/A,N/A,N/A,N/A,N/A,N/A,N/A,N/A,N/A,N/A,N/A,N/A,N/A,N/A,N/A,N/A,N/A,N/A,N/A,Maker,Milwaukee
Steve Novak,Steve,N/A,N/A,N/A,N/A,N/A,N/A,N/A,N/A,N/A,N/A,N/A,N/A,N/A,N/A,N/A,N/A,N/A,N/A,N/A,N/A,Novak,Milwaukee
