PLAYER_NAME,FIRST_NAME,MIN,FGM,REB,FG3A,AST,FG3M,OREB,TO,START_POSITION,PF,PTS,FGA,STL,FTA,BLK,DREB,FTM,FT_PCT,FG_PCT,FG3_PCT,SECOND_NAME,TEAM_CITY
Kawhi Leonard,Kawhi,35,8,10,7,4,3,2,2,F,1,25,18,0,6,2,8,6,100,44,43,Leonard,San Antonio
LaMarcus Aldridge,LaMarcus,32,4,4,0,4,0,3,0,F,2,10,12,0,4,2,1,2,50,33,0,Aldridge,San Antonio
Pau Gasol,Pau,17,0,5,1,2,0,0,1,C,1,0,5,0,0,1,5,0,0,0,0,Gasol,San Antonio
Danny Green,Danny,32,3,7,4,2,3,0,1,G,1,11,4,0,2,3,7,2,100,75,75,Green,San Antonio
Tony Parker,Tony,24,3,2,0,4,0,0,2,G,2,7,7,1,1,0,2,1,100,43,0,Parker,San Antonio
Patty Mills,Patty,24,6,1,3,1,2,0,4,N/A,2,19,8,1,5,0,1,5,100,75,67,Mills,San Antonio
David Lee,David,18,6,12,0,3,0,7,3,N/A,0,15,9,0,3,0,5,3,100,67,0,Lee,San Antonio
Davis Bertans,Davis,23,6,2,5,0,3,0,0,N/A,0,15,8,1,0,0,2,0,0,75,60,Bertans,San Antonio
Jonathon Simmons,Jonathon,13,2,0,0,2,0,0,1,N/A,1,4,4,1,0,0,0,0,0,50,0,Simmons,San Antonio
Manu Ginobili,Manu,22,0,2,4,2,0,1,2,N/A,2,3,6,0,4,0,1,3,75,0,0,Ginobili,San Antonio
Kyle Anderson,Kyle,N/A,N/A,N/A,N/A,N/A,N/A,N/A,N/A,N/A,N/A,N/A,N/A,N/A,N/A,N/A,N/A,N/A,N/A,N/A,N/A,Anderson,San Antonio
Nicolas Laprovittola,Nicolas,N/A,N/A,N/A,N/A,N/A,N/A,N/A,N/A,N/A,N/A,N/A,N/A,N/A,N/A,N/A,N/A,N/A,N/A,N/A,N/A,Laprovittola,San Antonio
Dejounte Murray,Dejounte,N/A,N/A,N/A,N/A,N/A,N/A,N/A,N/A,N/A,N/A,N/A,N/A,N/A,N/A,N/A,N/A,N/A,N/A,N/A,N/A,Murray,San Antonio
Jae Crowder,Jae,28,7,3,9,5,4,0,1,F,4,18,12,1,0,0,3,0,0,58,44,Crowder,Boston
Amir Johnson,Amir,17,0,2,1,0,0,1,1,F,4,0,5,1,0,1,1,0,0,0,0,Johnson,Boston
Al Horford,Al,35,6,10,3,4,0,2,3,C,3,12,13,0,0,3,8,0,0,46,0,Horford,Boston
Avery Bradley,Avery,38,8,8,4,3,3,1,1,G,2,19,15,0,0,0,7,0,0,53,75,Bradley,Boston
Isaiah Thomas,Isaiah,36,9,1,9,8,3,0,2,G,2,24,21,0,4,0,1,3,75,43,33,Thomas,Boston
Jonas Jerebko,Jonas,11,3,3,1,0,1,0,0,N/A,0,7,4,0,0,0,3,0,0,75,100,Jerebko,Boston
Marcus Smart,Marcus,27,3,4,3,10,0,3,1,N/A,3,9,9,1,3,0,1,3,100,33,0,Smart,Boston
Terry Rozier,Terry,20,1,2,2,1,0,0,1,N/A,2,3,3,2,1,0,2,1,100,33,0,Rozier,Boston
Kelly Olynyk,Kelly,20,4,1,2,1,1,1,0,N/A,0,9,6,3,0,0,0,0,0,67,50,Olynyk,Boston
Jaylen Brown,Jaylen,6,1,2,0,0,0,0,0,N/A,1,2,3,0,1,0,2,0,0,33,0,Brown,Boston
Tyler Zeller,Tyler,2,0,0,0,0,0,0,0,N/A,0,0,0,0,0,0,0,0,0,0,0,Zeller,Boston
Gerald Green,Gerald,N/A,N/A,N/A,N/A,N/A,N/A,N/A,N/A,N/A,N/A,N/A,N/A,N/A,N/A,N/A,N/A,N/A,N/A,N/A,N/A,Green,Boston
James Young,James,N/A,N/A,N/A,N/A,N/A,N/A,N/A,N/A,N/A,N/A,N/A,N/A,N/A,N/A,N/A,N/A,N/A,N/A,N/A,N/A,Young,Boston
