PLAYER_NAME,FIRST_NAME,MIN,FGM,REB,FG3A,AST,FG3M,OREB,TO,START_POSITION,PF,PTS,FGA,STL,FTA,BLK,DREB,FTM,FT_PCT,FG_PCT,FG3_PCT,SECOND_NAME,TEAM_CITY
TJ Warren,TJ,33,9,4,3,1,0,2,2,F,2,20,16,2,2,3,2,2,100,56,0,Warren,Phoenix
Marquese Chriss,Marquese,17,3,3,2,2,0,0,0,F,2,6,7,1,1,1,3,0,0,43,0,Chriss,Phoenix
Tyson Chandler,Tyson,24,3,13,0,0,0,5,0,C,2,11,6,0,6,2,8,5,83,50,0,Chandler,Phoenix
Devin Booker,Devin,37,5,2,8,5,1,0,3,G,4,14,20,1,4,2,2,3,75,25,13,Booker,Phoenix
Eric Bledsoe,Eric,24,3,7,4,5,1,0,4,G,4,14,9,0,8,0,7,7,88,33,25,Bledsoe,Phoenix
Brandon Knight,Brandon,24,5,2,3,6,0,0,3,N/A,0,12,11,0,2,0,2,2,100,46,0,Knight,Phoenix
Jared Dudley,Jared,21,3,6,2,4,1,0,0,N/A,2,7,6,0,0,1,6,0,0,50,50,Dudley,Phoenix
PJ Tucker,PJ,31,3,5,3,1,0,1,4,N/A,5,6,7,2,0,0,4,0,0,43,0,Tucker,Phoenix
Alex Len,Alex,9,1,5,0,0,0,1,0,N/A,0,2,4,0,0,1,4,0,0,25,0,Len,Phoenix
Leandro Barbosa,Leandro,20,5,2,2,2,2,0,0,N/A,2,14,7,1,2,0,2,2,100,71,100,Barbosa,Phoenix
Ronnie Price,Ronnie,N/A,N/A,N/A,N/A,N/A,N/A,N/A,N/A,N/A,N/A,N/A,N/A,N/A,N/A,N/A,N/A,N/A,N/A,N/A,N/A,Price,Phoenix
Tyler Ulis,Tyler,N/A,N/A,N/A,N/A,N/A,N/A,N/A,N/A,N/A,N/A,N/A,N/A,N/A,N/A,N/A,N/A,N/A,N/A,N/A,N/A,Ulis,Phoenix
Alan Williams,Alan,N/A,N/A,N/A,N/A,N/A,N/A,N/A,N/A,N/A,N/A,N/A,N/A,N/A,N/A,N/A,N/A,N/A,N/A,N/A,N/A,Williams,Phoenix
Solomon Hill,Solomon,31,3,2,2,2,0,2,1,F,2,9,8,1,3,1,0,3,100,38,0,Hill,New Orleans
Terrence Jones,Terrence,24,2,9,1,0,0,0,1,F,6,5,8,2,2,0,9,1,50,25,0,Jones,New Orleans
Anthony Davis,Anthony,40,12,9,2,1,1,2,2,C,3,34,21,1,11,5,7,9,82,57,50,Davis,New Orleans
Buddy Hield,Buddy,28,4,3,5,4,3,1,0,G,2,11,9,0,0,0,2,0,0,44,60,Hield,New Orleans
Jrue Holiday,Jrue,37,11,10,7,7,3,2,4,G,4,30,22,2,6,3,8,5,83,50,43,Holiday,New Orleans
E'Twaun Moore,E'Twaun,30,5,4,5,2,2,1,2,N/A,3,12,10,4,0,1,3,0,0,50,40,Moore,New Orleans
Dante Cunningham,Dante,20,3,5,0,0,0,1,0,N/A,1,6,5,1,0,1,4,0,0,60,0,Cunningham,New Orleans
Tyreke Evans,Tyreke,8,0,4,1,1,0,0,1,N/A,1,0,3,0,0,0,4,0,0,0,0,Evans,New Orleans
Langston Galloway,Langston,7,1,1,3,1,0,0,0,N/A,0,2,4,0,0,0,1,0,0,25,0,Galloway,New Orleans
Donatas Motiejunas,Donatas,6,0,1,0,0,0,0,2,N/A,1,0,1,0,0,0,1,0,0,0,0,Motiejunas,New Orleans
Tim Frazier,Tim,9,1,0,0,2,0,0,0,N/A,2,2,1,0,0,0,0,0,0,100,0,Frazier,New Orleans
Alexis Ajinca,Alexis,N/A,N/A,N/A,N/A,N/A,N/A,N/A,N/A,N/A,N/A,N/A,N/A,N/A,N/A,N/A,N/A,N/A,N/A,N/A,N/A,Ajinca,New Orleans
Omer Asik,Omer,N/A,N/A,N/A,N/A,N/A,N/A,N/A,N/A,N/A,N/A,N/A,N/A,N/A,N/A,N/A,N/A,N/A,N/A,N/A,N/A,Asik,New Orleans
