PLAYER_NAME,TO,FIRST_NAME,MIN,REB,FG3A,AST,FG3M,OREB,FGM,START_POSITION,PF,PTS,FGA,STL,FTA,BLK,DREB,FTM,FT_PCT,FG_PCT,FG3_PCT,SECOND_NAME,TEAM_CITY
Omri Casspi,2,Omri,30,6,3,5,2,0,6,F,1,18,14,0,8,0,6,4,50,43,67,Casspi,Sacramento
Quincy Acy,1,Quincy,28,4,2,1,1,1,4,F,3,10,8,1,1,1,3,1,100,50,50,Acy,Sacramento
Kosta Koufos,1,Kosta,32,7,0,1,0,3,5,C,2,10,12,2,0,1,4,0,0,42,0,Koufos,Sacramento
Seth Curry,3,Seth,34,4,6,1,3,0,9,G,2,21,17,2,0,0,4,0,0,53,50,Curry,Sacramento
Darren Collison,2,Darren,32,2,0,7,0,0,5,G,2,10,13,3,0,0,2,0,0,39,0,Collison,Sacramento
Willie Cauley-Stein,1,Willie,33,14,0,2,0,6,6,N/A,2,13,12,1,2,0,8,1,50,50,0,Cauley-Stein,Sacramento
Ben McLemore,3,Ben,26,4,2,1,0,1,0,N/A,3,3,7,1,4,0,3,3,75,0,0,McLemore,Sacramento
James Anderson,1,James,22,2,2,2,1,0,2,N/A,3,8,4,1,4,0,2,3,75,50,50,Anderson,Sacramento
Caron Butler,0,Caron,3,0,0,0,0,0,0,N/A,2,0,2,0,0,0,0,0,0,0,0,Butler,Sacramento
Marco Belinelli,N/A,Marco,N/A,N/A,N/A,N/A,N/A,N/A,N/A,N/A,N/A,N/A,N/A,N/A,N/A,N/A,N/A,N/A,N/A,N/A,N/A,Belinelli,Sacramento
DeMarcus Cousins,N/A,DeMarcus,N/A,N/A,N/A,N/A,N/A,N/A,N/A,N/A,N/A,N/A,N/A,N/A,N/A,N/A,N/A,N/A,N/A,N/A,N/A,Cousins,Sacramento
Rudy Gay,N/A,Rudy,N/A,N/A,N/A,N/A,N/A,N/A,N/A,N/A,N/A,N/A,N/A,N/A,N/A,N/A,N/A,N/A,N/A,N/A,N/A,Gay,Sacramento
Rajon Rondo,N/A,Rajon,N/A,N/A,N/A,N/A,N/A,N/A,N/A,N/A,N/A,N/A,N/A,N/A,N/A,N/A,N/A,N/A,N/A,N/A,N/A,Rondo,Sacramento
Al-Farouq Aminu,2,Al-Farouq,24,8,6,2,2,1,5,F,1,14,10,1,2,1,7,2,100,50,33,Aminu,Portland
Maurice Harkless,1,Maurice,23,3,3,2,1,1,5,F,1,12,7,0,1,1,2,1,100,71,33,Harkless,Portland
Mason Plumlee,2,Mason,20,3,0,3,0,0,2,C,3,4,4,1,0,0,3,0,0,50,0,Plumlee,Portland
CJ McCollum,1,CJ,24,2,6,3,4,0,5,G,2,16,13,1,2,0,2,2,100,39,67,McCollum,Portland
Damian Lillard,4,Damian,29,1,5,9,3,0,4,G,2,13,9,1,2,1,1,2,100,44,60,Lillard,Portland
Allen Crabbe,1,Allen,21,4,4,1,3,0,8,N/A,2,21,10,1,3,1,4,2,67,80,75,Crabbe,Portland
Ed Davis,2,Ed,23,9,0,0,0,3,3,N/A,1,8,5,0,2,3,6,2,100,60,0,Davis,Portland
Gerald Henderson,3,Gerald,21,4,2,0,1,0,4,N/A,5,11,9,1,2,0,4,2,100,44,50,Henderson,Portland
Noah Vonleh,2,Noah,24,6,0,1,0,0,2,N/A,4,5,4,0,2,2,6,1,50,50,0,Vonleh,Portland
Brian Roberts,0,Brian,17,1,1,4,0,0,0,N/A,1,0,5,0,0,1,1,0,0,0,0,Roberts,Portland
Pat Connaughton,1,Pat,5,0,1,0,0,0,0,N/A,0,0,2,0,0,0,0,0,0,0,0,Connaughton,Portland
Luis Montero,0,Luis,5,1,1,0,0,0,0,N/A,0,1,2,0,2,0,1,1,50,0,0,Montero,Portland
Cliff Alexander,0,Cliff,5,0,0,0,0,0,0,N/A,1,0,0,0,0,0,0,0,0,0,0,Alexander,Portland
