PLAYER_NAME,FIRST_NAME,MIN,FGM,REB,FG3A,AST,FG3M,OREB,TO,START_POSITION,PF,PTS,FGA,STL,FTA,BLK,DREB,FTM,FT_PCT,FG_PCT,FG3_PCT,SECOND_NAME,TEAM_CITY
Luol Deng,Luol,20,1,6,2,1,1,1,1,F,0,3,5,0,0,0,5,0,0,20,50,Deng,Los Angeles
Tarik Black,Tarik,18,2,6,0,1,0,4,1,F,4,4,6,0,2,0,2,0,0,33,0,Black,Los Angeles
Timofey Mozgov,Timofey,15,1,6,0,1,0,1,1,C,4,4,4,0,2,0,5,2,100,25,0,Mozgov,Los Angeles
Nick Young,Nick,33,6,3,10,3,5,1,1,G,4,17,14,2,0,1,2,0,0,43,50,Young,Los Angeles
D'Angelo Russell,D'Angelo,32,8,6,9,6,2,1,2,G,3,20,20,1,2,1,5,2,100,40,22,Russell,Los Angeles
Brandon Ingram,Brandon,33,5,6,4,1,2,1,2,N/A,2,14,10,0,2,0,5,2,100,50,50,Ingram,Los Angeles
Jordan Clarkson,Jordan,22,1,1,3,1,0,1,1,N/A,1,2,7,3,0,1,0,0,0,14,0,Clarkson,Los Angeles
Larry Nance Jr.,Larry,32,7,11,0,4,0,5,1,N/A,5,18,13,3,6,0,6,4,67,54,0,Nance,Los Angeles
Ivica Zubac,Ivica,4,0,2,0,0,0,0,1,N/A,0,1,0,0,2,0,2,1,50,0,0,Zubac,Los Angeles
Lou Williams,Lou,23,5,4,9,4,3,0,1,N/A,0,21,14,0,10,0,4,8,80,36,33,Williams,Los Angeles
Marcelo Huertas,Marcelo,8,1,1,1,2,1,0,0,N/A,0,3,1,0,0,0,1,0,0,100,100,Huertas,Los Angeles
Jose Calderon,Jose,N/A,N/A,N/A,N/A,N/A,N/A,N/A,N/A,N/A,N/A,N/A,N/A,N/A,N/A,N/A,N/A,N/A,N/A,N/A,N/A,Calderon,Los Angeles
Julius Randle,Julius,N/A,N/A,N/A,N/A,N/A,N/A,N/A,N/A,N/A,N/A,N/A,N/A,N/A,N/A,N/A,N/A,N/A,N/A,N/A,N/A,Randle,Los Angeles
Jae Crowder,Jae,34,6,6,7,1,2,0,1,F,2,18,12,2,4,0,6,4,100,50,29,Crowder,Boston
Amir Johnson,Amir,15,2,2,0,1,0,1,0,F,3,5,2,0,2,0,1,1,50,100,0,Johnson,Boston
Al Horford,Al,31,4,8,4,8,1,2,2,C,2,11,11,0,4,1,6,2,50,36,25,Horford,Boston
Jaylen Brown,Jaylen,32,3,7,2,1,1,1,0,G,3,12,7,0,6,0,6,5,83,43,50,Brown,Boston
Isaiah Thomas,Isaiah,38,13,2,11,4,5,0,6,G,2,38,24,1,7,0,2,7,100,54,46,Thomas,Boston
Marcus Smart,Marcus,32,3,3,5,7,2,0,4,N/A,1,9,10,5,2,0,3,1,50,30,40,Smart,Boston
Tyler Zeller,Tyler,4,0,3,0,0,0,0,0,N/A,1,0,2,0,0,0,3,0,0,0,0,Zeller,Boston
Jonas Jerebko,Jonas,21,1,3,1,2,0,0,0,N/A,3,3,2,0,1,0,3,1,100,50,0,Jerebko,Boston
Terry Rozier,Terry,18,4,4,2,2,2,1,2,N/A,0,10,4,0,0,0,3,0,0,100,100,Rozier,Boston
Kelly Olynyk,Kelly,16,3,9,3,2,0,2,1,N/A,2,7,8,0,2,0,7,1,50,38,0,Olynyk,Boston
Gerald Green,Gerald,N/A,N/A,N/A,N/A,N/A,N/A,N/A,N/A,N/A,N/A,N/A,N/A,N/A,N/A,N/A,N/A,N/A,N/A,N/A,N/A,Green,Boston
Jordan Mickey,Jordan,N/A,N/A,N/A,N/A,N/A,N/A,N/A,N/A,N/A,N/A,N/A,N/A,N/A,N/A,N/A,N/A,N/A,N/A,N/A,N/A,Mickey,Boston
James Young,James,N/A,N/A,N/A,N/A,N/A,N/A,N/A,N/A,N/A,N/A,N/A,N/A,N/A,N/A,N/A,N/A,N/A,N/A,N/A,N/A,Young,Boston
