PLAYER_NAME,FIRST_NAME,MIN,FGM,REB,FG3A,AST,FG3M,OREB,TO,START_POSITION,PF,PTS,FGA,STL,FTA,BLK,DREB,FTM,FT_PCT,FG_PCT,FG3_PCT,SECOND_NAME,TEAM_CITY
Danilo Gallinari,Danilo,37,9,8,5,1,3,1,1,F,0,32,14,0,11,0,7,11,100,64,60,Gallinari,Denver
Kenneth Faried,Kenneth,37,6,14,0,2,0,3,0,F,3,21,9,2,11,2,11,9,82,67,0,Faried,Denver
Jusuf Nurkic,Jusuf,15,2,4,0,0,0,0,3,C,3,5,4,0,1,0,4,1,100,50,0,Nurkic,Denver
Gary Harris,Gary,35,6,7,6,4,1,1,0,G,4,15,15,2,3,0,6,2,67,40,17,Harris,Denver
Jameer Nelson,Jameer,33,4,3,6,6,2,0,2,G,5,17,9,1,8,0,3,7,88,44,33,Nelson,Denver
Wilson Chandler,Wilson,23,2,3,2,0,0,1,1,N/A,1,6,10,1,2,0,2,2,100,20,0,Chandler,Denver
Darrell Arthur,Darrell,15,1,3,2,0,1,2,2,N/A,3,3,4,0,0,0,1,0,0,25,50,Arthur,Denver
Will Barton,Will,20,2,5,2,3,0,1,3,N/A,4,6,5,1,3,0,4,2,67,40,0,Barton,Denver
Jamal Murray,Jamal,23,7,1,2,1,1,0,2,N/A,2,18,10,0,3,1,1,3,100,70,50,Murray,Denver
Malik Beasley,Malik,N/A,N/A,N/A,N/A,N/A,N/A,N/A,N/A,N/A,N/A,N/A,N/A,N/A,N/A,N/A,N/A,N/A,N/A,N/A,N/A,Beasley,Denver
Juan Hernangomez,Juan,N/A,N/A,N/A,N/A,N/A,N/A,N/A,N/A,N/A,N/A,N/A,N/A,N/A,N/A,N/A,N/A,N/A,N/A,N/A,N/A,Hernangomez,Denver
Mike Miller,Mike,N/A,N/A,N/A,N/A,N/A,N/A,N/A,N/A,N/A,N/A,N/A,N/A,N/A,N/A,N/A,N/A,N/A,N/A,N/A,N/A,Miller,Denver
Johnny O'Bryant III,Johnny,N/A,N/A,N/A,N/A,N/A,N/A,N/A,N/A,N/A,N/A,N/A,N/A,N/A,N/A,N/A,N/A,N/A,N/A,N/A,N/A,O'Bryant,Denver
TJ Warren,TJ,20,3,5,1,0,0,4,1,F,5,6,10,0,0,0,1,0,0,30,0,Warren,Phoenix
Marquese Chriss,Marquese,17,2,3,1,0,0,0,0,F,5,4,4,2,2,1,3,0,0,50,0,Chriss,Phoenix
Tyson Chandler,Tyson,40,6,12,0,0,0,2,1,C,3,15,8,2,4,0,10,3,75,75,0,Chandler,Phoenix
Devin Booker,Devin,35,8,4,2,2,0,1,3,G,5,23,16,1,11,1,3,7,64,50,0,Booker,Phoenix
Eric Bledsoe,Eric,45,12,6,8,7,3,2,3,G,3,41,27,2,15,0,4,14,93,44,38,Bledsoe,Phoenix
PJ Tucker,PJ,36,5,7,4,5,2,2,0,N/A,5,12,10,1,0,0,5,0,0,50,50,Tucker,Phoenix
Brandon Knight,Brandon,16,1,1,3,3,0,0,0,N/A,2,2,8,0,0,0,1,0,0,13,0,Knight,Phoenix
Jared Dudley,Jared,7,0,1,1,0,0,0,0,N/A,1,0,1,0,0,0,1,0,0,0,0,Dudley,Phoenix
Alex Len,Alex,8,0,2,0,0,0,0,0,N/A,4,0,1,0,0,1,2,0,0,0,0,Len,Phoenix
Leandro Barbosa,Leandro,16,4,2,1,3,1,0,2,N/A,3,9,6,1,0,0,2,0,0,67,100,Barbosa,Phoenix
"Derrick Jones, Jr.",Derrick,N/A,N/A,N/A,N/A,N/A,N/A,N/A,N/A,N/A,N/A,N/A,N/A,N/A,N/A,N/A,N/A,N/A,N/A,N/A,N/A,"Jones,",Phoenix
Tyler Ulis,Tyler,N/A,N/A,N/A,N/A,N/A,N/A,N/A,N/A,N/A,N/A,N/A,N/A,N/A,N/A,N/A,N/A,N/A,N/A,N/A,N/A,Ulis,Phoenix
Alan Williams,Alan,N/A,N/A,N/A,N/A,N/A,N/A,N/A,N/A,N/A,N/A,N/A,N/A,N/A,N/A,N/A,N/A,N/A,N/A,N/A,N/A,Williams,Phoenix
