PLAYER_NAME,FIRST_NAME,MIN,FGM,REB,FG3A,AST,FG3M,OREB,TO,START_POSITION,PF,PTS,FGA,STL,FTA,BLK,DREB,FTM,FT_PCT,FG_PCT,FG3_PCT,SECOND_NAME,TEAM_CITY
Luc Mbah a Moute,Luc,17,2,1,1,0,0,1,1,F,2,6,4,1,2,0,0,2,100,50,0,Mbah,LA
Blake Griffin,Blake,38,10,7,0,7,0,1,2,F,1,26,21,1,8,0,6,6,75,48,0,Griffin,LA
DeAndre Jordan,DeAndre,36,5,17,0,2,0,4,3,C,2,13,6,0,6,1,13,3,50,83,0,Jordan,LA
JJ Redick,JJ,25,7,1,6,0,2,0,0,G,2,17,14,0,2,0,1,1,50,50,33,Redick,LA
Chris Paul,Chris,37,6,4,5,12,1,1,3,G,4,13,15,2,1,0,3,0,0,40,20,Paul,LA
Austin Rivers,Austin,25,6,0,3,2,1,0,1,N/A,6,13,9,2,0,0,0,0,0,67,33,Rivers,LA
Jamal Crawford,Jamal,29,2,2,3,3,1,0,4,N/A,1,6,6,0,1,0,2,1,100,33,33,Crawford,LA
Marreese Speights,Marreese,12,4,4,5,0,2,3,0,N/A,3,14,7,0,4,0,1,4,100,57,40,Speights,LA
Wesley Johnson,Wesley,10,1,2,1,1,0,1,1,N/A,2,2,2,1,0,0,1,0,0,50,0,Johnson,LA
Raymond Felton,Raymond,11,0,2,0,1,0,1,0,N/A,0,0,3,0,0,0,1,0,0,0,0,Felton,LA
Alan Anderson,Alan,N/A,N/A,N/A,N/A,N/A,N/A,N/A,N/A,N/A,N/A,N/A,N/A,N/A,N/A,N/A,N/A,N/A,N/A,N/A,N/A,Anderson,LA
Brandon Bass,Brandon,N/A,N/A,N/A,N/A,N/A,N/A,N/A,N/A,N/A,N/A,N/A,N/A,N/A,N/A,N/A,N/A,N/A,N/A,N/A,N/A,Bass,LA
Paul Pierce,Paul,N/A,N/A,N/A,N/A,N/A,N/A,N/A,N/A,N/A,N/A,N/A,N/A,N/A,N/A,N/A,N/A,N/A,N/A,N/A,N/A,Pierce,LA
Otto Porter Jr.,Otto,33,3,4,2,2,0,2,0,F,1,9,7,3,4,0,2,3,75,43,0,Porter,Washington
Markieff Morris,Markieff,33,10,9,2,3,1,1,2,F,5,23,17,3,3,1,8,2,67,59,50,Morris,Washington
Marcin Gortat,Marcin,39,4,7,0,0,0,2,2,C,4,9,8,1,1,2,5,1,100,50,0,Gortat,Washington
Bradley Beal,Bradley,38,13,3,10,3,6,0,1,G,2,41,23,1,11,0,3,9,82,56,60,Beal,Washington
John Wall,John,36,7,5,2,11,0,2,5,G,2,18,16,1,8,1,3,4,50,44,0,Wall,Washington
Andrew Nicholson,Andrew,13,1,0,0,1,0,0,1,N/A,3,3,2,1,1,0,0,1,100,50,0,Nicholson,Washington
Trey Burke,Trey,17,2,0,2,1,2,0,1,N/A,2,7,3,0,2,0,0,1,50,67,100,Burke,Washington
Daniel Ochefu,Daniel,9,0,1,0,1,0,1,1,N/A,3,0,1,0,0,0,0,0,0,0,0,Ochefu,Washington
Marcus Thornton,Marcus,14,3,4,1,0,1,1,2,N/A,1,7,4,0,0,0,3,0,0,75,100,Thornton,Washington
Tomas Satoransky,Tomas,8,0,0,0,2,0,0,0,N/A,1,0,0,0,0,0,0,0,0,0,0,Satoransky,Washington
Sheldon McClellan,Sheldon,N/A,N/A,N/A,N/A,N/A,N/A,N/A,N/A,N/A,N/A,N/A,N/A,N/A,N/A,N/A,N/A,N/A,N/A,N/A,N/A,McClellan,Washington
Jason Smith,Jason,N/A,N/A,N/A,N/A,N/A,N/A,N/A,N/A,N/A,N/A,N/A,N/A,N/A,N/A,N/A,N/A,N/A,N/A,N/A,N/A,Smith,Washington
