PLAYER_NAME,TO,FIRST_NAME,MIN,REB,FG3A,AST,FG3M,OREB,FGM,START_POSITION,PF,PTS,FGA,STL,FTA,BLK,DREB,FTM,FT_PCT,FG_PCT,FG3_PCT,SECOND_NAME,TEAM_CITY
Kobe Bryant,1,Kobe,34,2,5,2,1,0,7,F,1,21,20,0,7,0,2,6,86,35,20,Bryant,Los Angeles
Julius Randle,1,Julius,30,6,0,4,0,1,8,F,3,16,13,3,2,1,5,0,0,62,0,Randle,Los Angeles
Roy Hibbert,1,Roy,30,6,0,2,0,1,1,C,4,6,4,0,5,0,5,4,80,25,0,Hibbert,Los Angeles
Jordan Clarkson,2,Jordan,36,3,5,4,2,0,8,G,1,19,15,4,2,0,3,1,50,53,40,Clarkson,Los Angeles
D'Angelo Russell,2,D'Angelo,38,4,4,5,2,0,6,G,4,16,11,0,2,0,4,2,100,55,50,Russell,Los Angeles
Larry Nance Jr.,1,Larry,18,3,0,0,0,1,1,N/A,2,3,2,2,1,0,2,1,100,50,0,Nance,Los Angeles
Brandon Bass,0,Brandon,18,3,0,2,0,1,1,N/A,2,5,4,0,4,1,2,3,75,25,0,Bass,Los Angeles
Metta World Peace,1,Metta,20,5,3,1,0,2,2,N/A,1,4,6,2,0,0,3,0,0,33,0,World,Los Angeles
Nick Young,0,Nick,15,1,6,0,2,0,2,N/A,1,6,7,1,0,0,1,0,0,29,33,Young,Los Angeles
Tarik Black,N/A,Tarik,N/A,N/A,N/A,N/A,N/A,N/A,N/A,N/A,N/A,N/A,N/A,N/A,N/A,N/A,N/A,N/A,N/A,N/A,N/A,Black,Los Angeles
Marcelo Huertas,N/A,Marcelo,N/A,N/A,N/A,N/A,N/A,N/A,N/A,N/A,N/A,N/A,N/A,N/A,N/A,N/A,N/A,N/A,N/A,N/A,N/A,Huertas,Los Angeles
Ryan Kelly,N/A,Ryan,N/A,N/A,N/A,N/A,N/A,N/A,N/A,N/A,N/A,N/A,N/A,N/A,N/A,N/A,N/A,N/A,N/A,N/A,N/A,Kelly,Los Angeles
Robert Sacre,N/A,Robert,N/A,N/A,N/A,N/A,N/A,N/A,N/A,N/A,N/A,N/A,N/A,N/A,N/A,N/A,N/A,N/A,N/A,N/A,N/A,Sacre,Los Angeles
Al-Farouq Aminu,1,Al-Farouq,28,9,3,3,0,2,2,F,1,5,6,0,2,0,7,1,50,33,0,Aminu,Portland
Noah Vonleh,1,Noah,20,5,0,1,0,1,2,F,1,4,2,1,0,0,4,0,0,100,0,Vonleh,Portland
Mason Plumlee,3,Mason,24,4,0,4,0,3,2,C,5,6,5,1,3,0,1,2,67,40,0,Plumlee,Portland
CJ McCollum,1,CJ,34,2,7,1,4,0,12,G,2,28,20,1,0,0,2,0,0,60,57,McCollum,Portland
Damian Lillard,5,Damian,36,4,11,7,5,1,9,G,2,29,19,0,7,1,3,6,86,47,46,Lillard,Portland
Maurice Harkless,1,Maurice,26,8,1,3,0,4,2,N/A,1,7,4,0,4,0,4,3,75,50,0,Harkless,Portland
Meyers Leonard,0,Meyers,22,6,5,2,1,1,3,N/A,1,7,7,0,0,1,5,0,0,43,20,Leonard,Portland
Allen Crabbe,2,Allen,17,2,1,1,1,0,3,N/A,1,9,7,0,2,0,2,2,100,43,100,Crabbe,Portland
Ed Davis,1,Ed,24,4,0,2,0,0,1,N/A,2,4,3,1,4,0,4,2,50,33,0,Davis,Portland
Gerald Henderson,0,Gerald,8,2,2,0,1,0,2,N/A,0,9,5,1,4,0,2,4,100,40,50,Henderson,Portland
Pat Connaughton,0,Pat,1,0,0,0,0,0,0,N/A,0,0,0,0,0,0,0,0,0,0,0,Connaughton,Portland
Tim Frazier,0,Tim,1,0,0,0,0,0,0,N/A,0,0,0,0,0,0,0,0,0,0,0,Frazier,Portland
Cliff Alexander,1,Cliff,1,0,0,0,0,0,0,N/A,0,0,0,0,0,0,0,0,0,0,0,Alexander,Portland
