PLAYER_NAME,FIRST_NAME,MIN,FGM,REB,FG3A,AST,FG3M,OREB,TO,START_POSITION,PF,PTS,FGA,STL,FTA,BLK,DREB,FTM,FT_PCT,FG_PCT,FG3_PCT,SECOND_NAME,TEAM_CITY
Solomon Hill,Solomon,37,2,6,6,7,1,1,2,F,2,7,8,1,2,1,5,2,100,25,17,Hill,New Orleans
Dante Cunningham,Dante,38,4,4,5,1,3,0,1,F,2,12,8,0,2,1,4,1,50,50,60,Cunningham,New Orleans
Anthony Davis,Anthony,36,16,13,3,2,2,2,2,C,3,42,22,1,11,1,11,8,73,73,67,Davis,New Orleans
Buddy Hield,Buddy,22,7,4,4,1,2,0,1,G,3,17,10,0,1,0,4,1,100,70,50,Hield,New Orleans
Jrue Holiday,Jrue,38,10,6,2,12,1,2,9,G,3,25,14,5,4,0,4,4,100,71,50,Holiday,New Orleans
Langston Galloway,Langston,25,3,4,4,2,3,0,0,N/A,1,9,4,0,0,0,4,0,0,75,75,Galloway,New Orleans
Donatas Motiejunas,Donatas,19,1,4,1,1,0,3,3,N/A,4,2,3,1,0,0,1,0,0,33,0,Motiejunas,New Orleans
Tim Frazier,Tim,20,2,1,0,1,0,0,2,N/A,1,8,6,0,7,0,1,4,57,33,0,Frazier,New Orleans
Omer Asik,Omer,5,0,1,0,0,0,0,1,N/A,4,0,0,0,0,0,1,0,0,0,0,Asik,New Orleans
Alexis Ajinca,Alexis,N/A,N/A,N/A,N/A,N/A,N/A,N/A,N/A,N/A,N/A,N/A,N/A,N/A,N/A,N/A,N/A,N/A,N/A,N/A,N/A,Ajinca,New Orleans
Tyreke Evans,Tyreke,N/A,N/A,N/A,N/A,N/A,N/A,N/A,N/A,N/A,N/A,N/A,N/A,N/A,N/A,N/A,N/A,N/A,N/A,N/A,N/A,Evans,New Orleans
Terrence Jones,Terrence,N/A,N/A,N/A,N/A,N/A,N/A,N/A,N/A,N/A,N/A,N/A,N/A,N/A,N/A,N/A,N/A,N/A,N/A,N/A,N/A,Jones,New Orleans
E'Twaun Moore,E'Twaun,N/A,N/A,N/A,N/A,N/A,N/A,N/A,N/A,N/A,N/A,N/A,N/A,N/A,N/A,N/A,N/A,N/A,N/A,N/A,N/A,Moore,New Orleans
Andrew Wiggins,Andrew,37,11,4,3,2,1,2,3,F,0,29,17,3,7,0,2,6,86,65,33,Wiggins,Minnesota
Gorgui Dieng,Gorgui,34,3,8,1,1,1,3,1,F,4,8,8,3,2,0,5,1,50,38,100,Dieng,Minnesota
Karl-Anthony Towns,Karl-Anthony,38,13,8,5,1,1,4,4,C,5,36,22,0,9,0,4,9,100,59,20,Towns,Minnesota
Brandon Rush,Brandon,25,3,3,5,1,2,0,0,G,2,9,7,0,2,0,3,1,50,43,40,Rush,Minnesota
Ricky Rubio,Ricky,39,5,1,3,12,1,0,4,G,2,15,10,4,6,0,1,4,67,50,33,Rubio,Minnesota
Shabazz Muhammad,Shabazz,22,2,2,3,0,0,1,0,N/A,0,5,8,0,2,0,1,1,50,25,0,Muhammad,Minnesota
Nemanja Bjelica,Nemanja,12,0,3,2,1,0,1,1,N/A,2,0,2,0,0,0,2,0,0,0,0,Bjelica,Minnesota
Kris Dunn,Kris,9,0,0,2,1,0,0,0,N/A,4,0,2,1,0,0,0,0,0,0,0,Dunn,Minnesota
Lance Stephenson,Lance,12,0,3,1,1,0,0,0,N/A,1,1,3,0,2,0,3,1,50,0,0,Stephenson,Minnesota
Cole Aldrich,Cole,3,1,2,0,0,0,1,0,N/A,1,2,1,0,0,0,1,0,0,100,0,Aldrich,Minnesota
Tyus Jones,Tyus,10,0,0,2,2,0,0,0,N/A,0,1,2,0,2,0,0,1,50,0,0,Jones,Minnesota
Jordan Hill,Jordan,N/A,N/A,N/A,N/A,N/A,N/A,N/A,N/A,N/A,N/A,N/A,N/A,N/A,N/A,N/A,N/A,N/A,N/A,N/A,N/A,Hill,Minnesota
