PLAYER_NAME,FIRST_NAME,MIN,FGM,REB,FG3A,AST,FG3M,OREB,TO,START_POSITION,PF,PTS,FGA,STL,FTA,BLK,DREB,FTM,FT_PCT,FG_PCT,FG3_PCT,SECOND_NAME,TEAM_CITY
Otto Porter Jr.,Otto,39,6,10,8,1,3,5,1,F,4,20,13,1,6,0,5,5,83,46,38,Porter,Washington
Kelly Oubre Jr.,Kelly,33,0,3,3,0,0,1,1,F,4,0,5,1,2,0,2,0,0,0,0,Oubre,Washington
Marcin Gortat,Marcin,41,5,14,0,1,0,3,1,C,5,14,10,1,4,1,11,4,100,50,0,Gortat,Washington
Bradley Beal,Bradley,41,12,6,6,2,3,2,4,G,4,31,25,2,4,0,4,4,100,48,50,Beal,Washington
John Wall,John,46,7,6,4,12,1,1,3,G,2,23,24,1,10,2,5,8,80,29,25,Wall,Washington
Jason Smith,Jason,23,5,8,2,0,1,3,0,N/A,2,15,9,1,7,0,5,4,57,56,50,Smith,Washington
Ian Mahinmi,Ian,12,1,5,0,0,0,2,0,N/A,3,2,3,1,0,0,3,0,0,33,0,Mahinmi,Washington
Tomas Satoransky,Tomas,15,1,2,0,3,0,0,1,N/A,1,2,2,1,0,2,2,0,0,50,0,Satoransky,Washington
Trey Burke,Trey,14,3,0,2,2,1,0,1,N/A,1,7,6,0,0,0,0,0,0,50,50,Burke,Washington
Sheldon McClellan,Sheldon,N/A,N/A,N/A,N/A,N/A,N/A,N/A,N/A,N/A,N/A,N/A,N/A,N/A,N/A,N/A,N/A,N/A,N/A,N/A,N/A,McClellan,Washington
Andrew Nicholson,Andrew,N/A,N/A,N/A,N/A,N/A,N/A,N/A,N/A,N/A,N/A,N/A,N/A,N/A,N/A,N/A,N/A,N/A,N/A,N/A,N/A,Nicholson,Washington
Daniel Ochefu,Daniel,N/A,N/A,N/A,N/A,N/A,N/A,N/A,N/A,N/A,N/A,N/A,N/A,N/A,N/A,N/A,N/A,N/A,N/A,N/A,N/A,Ochefu,Washington
Marcus Thornton,Marcus,N/A,N/A,N/A,N/A,N/A,N/A,N/A,N/A,N/A,N/A,N/A,N/A,N/A,N/A,N/A,N/A,N/A,N/A,N/A,N/A,Thornton,Washington
Bojan Bogdanovic,Bojan,34,6,5,9,4,2,2,1,F,4,21,18,2,7,0,3,7,100,33,22,Bogdanovic,Brooklyn
Rondae Hollis-Jefferson,Rondae,31,5,11,1,2,0,3,2,F,2,13,7,1,4,0,8,3,75,71,0,Hollis-Jefferson,Brooklyn
Brook Lopez,Brook,32,8,6,4,4,0,1,2,C,6,20,17,0,4,2,5,4,100,47,0,Lopez,Brooklyn
Randy Foye,Randy,25,1,5,3,1,0,0,0,G,1,3,4,1,2,0,5,1,50,25,0,Foye,Brooklyn
Spencer Dinwiddie,Spencer,16,1,2,1,1,0,1,2,G,1,2,4,0,0,0,1,0,0,25,0,Dinwiddie,Brooklyn
Joe Harris,Joe,19,3,2,3,0,2,0,1,N/A,0,8,5,0,0,0,2,0,0,60,67,Harris,Brooklyn
Isaiah Whitehead,Isaiah,21,2,2,2,2,1,0,2,N/A,2,7,6,0,2,0,2,2,100,33,50,Whitehead,Brooklyn
Trevor Booker,Trevor,28,6,10,0,2,0,6,1,N/A,3,14,12,0,5,1,4,2,40,50,0,Booker,Brooklyn
Justin Hamilton,Justin,16,1,3,4,2,1,1,1,N/A,3,3,5,0,2,1,2,0,0,20,25,Hamilton,Brooklyn
Sean Kilpatrick,Sean,18,3,4,3,2,2,0,3,N/A,1,10,7,0,4,0,4,2,50,43,67,Kilpatrick,Brooklyn
Caris LeVert,Caris,26,2,5,3,0,1,1,1,N/A,1,9,6,2,6,1,4,4,67,33,33,LeVert,Brooklyn
Chris McCullough,Chris,N/A,N/A,N/A,N/A,N/A,N/A,N/A,N/A,N/A,N/A,N/A,N/A,N/A,N/A,N/A,N/A,N/A,N/A,N/A,N/A,McCullough,Brooklyn
Luis Scola,Luis,N/A,N/A,N/A,N/A,N/A,N/A,N/A,N/A,N/A,N/A,N/A,N/A,N/A,N/A,N/A,N/A,N/A,N/A,N/A,N/A,Scola,Brooklyn
