PLAYER_NAME,TO,FIRST_NAME,MIN,REB,FG3A,AST,FG3M,OREB,FGM,START_POSITION,PF,PTS,FGA,STL,FTA,BLK,DREB,FTM,FT_PCT,FG_PCT,FG3_PCT,SECOND_NAME,TEAM_CITY
Gordon Hayward,3,Gordon,23,2,3,5,0,0,2,F,1,6,6,0,2,0,2,2,100,33,0,Hayward,Utah
Derrick Favors,3,Derrick,22,2,0,0,0,0,3,F,2,7,8,2,1,0,2,1,100,38,0,Favors,Utah
Rudy Gobert,1,Rudy,16,6,0,0,0,1,1,C,3,4,2,0,4,1,5,2,50,50,0,Gobert,Utah
Rodney Hood,1,Rodney,29,2,5,1,2,0,4,G,1,11,9,0,1,0,2,1,100,44,40,Hood,Utah
Shelvin Mack,5,Shelvin,24,2,3,4,0,0,3,G,3,6,9,3,0,0,2,0,0,33,0,Mack,Utah
Trevor Booker,0,Trevor,16,3,2,2,1,3,4,N/A,3,9,6,0,2,0,0,0,0,67,50,Booker,Utah
Trey Lyles,1,Trey,26,3,2,2,0,1,6,N/A,2,14,12,0,2,1,2,2,100,50,0,Lyles,Utah
Joe Ingles,2,Joe,19,7,2,2,0,1,0,N/A,1,0,2,1,0,0,6,0,0,0,0,Ingles,Utah
Raul Neto,2,Raul,21,2,1,2,1,0,2,N/A,1,5,2,0,2,0,2,0,0,100,100,Neto,Utah
Jeff Withey,0,Jeff,17,5,0,0,0,3,4,N/A,3,8,6,1,0,1,2,0,0,67,0,Withey,Utah
Chris Johnson,0,Chris,15,1,1,0,0,0,1,N/A,1,4,2,1,2,0,1,2,100,50,0,Johnson,Utah
Trey Burke,0,Trey,12,1,3,0,1,0,5,N/A,1,17,9,0,7,0,1,6,86,56,33,Burke,Utah
Kevin Durant,5,Kevin,30,8,4,9,2,1,7,F,0,20,11,2,5,1,7,4,80,64,50,Durant,Oklahoma City
Serge Ibaka,1,Serge,27,3,4,2,2,1,4,F,2,10,6,3,0,1,2,0,0,67,50,Ibaka,Oklahoma City
Steven Adams,1,Steven,22,7,0,0,0,2,7,C,0,14,11,1,0,0,5,0,0,64,0,Adams,Oklahoma City
Andre Roberson,0,Andre,22,4,1,0,0,0,1,G,1,2,3,0,0,1,4,0,0,33,0,Roberson,Oklahoma City
Russell Westbrook,2,Russell,27,7,3,9,1,1,6,G,1,15,15,3,3,0,6,2,67,40,33,Westbrook,Oklahoma City
Enes Kanter,0,Enes,22,7,0,0,0,4,5,N/A,4,14,10,0,5,0,3,4,80,50,0,Kanter,Oklahoma City
Dion Waiters,1,Dion,29,2,4,3,1,1,8,N/A,2,17,16,3,2,0,1,0,0,50,25,Waiters,Oklahoma City
Cameron Payne,1,Cameron,21,1,1,1,1,0,3,N/A,2,8,4,0,1,0,1,1,100,75,100,Payne,Oklahoma City
Randy Foye,2,Randy,23,0,3,2,1,0,2,N/A,1,6,4,1,2,0,0,1,50,50,33,Foye,Oklahoma City
Anthony Morrow,0,Anthony,8,0,1,1,0,0,1,N/A,1,2,2,0,0,1,0,0,0,50,0,Morrow,Oklahoma City
Josh Huestis,1,Josh,5,0,1,0,1,0,1,N/A,1,3,1,0,2,0,0,0,0,100,100,Huestis,Oklahoma City
Nazr Mohammed,0,Nazr,4,0,0,0,0,0,0,N/A,1,2,0,0,2,0,0,2,100,0,0,Mohammed,Oklahoma City
Nick Collison,N/A,Nick,N/A,N/A,N/A,N/A,N/A,N/A,N/A,N/A,N/A,N/A,N/A,N/A,N/A,N/A,N/A,N/A,N/A,N/A,N/A,Collison,Oklahoma City
