PLAYER_NAME,FIRST_NAME,MIN,FGM,REB,FG3A,AST,FG3M,OREB,TO,START_POSITION,PF,PTS,FGA,STL,FTA,BLK,DREB,FTM,FT_PCT,FG_PCT,FG3_PCT,SECOND_NAME,TEAM_CITY
Michael Kidd-Gilchrist,Michael,34,0,6,0,4,0,1,0,F,3,0,6,0,0,1,5,0,0,0,0,Kidd-Gilchrist,Charlotte
Marvin Williams,Marvin,25,6,8,5,0,3,1,0,F,3,16,10,1,2,0,7,1,50,60,60,Williams,Charlotte
Roy Hibbert,Roy,19,2,5,0,0,0,2,0,C,3,4,2,0,0,2,3,0,0,100,0,Hibbert,Charlotte
Jeremy Lamb,Jeremy,28,4,5,3,4,1,0,0,G,3,11,11,1,2,0,5,2,100,36,33,Lamb,Charlotte
Kemba Walker,Kemba,36,9,6,12,10,5,1,5,G,1,25,21,1,3,1,5,2,67,43,42,Walker,Charlotte
Marco Belinelli,Marco,28,6,3,9,6,3,0,3,N/A,1,15,13,0,0,0,3,0,0,46,33,Belinelli,Charlotte
Spencer Hawes,Spencer,25,7,5,4,4,2,0,1,N/A,6,16,10,0,0,0,5,0,0,70,50,Hawes,Charlotte
Frank Kaminsky,Frank,27,8,3,9,1,4,0,1,N/A,1,22,14,0,2,0,3,2,100,57,44,Kaminsky,Charlotte
Ramon Sessions,Ramon,14,2,1,1,1,1,0,1,N/A,0,5,5,0,0,0,1,0,0,40,100,Sessions,Charlotte
Treveon Graham,Treveon,4,0,1,0,0,0,0,0,N/A,0,0,0,0,0,0,1,0,0,0,0,Graham,Charlotte
Nicolas Batum,Nicolas,N/A,N/A,N/A,N/A,N/A,N/A,N/A,N/A,N/A,N/A,N/A,N/A,N/A,N/A,N/A,N/A,N/A,N/A,N/A,N/A,Batum,Charlotte
Brian Roberts,Brian,N/A,N/A,N/A,N/A,N/A,N/A,N/A,N/A,N/A,N/A,N/A,N/A,N/A,N/A,N/A,N/A,N/A,N/A,N/A,N/A,Roberts,Charlotte
Cody Zeller,Cody,N/A,N/A,N/A,N/A,N/A,N/A,N/A,N/A,N/A,N/A,N/A,N/A,N/A,N/A,N/A,N/A,N/A,N/A,N/A,N/A,Zeller,Charlotte
Trevor Ariza,Trevor,40,5,5,6,3,3,0,0,F,1,16,10,1,5,0,5,3,60,50,50,Ariza,Houston
Ryan Anderson,Ryan,36,5,2,7,1,3,2,0,F,1,13,12,2,0,0,0,0,0,42,43,Anderson,Houston
Montrezl Harrell,Montrezl,29,5,3,0,2,0,1,0,C,1,14,5,2,6,3,2,4,67,100,0,Harrell,Houston
Patrick Beverley,Patrick,32,2,8,8,5,2,1,2,G,4,8,10,0,2,0,7,2,100,20,25,Beverley,Houston
James Harden,James,38,11,15,14,10,7,1,4,G,3,40,24,0,14,0,14,11,79,46,50,Harden,Houston
Nene,Nene,19,3,5,0,1,0,1,2,N/A,3,10,6,1,6,2,4,4,67,50,0,N/A,Houston
Sam Dekker,Sam,21,2,1,2,3,1,0,1,N/A,1,5,5,1,0,0,1,0,0,40,50,Dekker,Houston
Corey Brewer,Corey,26,7,5,2,0,1,0,1,N/A,3,15,10,1,0,0,5,0,0,70,50,Brewer,Houston
Bobby Brown,Bobby,N/A,N/A,N/A,N/A,N/A,N/A,N/A,N/A,N/A,N/A,N/A,N/A,N/A,N/A,N/A,N/A,N/A,N/A,N/A,N/A,Brown,Houston
Tyler Ennis,Tyler,N/A,N/A,N/A,N/A,N/A,N/A,N/A,N/A,N/A,N/A,N/A,N/A,N/A,N/A,N/A,N/A,N/A,N/A,N/A,N/A,Ennis,Houston
Eric Gordon,Eric,N/A,N/A,N/A,N/A,N/A,N/A,N/A,N/A,N/A,N/A,N/A,N/A,N/A,N/A,N/A,N/A,N/A,N/A,N/A,N/A,Gordon,Houston
KJ McDaniels,KJ,N/A,N/A,N/A,N/A,N/A,N/A,N/A,N/A,N/A,N/A,N/A,N/A,N/A,N/A,N/A,N/A,N/A,N/A,N/A,N/A,McDaniels,Houston
Chinanu Onuaku,Chinanu,N/A,N/A,N/A,N/A,N/A,N/A,N/A,N/A,N/A,N/A,N/A,N/A,N/A,N/A,N/A,N/A,N/A,N/A,N/A,N/A,Onuaku,Houston
