PLAYER_NAME,FIRST_NAME,MIN,FGM,REB,FG3A,AST,FG3M,OREB,TO,START_POSITION,PF,PTS,FGA,STL,FTA,BLK,DREB,FTM,FT_PCT,FG_PCT,FG3_PCT,SECOND_NAME,TEAM_CITY
Norman Powell,Norman,35,5,1,4,0,0,1,1,F,4,14,14,0,6,0,0,4,67,36,0,Powell,Toronto
Serge Ibaka,Serge,28,3,4,4,0,1,0,2,F,1,9,11,0,2,3,4,2,100,27,25,Ibaka,Toronto
Jonas Valanciunas,Jonas,21,5,10,0,0,0,4,1,C,2,10,6,0,0,0,6,0,0,83,0,Valanciunas,Toronto
DeMar DeRozan,DeMar,28,5,4,2,2,0,1,2,G,0,17,16,1,7,0,3,7,100,31,0,DeRozan,Toronto
Cory Joseph,Cory,22,3,3,0,0,0,0,2,G,2,6,8,1,0,0,3,0,0,38,0,Joseph,Toronto
PJ Tucker,PJ,14,0,3,0,0,0,0,0,N/A,3,0,1,0,0,0,3,0,0,0,0,Tucker,Toronto
Jakob Poeltl,Jakob,19,3,9,0,0,0,6,0,N/A,3,6,8,0,2,0,3,0,0,38,0,Poeltl,Toronto
Delon Wright,Delon,25,5,3,0,3,0,2,2,N/A,2,13,8,3,3,0,1,3,100,63,0,Wright,Toronto
Patrick Patterson,Patrick,18,1,2,1,0,1,0,0,N/A,0,5,2,0,2,1,2,2,100,50,100,Patterson,Toronto
Fred VanVleet,Fred,20,1,4,3,1,0,1,2,N/A,2,5,10,0,3,0,3,3,100,10,0,VanVleet,Toronto
Pascal Siakam,Pascal,9,2,5,1,1,0,1,0,N/A,1,4,4,1,0,1,4,0,0,50,0,Siakam,Toronto
DeMarre Carroll,DeMarre,N/A,N/A,N/A,N/A,N/A,N/A,N/A,N/A,N/A,N/A,N/A,N/A,N/A,N/A,N/A,N/A,N/A,N/A,N/A,N/A,Carroll,Toronto
Lucas Nogueira,Lucas,N/A,N/A,N/A,N/A,N/A,N/A,N/A,N/A,N/A,N/A,N/A,N/A,N/A,N/A,N/A,N/A,N/A,N/A,N/A,N/A,Nogueira,Toronto
Rodney McGruder,Rodney,26,3,1,3,1,1,0,1,F,1,7,5,0,2,0,1,0,0,60,33,McGruder,Miami
Luke Babbitt,Luke,20,2,1,4,3,2,0,1,F,4,6,4,2,0,0,1,0,0,50,50,Babbitt,Miami
Hassan Whiteside,Hassan,33,4,14,0,0,0,2,0,C,3,12,8,0,4,4,12,4,100,50,0,Whiteside,Miami
Dion Waiters,Dion,33,6,1,6,5,4,0,5,G,1,20,10,1,8,1,1,4,50,60,67,Waiters,Miami
Goran Dragic,Goran,17,5,2,2,2,1,0,0,G,1,15,9,2,5,0,2,4,80,56,50,Dragic,Miami
Tyler Johnson,Tyler,27,6,3,1,3,0,0,1,N/A,2,16,12,0,4,0,3,4,100,50,0,Johnson,Miami
Willie Reed,Willie,15,1,2,0,1,0,1,1,N/A,1,2,2,0,0,2,1,0,0,50,0,Reed,Miami
James Johnson,James,28,4,5,3,5,0,0,2,N/A,3,12,10,1,6,2,5,4,67,40,0,Johnson,Miami
Josh Richardson,Josh,22,1,3,1,1,0,0,0,N/A,2,3,4,1,2,1,3,1,50,25,0,Richardson,Miami
Wayne Ellington,Wayne,19,3,3,8,0,3,0,1,N/A,1,11,8,1,2,0,3,2,100,38,38,Ellington,Miami
Udonis Haslem,Udonis,N/A,N/A,N/A,N/A,N/A,N/A,N/A,N/A,N/A,N/A,N/A,N/A,N/A,N/A,N/A,N/A,N/A,N/A,N/A,N/A,Haslem,Miami
Okaro White,Okaro,N/A,N/A,N/A,N/A,N/A,N/A,N/A,N/A,N/A,N/A,N/A,N/A,N/A,N/A,N/A,N/A,N/A,N/A,N/A,N/A,White,Miami
