PLAYER_NAME,FIRST_NAME,MIN,FGM,REB,FG3A,AST,FG3M,OREB,TO,START_POSITION,PF,PTS,FGA,STL,FTA,BLK,DREB,FTM,FT_PCT,FG_PCT,FG3_PCT,SECOND_NAME,TEAM_CITY
Trevor Ariza,Trevor,39,1,7,5,3,0,1,0,F,4,6,8,1,4,1,6,4,100,13,0,Ariza,Houston
Marcus Thornton,Marcus,38,7,4,7,3,2,1,1,F,4,16,15,3,0,0,3,0,0,47,29,Thornton,Houston
Dwight Howard,Dwight,29,8,20,0,3,0,7,5,C,5,20,10,0,5,1,13,4,80,80,0,Howard,Houston
Ty Lawson,Ty,41,2,3,3,4,0,0,0,G,4,6,11,1,2,0,3,2,100,18,0,Lawson,Houston
James Harden,James,40,14,4,10,2,5,0,7,G,4,46,26,1,14,0,4,13,93,54,50,Harden,Houston
Clint Capela,Clint,19,3,8,0,0,0,2,0,N/A,4,9,3,0,4,1,6,3,75,100,0,Capela,Houston
Corey Brewer,Corey,17,2,0,2,0,0,0,1,N/A,2,4,8,0,0,0,0,0,0,25,0,Brewer,Houston
Montrezl Harrell,Montrezl,4,0,1,0,0,0,0,0,N/A,0,0,0,0,0,0,1,0,0,0,0,Harrell,Houston
Jason Terry,Jason,13,1,0,3,1,0,0,0,N/A,0,2,5,1,0,0,0,0,0,20,0,Terry,Houston
Sam Dekker,Sam,N/A,N/A,N/A,N/A,N/A,N/A,N/A,N/A,N/A,N/A,N/A,N/A,N/A,N/A,N/A,N/A,N/A,N/A,N/A,N/A,Dekker,Houston
Charles Hayes,Charles,N/A,N/A,N/A,N/A,N/A,N/A,N/A,N/A,N/A,N/A,N/A,N/A,N/A,N/A,N/A,N/A,N/A,N/A,N/A,N/A,Hayes,Houston
KJ McDaniels,KJ,N/A,N/A,N/A,N/A,N/A,N/A,N/A,N/A,N/A,N/A,N/A,N/A,N/A,N/A,N/A,N/A,N/A,N/A,N/A,N/A,McDaniels,Houston
Lance Stephenson,Lance,22,2,3,2,3,1,1,0,F,2,7,6,2,2,0,2,2,100,33,50,Stephenson,LA
Blake Griffin,Blake,38,14,11,1,5,0,3,1,F,4,35,22,0,8,0,8,7,88,64,0,Griffin,LA
DeAndre Jordan,DeAndre,34,4,14,0,2,0,4,3,C,4,11,6,0,7,3,10,3,43,67,0,Jordan,LA
JJ Redick,JJ,35,8,2,2,3,0,1,3,G,3,19,15,1,4,0,1,3,75,53,0,Redick,LA
Austin Rivers,Austin,31,4,0,5,1,1,0,1,G,3,10,12,1,2,1,0,1,50,33,20,Rivers,LA
Pablo Prigioni,Pablo,16,0,0,3,2,0,0,0,N/A,2,0,5,1,0,0,0,0,0,0,0,Prigioni,LA
Paul Pierce,Paul,24,2,8,6,5,2,0,1,N/A,4,6,7,1,0,0,8,0,0,29,33,Pierce,LA
Jamal Crawford,Jamal,19,1,0,1,4,0,0,3,N/A,0,2,3,1,0,0,0,0,0,33,0,Crawford,LA
Josh Smith,Josh,11,5,2,1,3,0,1,0,N/A,0,10,9,0,0,0,1,0,0,56,0,Smith,LA
Wesley Johnson,Wesley,9,2,1,1,1,0,1,0,N/A,1,5,3,1,2,1,0,1,50,67,0,Johnson,LA
Luc Mbah a Moute,Luc,0,0,0,0,0,0,0,0,N/A,0,0,0,0,0,0,0,0,0,0,0,Mbah,LA
Cole Aldrich,Cole,N/A,N/A,N/A,N/A,N/A,N/A,N/A,N/A,N/A,N/A,N/A,N/A,N/A,N/A,N/A,N/A,N/A,N/A,N/A,N/A,Aldrich,LA
Chris Paul,Chris,N/A,N/A,N/A,N/A,N/A,N/A,N/A,N/A,N/A,N/A,N/A,N/A,N/A,N/A,N/A,N/A,N/A,N/A,N/A,N/A,Paul,LA
