PLAYER_NAME,FIRST_NAME,MIN,FGM,REB,FG3A,AST,FG3M,OREB,TO,START_POSITION,PF,PTS,FGA,STL,FTA,BLK,DREB,FTM,FT_PCT,FG_PCT,FG3_PCT,SECOND_NAME,TEAM_CITY
Luol Deng,Luol,19,4,2,3,0,1,0,0,F,0,9,7,0,0,2,2,0,0,57,33,Deng,Los Angeles
Julius Randle,Julius,23,4,6,0,4,0,0,3,F,3,9,4,1,2,0,6,1,50,100,0,Randle,Los Angeles
Timofey Mozgov,Timofey,20,1,8,0,1,0,3,2,C,3,4,5,0,2,0,5,2,100,20,0,Mozgov,Los Angeles
Nick Young,Nick,27,3,2,5,1,1,0,0,G,0,9,9,0,2,0,2,2,100,33,20,Young,Los Angeles
Brandon Ingram,Brandon,36,2,1,3,0,0,0,3,G,5,6,12,1,3,0,1,2,67,17,0,Ingram,Los Angeles
Jose Calderon,Jose,18,1,2,2,2,0,0,0,N/A,0,2,4,0,0,0,2,0,0,25,0,Calderon,Los Angeles
Tarik Black,Tarik,10,0,0,0,0,0,0,0,N/A,2,0,2,0,0,0,0,0,0,0,0,Black,Los Angeles
Jordan Clarkson,Jordan,25,5,3,2,0,0,0,2,N/A,0,10,13,0,0,0,3,0,0,39,0,Clarkson,Los Angeles
Ivica Zubac,Ivica,19,1,4,0,1,0,1,1,N/A,1,2,2,0,0,1,3,0,0,50,0,Zubac,Los Angeles
Lou Williams,Lou,20,4,0,6,1,1,0,2,N/A,2,15,11,1,6,0,0,6,100,36,17,Williams,Los Angeles
Larry Nance Jr.,Larry,10,2,1,0,0,0,1,1,N/A,2,4,2,0,0,1,0,0,0,100,0,Nance,Los Angeles
Marcelo Huertas,Marcelo,8,0,2,0,0,0,0,1,N/A,0,1,1,0,2,0,2,1,50,0,0,Huertas,Los Angeles
Thomas Robinson,Thomas,6,1,1,0,1,0,0,2,N/A,2,2,1,0,0,0,1,0,0,100,0,Robinson,Los Angeles
Wesley Matthews,Wesley,14,5,2,5,2,3,1,1,F,0,13,9,1,0,0,1,0,0,56,60,Matthews,Dallas
Harrison Barnes,Harrison,27,3,5,2,2,0,2,1,F,0,6,12,0,0,0,3,0,0,25,0,Barnes,Dallas
Dirk Nowitzki,Dirk,20,5,5,3,1,1,1,1,C,2,13,11,1,2,1,4,2,100,46,33,Nowitzki,Dallas
Seth Curry,Seth,27,6,2,4,3,2,1,1,G,1,14,8,1,0,0,1,0,0,75,50,Curry,Dallas
Deron Williams,Deron,26,6,5,3,8,1,0,0,G,1,13,9,0,0,0,5,0,0,67,33,Williams,Dallas
Salah Mejri,Salah,15,0,5,0,0,0,1,2,N/A,3,2,1,0,2,2,4,2,100,0,0,Mejri,Dallas
Devin Harris,Devin,12,3,2,4,1,2,0,0,N/A,1,10,5,0,2,0,2,2,100,60,50,Harris,Dallas
Dorian Finney-Smith,Dorian,34,1,7,4,0,1,3,1,N/A,1,7,4,1,4,0,4,4,100,25,25,Finney-Smith,Dallas
Pierre Jackson,Pierre,18,4,2,3,5,1,0,0,N/A,1,10,9,1,1,0,2,1,100,44,33,Jackson,Dallas
Dwight Powell,Dwight,19,2,7,2,3,1,3,0,N/A,4,7,4,3,2,1,4,2,100,50,50,Powell,Dallas
Justin Anderson,Justin,16,5,5,6,2,3,1,3,N/A,1,19,11,1,6,0,4,6,100,46,50,Anderson,Dallas
Nicolas Brussino,Nicolas,12,3,2,3,0,2,0,0,N/A,0,8,4,0,0,0,2,0,0,75,67,Brussino,Dallas
J.J. Barea,J.J.,N/A,N/A,N/A,N/A,N/A,N/A,N/A,N/A,N/A,N/A,N/A,N/A,N/A,N/A,N/A,N/A,N/A,N/A,N/A,N/A,Barea,Dallas
