PLAYER_NAME,FIRST_NAME,MIN,FGM,REB,FG3A,AST,FG3M,OREB,TO,START_POSITION,PF,PTS,FGA,STL,FTA,BLK,DREB,FTM,FT_PCT,FG_PCT,FG3_PCT,SECOND_NAME,TEAM_CITY
Paul George,Paul,19,3,1,1,1,0,1,4,F,3,10,8,0,4,0,0,4,100,38,0,George,Indiana
Thaddeus Young,Thaddeus,26,1,5,0,4,0,3,3,F,2,2,2,2,0,0,2,0,0,50,0,Young,Indiana
Myles Turner,Myles,32,8,7,1,1,0,3,0,C,5,18,19,3,2,1,4,2,100,42,0,Turner,Indiana
CJ Miles,CJ,27,3,5,3,0,2,0,0,G,1,8,4,0,0,0,5,0,0,75,67,Miles,Indiana
Jeff Teague,Jeff,32,5,3,3,6,0,0,1,G,3,16,16,1,7,0,3,6,86,31,0,Teague,Indiana
Monta Ellis,Monta,27,3,3,2,5,0,0,2,N/A,2,8,12,0,2,0,3,2,100,25,0,Ellis,Indiana
Lavoy Allen,Lavoy,16,2,6,0,1,0,2,2,N/A,2,4,5,0,0,1,4,0,0,40,0,Allen,Indiana
Rodney Stuckey,Rodney,18,3,1,0,3,0,0,1,N/A,0,12,8,2,7,0,1,6,86,38,0,Stuckey,Indiana
Rakeem Christmas,Rakeem,16,1,7,0,0,0,4,2,N/A,4,4,3,0,2,2,3,2,100,33,0,Christmas,Indiana
Glenn Robinson III,Glenn,24,5,5,2,0,2,0,0,N/A,2,13,8,0,2,0,5,1,50,63,100,Robinson,Indiana
Aaron Brooks,Aaron,1,0,0,0,0,0,0,0,N/A,0,0,0,0,0,0,0,0,0,0,0,Brooks,Indiana
Joe Young,Joe,1,0,0,0,0,0,0,0,N/A,0,0,0,0,0,0,0,0,0,0,0,Young,Indiana
Kevin Seraphin,Kevin,N/A,N/A,N/A,N/A,N/A,N/A,N/A,N/A,N/A,N/A,N/A,N/A,N/A,N/A,N/A,N/A,N/A,N/A,N/A,N/A,Seraphin,Indiana
Rodney McGruder,Rodney,18,2,1,3,0,2,0,0,F,2,6,4,0,0,1,1,0,0,50,67,McGruder,Miami
Luke Babbitt,Luke,15,3,3,5,1,3,1,0,F,1,9,5,1,0,0,2,0,0,60,60,Babbitt,Miami
Hassan Whiteside,Hassan,37,6,17,0,0,0,7,3,C,0,22,12,1,13,1,10,10,77,50,0,Whiteside,Miami
Dion Waiters,Dion,31,8,2,6,3,3,0,6,G,1,22,15,2,3,0,2,3,100,53,50,Waiters,Miami
Goran Dragic,Goran,28,8,2,3,4,1,0,0,G,4,21,12,2,5,0,2,4,80,67,33,Dragic,Miami
Tyler Johnson,Tyler,31,0,1,3,4,0,0,0,N/A,1,5,5,0,6,1,1,5,83,0,0,Johnson,Miami
Wayne Ellington,Wayne,21,2,4,5,0,2,0,2,N/A,0,7,5,0,1,0,4,1,100,40,40,Ellington,Miami
James Johnson,James,29,6,7,5,8,2,1,5,N/A,4,15,14,2,3,2,6,1,33,43,40,Johnson,Miami
Willie Reed,Willie,10,2,1,0,0,0,0,0,N/A,2,4,3,1,0,0,1,0,0,67,0,Reed,Miami
Josh Richardson,Josh,14,1,4,1,1,0,1,0,N/A,4,2,3,0,0,0,3,0,0,33,0,Richardson,Miami
Okaro White,Okaro,5,0,1,0,2,0,1,0,N/A,0,0,0,0,0,0,0,0,0,0,0,White,Miami
Udonis Haslem,Udonis,N/A,N/A,N/A,N/A,N/A,N/A,N/A,N/A,N/A,N/A,N/A,N/A,N/A,N/A,N/A,N/A,N/A,N/A,N/A,N/A,Haslem,Miami
