PLAYER_NAME,TO,FIRST_NAME,MIN,REB,FG3A,AST,FG3M,OREB,FGM,START_POSITION,PF,PTS,FGA,STL,FTA,BLK,DREB,FTM,FT_PCT,FG_PCT,FG3_PCT,SECOND_NAME,TEAM_CITY
Joe Johnson,0,Joe,38,3,4,4,0,0,3,F,2,13,8,0,7,0,3,7,100,38,0,Johnson,Brooklyn
Thaddeus Young,2,Thaddeus,41,10,0,1,0,2,4,F,0,11,13,5,4,0,8,3,75,31,0,Young,Brooklyn
Brook Lopez,2,Brook,37,12,0,3,0,4,10,C,4,28,21,2,11,2,8,8,73,48,0,Lopez,Brooklyn
Wayne Ellington,0,Wayne,31,6,6,0,2,1,5,G,2,12,11,1,0,0,5,0,0,46,33,Ellington,Brooklyn
Donald Sloan,2,Donald,36,2,5,4,2,0,5,G,0,13,11,2,1,0,2,1,100,46,40,Sloan,Brooklyn
Andrea Bargnani,1,Andrea,11,4,0,0,0,1,1,N/A,2,2,4,0,0,0,3,0,0,25,0,Bargnani,Brooklyn
Bojan Bogdanovic,0,Bojan,19,1,3,0,0,0,0,N/A,2,0,4,0,0,0,1,0,0,0,0,Bogdanovic,Brooklyn
Shane Larkin,3,Shane,17,3,2,0,0,1,0,N/A,2,0,5,0,0,0,2,0,0,0,0,Larkin,Brooklyn
Sergey Karasev,0,Sergey,4,1,0,0,0,1,0,N/A,0,0,1,0,0,0,0,0,0,0,0,Karasev,Brooklyn
Thomas Robinson,0,Thomas,4,2,0,1,0,0,0,N/A,0,0,0,0,0,0,2,0,0,0,0,Robinson,Brooklyn
Markel Brown,0,Markel,1,0,0,0,0,0,0,N/A,0,0,0,0,0,0,0,0,0,0,0,Brown,Brooklyn
Willie Reed,N/A,Willie,N/A,N/A,N/A,N/A,N/A,N/A,N/A,N/A,N/A,N/A,N/A,N/A,N/A,N/A,N/A,N/A,N/A,N/A,N/A,Reed,Brooklyn
Chandler Parsons,3,Chandler,34,10,7,3,3,1,8,F,4,19,15,0,0,0,9,0,0,53,43,Parsons,Dallas
Dirk Nowitzki,1,Dirk,29,8,2,0,0,1,6,F,2,12,13,2,0,4,7,0,0,46,0,Nowitzki,Dallas
Zaza Pachulia,3,Zaza,32,12,0,3,0,4,6,C,2,16,10,0,6,0,8,4,67,60,0,Pachulia,Dallas
Wesley Matthews,0,Wesley,34,5,2,3,0,1,1,G,1,2,4,0,0,0,4,0,0,25,0,Matthews,Dallas
Deron Williams,1,Deron,32,2,5,6,1,0,3,G,3,8,14,1,1,0,2,1,100,21,20,Williams,Dallas
Raymond Felton,2,Raymond,25,1,0,3,0,0,4,N/A,0,9,7,1,2,0,1,1,50,57,0,Felton,Dallas
J.J. Barea,1,J.J.,25,3,3,3,3,0,5,N/A,3,13,10,1,2,0,3,0,0,50,100,Barea,Dallas
Charlie Villanueva,0,Charlie,7,2,2,0,1,0,1,N/A,0,3,3,0,0,0,2,0,0,33,50,Villanueva,Dallas
Justin Anderson,1,Justin,11,3,0,1,0,0,1,N/A,0,2,1,1,0,1,3,0,0,100,0,Anderson,Dallas
Salah Mejri,0,Salah,9,3,0,0,0,3,2,N/A,2,7,3,0,4,0,0,3,75,67,0,Mejri,Dallas
Dwight Powell,0,Dwight,1,0,0,0,0,0,0,N/A,0,0,0,0,0,0,0,0,0,0,0,Powell,Dallas
Jeremy Evans,N/A,Jeremy,N/A,N/A,N/A,N/A,N/A,N/A,N/A,N/A,N/A,N/A,N/A,N/A,N/A,N/A,N/A,N/A,N/A,N/A,N/A,Evans,Dallas
JaVale McGee,N/A,JaVale,N/A,N/A,N/A,N/A,N/A,N/A,N/A,N/A,N/A,N/A,N/A,N/A,N/A,N/A,N/A,N/A,N/A,N/A,N/A,McGee,Dallas
